source_ref,book_page,assembly,index,part_no,description,remark,qty,see_page,flags
SANY p17 L1,1-3,BCB100000316 SYG5371THB 470C-10 Truck-mounted Concrete Pump Main Body,1,BCB005300921,Boom GP,,1,2-2,
SANY p17 L2,1-3,BCB100000316 SYG5371THB 470C-10 Truck-mounted Concrete Pump Main Body,2,BCB006366894,Revolving Tower GP,,1,3-2,
SANY p17 L3,1-3,BCB100000316 SYG5371THB 470C-10 Truck-mounted Concrete Pump Main Body,3,BCB006330742,Pumping System,,1,4-2,
SANY p17 L4,1-3,BCB100000316 SYG5371THB 470C-10 Truck-mounted Concrete Pump Main Body,4,BCB007023417,Base Structure GP,,1,5-2,
SANY p17 L5,1-3,BCB100000316 SYG5371THB 470C-10 Truck-mounted Concrete Pump Main Body,5,BCB007019461,Chassis GP,,1,6-2,
SANY p19 L1,1-5,BCB100000316 SYG5371THB 470C-10 Truck-mounted Concrete Pump Main Body,6,BCB006456592,Hydraulic System,,1,7-2,
SANY p19 L2,1-5,BCB100000316 SYG5371THB 470C-10 Truck-mounted Concrete Pump Main Body,7,BCB006401039,Electrical System,,1,8-2,
SANY p21 L1,1-7,BCB100000316 SYG5371THB 470C-10 Truck-mounted Concrete Pump Main Body,8,BCB006585989,Concrete Conveyor Piping,,1,9-2,
SANY p25 L1,2-3,BCB005300921 Boom GP,1,BCB005295851,Arm 1,Sany red,1,2-16,
SANY p25 L2,2-3,BCB005300921 Boom GP,2,A210111000220,Bolt,,7,,
SANY p25 L3,2-3,BCB005300921 Boom GP,3,A210405000008,Washer,,7,,
SANY p25 L4,2-3,BCB005300921 Boom GP,4,A820606020232,Plug,,44,,
SANY p25 L5,2-3,BCB005300921 Boom GP,5,11681849,Shaft (3),,1,,
SANY p25 L6,2-3,BCB005300921 Boom GP,6,A210804000001,Oil Cup,,29,,
SANY p25 L7,2-3,BCB005300921 Boom GP,7,23002289,Screw,,12,,
SANY p25 L8,2-3,BCB005300921 Boom GP,8,A210405000007,Washer,,40,,
SANY p25 L9,2-3,BCB005300921 Boom GP,9,12276778,buffer pad,,3,,
SANY p25 L10,2-3,BCB005300921 Boom GP,10,11670514,Buffer Pad,,2,,
SANY p25 L11,2-3,BCB005300921 Boom GP,11,14462752,Arm 1 Cylinder,Black,1,2-18,
SANY p25 L12,2-3,BCB005300921 Boom GP,12,11681898,Boom Shaft,,1,,
SANY p25 L13,2-3,BCB005300921 Boom GP,13,12186292,Bearing,,2,,
SANY p25 L14,2-3,BCB005300921 Boom GP,14,A210204000354,Screw,,4,,
SANY p25 L15,2-3,BCB005300921 Boom GP,15,A820301990015,Stop Block,,3,,
SANY p25 L16,2-3,BCB005300921 Boom GP,16,A820204000571,Nut,,1,,
SANY p25 L17,2-3,BCB005300921 Boom GP,17,A210204000364,Screw,,1,,
SANY p27 L1,2-5,BCB005300921 Boom GP,1,BCB005295851,Arm 1,Sany red,1,2-16,
SANY p27 L2,2-5,BCB005300921 Boom GP,2,A210111000220,Bolt,,7,,
SANY p27 L3,2-5,BCB005300921 Boom GP,3,A210405000008,Washer,,7,,
SANY p27 L4,2-5,BCB005300921 Boom GP,4,A820606020232,Plug,,44,,
SANY p27 L5,2-5,BCB005300921 Boom GP,6,A210804000001,Oil Cup,,29,,
SANY p27 L6,2-5,BCB005300921 Boom GP,7,23002289,Screw,,12,,
SANY p27 L7,2-5,BCB005300921 Boom GP,8,A210405000007,Washer,,40,,
SANY p27 L8,2-5,BCB005300921 Boom GP,9,12276778,buffer pad,,3,,
SANY p27 L9,2-5,BCB005300921 Boom GP,18,24000363,Bolt,,4,,
SANY p27 L10,2-5,BCB005300921 Boom GP,19,A210405000009,Washer,,4,,
SANY p27 L11,2-5,BCB005300921 Boom GP,20,BCB005298043,Arm 2,Sany red,1,,
SANY p27 L12,2-5,BCB005300921 Boom GP,21,10886217,Shaft (6),,1,,
SANY p27 L13,2-5,BCB005300921 Boom GP,22,A820208000441,Bearing,,2,,
SANY p27 L14,2-5,BCB005300921 Boom GP,23,13045941,Shaft (5),,2,2-20,
SANY p27 L15,2-5,BCB005300921 Boom GP,32,12825346,Connection Rod (2),,1,2-22,
SANY p27 L16,2-5,BCB005300921 Boom GP,33,11681866,Shaft (6),,1,,
SANY p27 L17,2-5,BCB005300921 Boom GP,34,BCB004772105,Boom Lamp Seat,Sany red,1,,
SANY p27 L18,2-5,BCB005300921 Boom GP,34,BCB004772105GC,boom lamp seat,Yellow green,,,VARIANT_OF_ROW_ABOVE
SANY p27 L19,2-5,BCB005300921 Boom GP,34,BCB004772105WD,boom lamp seat,Pure white,,,VARIANT_OF_ROW_ABOVE
SANY p27 L20,2-5,BCB005300921 Boom GP,35,11681864,Shaft (4),,1,,
SANY p27 L21,2-5,BCB005300921 Boom GP,36,12825345,Connection Rod (1),,1,2-24,
SANY p27 L22,2-5,BCB005300921 Boom GP,37,11681868,Shaft (7),,2,,
SANY p27 L23,2-5,BCB005300921 Boom GP,38,14462731,Arm 2 Cylinder,Black,1,2-26,
SANY p29 L1,2-7,BCB005300921 Boom GP,2,A210111000220,Bolt,,7,,
SANY p29 L2,2-7,BCB005300921 Boom GP,3,A210405000008,Washer,,7,,
SANY p29 L3,2-7,BCB005300921 Boom GP,4,A820606020232,Plug,,44,,
SANY p29 L4,2-7,BCB005300921 Boom GP,6,A210804000001,Oil Cup,,29,,
SANY p29 L5,2-7,BCB005300921 Boom GP,8,A210405000007,Washer,,40,,
SANY p29 L6,2-7,BCB005300921 Boom GP,20,BCB005298043,Arm 2,Sany red,1,,
SANY p29 L7,2-7,BCB005300921 Boom GP,39,11681869,Shaft (8),,1,,
SANY p29 L8,2-7,BCB005300921 Boom GP,40,A210405000003,Washer,,19,,
SANY p29 L9,2-7,BCB005300921 Boom GP,41,A210111000212,Bolt,,16,,
SANY p29 L10,2-7,BCB005300921 Boom GP,42,13045942,Shaft (9),,2,2-28,
SANY p29 L11,2-7,BCB005300921 Boom GP,43,A820208000442,Bearing,,2,,
SANY p29 L12,2-7,BCB005300921 Boom GP,44,10900997,Shaft (10),,1,,
SANY p29 L13,2-7,BCB005300921 Boom GP,45,12554348,Arm 3 Cylinder,Black,1,2-30,
SANY p29 L14,2-7,BCB005300921 Boom GP,46,12825347,Connection Rod (3),,1,2-32,
SANY p29 L15,2-7,BCB005300921 Boom GP,47,13045943,Shaft (10),,1,2-34,
SANY p29 L16,2-7,BCB005300921 Boom GP,48,11681863,Shaft (20),,1,,
SANY p29 L17,2-7,BCB005300921 Boom GP,49,11681828,Shaft (11),,2,,
SANY p29 L18,2-7,BCB005300921 Boom GP,50,12825348,Connection Rod (4),,1,2-36,
SANY p29 L19,2-7,BCB005300921 Boom GP,51,13490816,Arm 3,Sany red,1,,
SANY p29 L20,2-7,BCB005300921 Boom GP,52,A210319000004,Nut,,12,,
SANY p29 L21,2-7,BCB005300921 Boom GP,53,12742061,Buffer Pad,,7,,
SANY p29 L22,2-7,BCB005300921 Boom GP,54,23002290,Screw,,12,,
SANY p31 L1,2-9,BCB005300921 Boom GP,4,A820606020232,Plug,,44,,
SANY p31 L2,2-9,BCB005300921 Boom GP,6,A210804000001,Oil Cup,,29,,
SANY p31 L3,2-9,BCB005300921 Boom GP,8,A210405000007,Washer,,40,,
SANY p31 L4,2-9,BCB005300921 Boom GP,40,A210405000003,Washer,,19,,
SANY p31 L5,2-9,BCB005300921 Boom GP,41,A210111000212,Bolt,,16,,
SANY p31 L6,2-9,BCB005300921 Boom GP,49,11681828,Shaft (11),,2,,
SANY p31 L7,2-9,BCB005300921 Boom GP,51,13490816,Arm 3,Sany red,1,,
SANY p31 L8,2-9,BCB005300921 Boom GP,53,12742061,Buffer Pad,,7,,
SANY p31 L9,2-9,BCB005300921 Boom GP,55,12825342,Connection Rod (6),,1,2-38,
SANY p31 L10,2-9,BCB005300921 Boom GP,56,10880413,Shaft (13),,1,,
SANY p31 L11,2-9,BCB005300921 Boom GP,57,11681844,Shaft (14),,2,,
SANY p31 L12,2-9,BCB005300921 Boom GP,58,12825341,Connection Rod (5),,1,2-40,
SANY p31 L13,2-9,BCB005300921 Boom GP,59,A820208000443,Bearing,,2,,
SANY p31 L14,2-9,BCB005300921 Boom GP,60,13045944,Shaft (1),,2,2-42,
SANY p31 L15,2-9,BCB005300921 Boom GP,61,BCB005299809,Arm 4,Sany red,1,,
SANY p31 L16,2-9,BCB005300921 Boom GP,62,12554352,Arm 4 Cylinder,Black,1,2-44,
SANY p31 L17,2-9,BCB005300921 Boom GP,63,60216587,Screw,,16,,
SANY p31 L18,2-9,BCB005300921 Boom GP,64,A210204000337,Screw,,12,,
SANY p31 L19,2-9,BCB005300921 Boom GP,65,A210405000001,Washer,,14,,
SANY p31 L20,2-9,BCB005300921 Boom GP,66,11670871,Buffer Support,,1,,
SANY p31 L21,2-9,BCB005300921 Boom GP,67,11681829,Shaft (12),,1,,
SANY p33 L1,2-11,BCB005300921 Boom GP,4,A820606020232,Plug,,44,,
SANY p33 L2,2-11,BCB005300921 Boom GP,61,BCB005299809,Arm 4,Sany red,1,,
SANY p33 L3,2-11,BCB005300921 Boom GP,64,A210204000337,Screw,,12,,
SANY p33 L4,2-11,BCB005300921 Boom GP,65,A210405000001,Washer,,14,,
SANY p33 L5,2-11,BCB005300921 Boom GP,68,13309695,Mount,Sany red,4,,
SANY p33 L6,2-11,BCB005300921 Boom GP,69,A210404000005,Washer,,24,,
SANY p33 L7,2-11,BCB005300921 Boom GP,70,A210401000017,Washer,,24,,
SANY p33 L8,2-11,BCB005300921 Boom GP,71,A210111000088,Bolt,,24,,
SANY p33 L9,2-11,BCB005300921 Boom GP,72,11696026,Hose Support,Sany red,1,,
SANY p33 L10,2-11,BCB005300921 Boom GP,72,11696026GC,Hose support,Yellow green,,,VARIANT_OF_ROW_ABOVE
SANY p33 L11,2-11,BCB005300921 Boom GP,72,11696026WD,Hose support,Pure white,,,VARIANT_OF_ROW_ABOVE
SANY p33 L12,2-11,BCB005300921 Boom GP,72,11696026HA,Hose support,Iron grey,,,VARIANT_OF_ROW_ABOVE
SANY p33 L13,2-11,BCB005300921 Boom GP,72,11696026GD,Hose support,Pure green,,,VARIANT_OF_ROW_ABOVE
SANY p33 L14,2-11,BCB005300921 Boom GP,73,11156002,buffer pad,,1,,
SANY p33 L15,2-11,BCB005300921 Boom GP,74,A210405000011,Washer,,2,,
SANY p33 L16,2-11,BCB005300921 Boom GP,75,60206324,Screw,,2,,
SANY p33 L17,2-11,BCB005300921 Boom GP,76,12962535,Support AS,Sany red,1,,
SANY p33 L18,2-11,BCB005300921 Boom GP,76,12962535HA,Support AS,Iron grey,,,VARIANT_OF_ROW_ABOVE
SANY p33 L19,2-11,BCB005300921 Boom GP,76,12962535GD,Support AS,Pure green,,,VARIANT_OF_ROW_ABOVE
SANY p33 L20,2-11,BCB005300921 Boom GP,76,12962535WD,Support AS,Pure white,,,VARIANT_OF_ROW_ABOVE
SANY p33 L21,2-11,BCB005300921 Boom GP,76,12962535GC,Support AS,Yellow green,,,VARIANT_OF_ROW_ABOVE
SANY p33 L22,2-11,BCB005300921 Boom GP,77,11699880,Spacer,,2,,
SANY p35 L1,2-13,BCB005300921 Boom GP,6,A210804000001,Oil Cup,,29,,
SANY p35 L2,2-13,BCB005300921 Boom GP,8,A210405000007,Washer,,40,,
SANY p35 L3,2-13,BCB005300921 Boom GP,40,A210405000003,Washer,,19,,
SANY p35 L4,2-13,BCB005300921 Boom GP,41,A210111000212,Bolt,,16,,
SANY p35 L5,2-13,BCB005300921 Boom GP,53,12742061,Buffer Pad,,7,,
SANY p35 L6,2-13,BCB005300921 Boom GP,61,BCB005299809,Arm 4,Sany red,1,,
SANY p35 L7,2-13,BCB005300921 Boom GP,63,60216587,Screw,,16,,
SANY p35 L8,2-13,BCB005300921 Boom GP,65,A210405000001,Washer,,14,,
SANY p35 L9,2-13,BCB005300921 Boom GP,78,A820208000148,Bearing,,2,,
SANY p35 L10,2-13,BCB005300921 Boom GP,79,12961435,Shaft (17),,2,,
SANY p35 L11,2-13,BCB005300921 Boom GP,80,11998827,Shaft (2),,1,,
SANY p35 L12,2-13,BCB005300921 Boom GP,81,11998830,Shaft (5),,1,,
SANY p35 L13,2-13,BCB005300921 Boom GP,82,12825343,Connection Rod (7),,1,2-46,
SANY p35 L14,2-13,BCB005300921 Boom GP,83,A820101063491,Limit Plate,Sany red,1,,
SANY p35 L15,2-13,BCB005300921 Boom GP,83,A820101063491WD,Limit Plate,Pure white,,,VARIANT_OF_ROW_ABOVE
SANY p35 L16,2-13,BCB005300921 Boom GP,83,A820101063491HA,Limit Plate,Iron grey,,,VARIANT_OF_ROW_ABOVE
SANY p35 L17,2-13,BCB005300921 Boom GP,83,A820101063491GD,Limit Plate,Pure green,,,VARIANT_OF_ROW_ABOVE
SANY p35 L18,2-13,BCB005300921 Boom GP,83,A820101063491GC,Limit Plate,Yellow green,,,VARIANT_OF_ROW_ABOVE
SANY p35 L19,2-13,BCB005300921 Boom GP,84,A210204000491,Screw,,4,,
SANY p35 L20,2-13,BCB005300921 Boom GP,85,12880758,Connection Rod (8),,1,2-48,
SANY p35 L21,2-13,BCB005300921 Boom GP,86,A210204000167,Screw,,2,,
SANY p35 L22,2-13,BCB005300921 Boom GP,87,A820101213628,Limit Plate,Sany red,1,,
SANY p35 L23,2-13,BCB005300921 Boom GP,88,12554354,Arm 5 Cylinder,Black,1,2-50,
SANY p35 L24,2-13,BCB005300921 Boom GP,89,11681845,Shaft (15),,1,,
SANY p35 L25,2-13,BCB005300921 Boom GP,90,BCB005299448,Arm 5,Sany red,1,,
SANY p35 L26,2-13,BCB005300921 Boom GP,91,11998829,Shaft (4),,1,,
SANY p35 L27,2-13,BCB005300921 Boom GP,92,11998828,Shaft (3),,1,,
SANY p37 L1,2-15,BCB005300921 Boom GP,4,A820606020232,Plug,,44,,
SANY p37 L2,2-15,BCB005300921 Boom GP,40,A210405000003,Washer,,19,,
SANY p37 L3,2-15,BCB005300921 Boom GP,90,BCB005299448,Arm 5,Sany red,1,,
SANY p37 L4,2-15,BCB005300921 Boom GP,93,A210314000004,Nut,,3,,
SANY p37 L5,2-15,BCB005300921 Boom GP,94,A210111000053,Bolt,,3,,
SANY p37 L6,2-15,BCB005300921 Boom GP,95,11665464,Support Seat,Sany red,1,,
SANY p39 L1,2-17,BCB005295851 Arm 1,1,10709793,Connection Seat,,1,,
SANY p39 L2,2-17,BCB005295851 Arm 1,2,A210111000204,Bolt,,4,,
SANY p39 L3,2-17,BCB005295851 Arm 1,3,A210314000010,Nut,,4,,
SANY p41 L1,2-19,14462752 Arm 1 Cylinder,1,14462746,Cylinder Bore GP,,1,,
SANY p41 L2,2-19,14462752 Arm 1 Cylinder,2,14462751,Piston Rod GP,,1,,
SANY p41 L3,2-19,14462752 Arm 1 Cylinder,3,13602984,Piston,,1,,
SANY p41 L4,2-19,14462752 Arm 1 Cylinder,4,14462744,Guide Bush,,1,,
SANY p41 L5,2-19,14462752 Arm 1 Cylinder,5,B230101001953,UP Guide Ring,,2,,
SANY p41 L6,2-19,14462752 Arm 1 Cylinder,6,B230101002115,UNP Seal Ring,,1,,
SANY p41 L7,2-19,14462752 Arm 1 Cylinder,7,B230101000255,OK Seal Ring,,1,,
SANY p41 L8,2-19,14462752 Arm 1 Cylinder,8,A210608000319,O-RING,,2,,
SANY p41 L9,2-19,14462752 Arm 1 Cylinder,9,13599581,Seal Ring,,1,,
SANY p41 L10,2-19,14462752 Arm 1 Cylinder,10,B230101000355,A1 Dust Ring,,1,,
SANY p41 L11,2-19,14462752 Arm 1 Cylinder,11,60124162,K08-D Seal Ring,,1,,
SANY p41 L12,2-19,14462752 Arm 1 Cylinder,12,11098196,Retainer Ring,,1,,
SANY p41 L13,2-19,14462752 Arm 1 Cylinder,13,A210609000149,O-RING,,1,,
SANY p41 L14,2-19,14462752 Arm 1 Cylinder,14,12298496,Retainer Ring,,1,,
SANY p41 L15,2-19,14462752 Arm 1 Cylinder,15,A880801010085,Screw,,1,,
SANY p41 L16,2-19,14462752 Arm 1 Cylinder,16,A210414000016,Retainer Ring,,1,,
SANY p41 L17,2-19,14462752 Arm 1 Cylinder,17,B230101002136,ZBR Seal Ring,,1,,
SANY p41 L18,2-19,14462752 Arm 1 Cylinder,18,13897641,Retainer Ring,,1,,
SANY p41 L19,2-19,14462752 Arm 1 Cylinder,19,11528366,Oil-free Bearing,,1,,
SANY p41 L20,2-19,14462752 Arm 1 Cylinder,20,14287336,Screwed Cover,,1,,
SANY p41 L21,2-19,14462752 Arm 1 Cylinder,21,A230101000324,O-ring,,1,,
SANY p41 L22,2-19,14462752 Arm 1 Cylinder,22,24000540,O-ring,,1,,
SANY p41 L23,2-19,14462752 Arm 1 Cylinder,23,24004294,Screw,,2,,
SANY p41 L24,2-19,14462752 Arm 1 Cylinder,24,A210434000011,Washer,,2,,
SANY p41 L25,2-19,14462752 Arm 1 Cylinder,25,12355725,Screw Plug,,2,,
SANY p41 L26,2-19,14462752 Arm 1 Cylinder,26,13927793,Bushing,,2,,
SANY p41 L27,2-19,14462752 Arm 1 Cylinder,27,A210208000001,Screw,,6,,
SANY p41 L28,2-19,14462752 Arm 1 Cylinder,28,13927483,Bushing,,2,,
SANY p41 L29,2-19,14462752 Arm 1 Cylinder,29,11677873,Positioning Sleeve,,2,,
SANY p41 L30,2-19,14462752 Arm 1 Cylinder,30,A210804000001,Oil Cup,,2,,
SANY p43 L1,2-21,13045941 Shaft (5),1,A210341000006,Screw Plug,,1,,
SANY p43 L2,2-21,13045941 Shaft (5),2,12961442,Shaft (5),,1,,
SANY p45 L1,2-23,12825346 Connection Rod (2),1,11667706,Connection Rod (2) Main Body,Sany red,1,,
SANY p45 L2,2-23,12825346 Connection Rod (2),2,10515522,Bearing,,2,,
SANY p45 L3,2-23,12825346 Connection Rod (2),3,A820208000102,Bearing,,2,,
SANY p47 L1,2-25,12825345 Connection Rod (1),1,A820208000447,Bearing,,2,,
SANY p47 L2,2-25,12825345 Connection Rod (1),2,11667700,Connection Rod (1) Main Body,Sany red,1,,
SANY p49 L1,2-27,14462731 Arm 2 Cylinder,1,14462733,Cylinder Bore GP,,1,,
SANY p49 L2,2-27,14462731 Arm 2 Cylinder,2,14462739,Piston Rod GP,,1,,
SANY p49 L3,2-27,14462731 Arm 2 Cylinder,3,12555384,Piston,,1,,
SANY p49 L4,2-27,14462731 Arm 2 Cylinder,4,SYG005067628,Guide Bush,,1,,
SANY p49 L5,2-27,14462731 Arm 2 Cylinder,5,B230101001953,UP Guide Ring,,2,,
SANY p49 L6,2-27,14462731 Arm 2 Cylinder,6,B230101002115,UNP Seal Ring,,1,,
SANY p49 L7,2-27,14462731 Arm 2 Cylinder,7,B230101000255,OK Seal Ring,,1,,
SANY p49 L8,2-27,14462731 Arm 2 Cylinder,8,A210608000319,O-RING,,2,,
SANY p49 L9,2-27,14462731 Arm 2 Cylinder,9,13599581,Seal Ring,,1,,
SANY p49 L10,2-27,14462731 Arm 2 Cylinder,10,B230101000355,A1 Dust Ring,,1,,
SANY p49 L11,2-27,14462731 Arm 2 Cylinder,11,60124162,K08-D Seal Ring,,1,,
SANY p49 L12,2-27,14462731 Arm 2 Cylinder,12,11098196,Retainer Ring,,1,,
SANY p49 L13,2-27,14462731 Arm 2 Cylinder,13,A210609000149,O-RING,,1,,
SANY p49 L14,2-27,14462731 Arm 2 Cylinder,14,12298496,Retainer Ring,,1,,
SANY p49 L15,2-27,14462731 Arm 2 Cylinder,15,A880801010085,Screw,,1,,
SANY p49 L16,2-27,14462731 Arm 2 Cylinder,16,A210414000016,Retainer Ring,,1,,
SANY p49 L17,2-27,14462731 Arm 2 Cylinder,17,B230101002136,ZBR Seal Ring,,1,,
SANY p49 L18,2-27,14462731 Arm 2 Cylinder,18,13897641,Retainer Ring,,1,,
SANY p49 L19,2-27,14462731 Arm 2 Cylinder,19,11528366,Oil-free Bearing,,1,,
SANY p49 L20,2-27,14462731 Arm 2 Cylinder,20,14287336,Screwed Cover,,1,,
SANY p49 L21,2-27,14462731 Arm 2 Cylinder,21,A230101000324,O-ring,,1,,
SANY p49 L22,2-27,14462731 Arm 2 Cylinder,22,24000540,O-ring,,1,,
SANY p49 L23,2-27,14462731 Arm 2 Cylinder,23,24004294,Screw,,1,,
SANY p49 L24,2-27,14462731 Arm 2 Cylinder,24,A210434000011,Washer,,2,,
SANY p49 L25,2-27,14462731 Arm 2 Cylinder,25,12355725,Screw Plug,,2,,
SANY p49 L26,2-27,14462731 Arm 2 Cylinder,26,10448241,Bearing,,2,,
SANY p49 L27,2-27,14462731 Arm 2 Cylinder,27,A210208000001,Screw,,6,,
SANY p49 L28,2-27,14462731 Arm 2 Cylinder,28,A820208000102,Bearing,,2,,
SANY p51 L1,2-29,13045942 Shaft (9),1,12961447,Shaft (9),,1,,
SANY p51 L2,2-29,13045942 Shaft (9),2,A210341000006,Screw Plug,,1,,
SANY p53 L1,2-31,12554348 Arm 3 Cylinder,1,SYG005150390,Cylinder Bore GP,,1,,
SANY p53 L2,2-31,12554348 Arm 3 Cylinder,2,SYG004707529,Piston Rod GP,,1,,
SANY p53 L3,2-31,12554348 Arm 3 Cylinder,3,12455126,Piston,,1,,
SANY p53 L4,2-31,12554348 Arm 3 Cylinder,4,B230101000021,OK Seal Ring,,1,,
SANY p53 L5,2-31,12554348 Arm 3 Cylinder,5,B230101002113,UNP Seal Ring,,1,,
SANY p53 L6,2-31,12554348 Arm 3 Cylinder,6,14289732,Screwed Cover,,1,,
SANY p53 L7,2-31,12554348 Arm 3 Cylinder,7,SYG005144563,Guide Bush,,1,,
SANY p53 L8,2-31,12554348 Arm 3 Cylinder,8,A210609000028,O-ring,,1,,
SANY p53 L9,2-31,12554348 Arm 3 Cylinder,9,11169029,Retainer Ring,,1,,
SANY p53 L10,2-31,12554348 Arm 3 Cylinder,10,A210208000008,Screw,,2,,
SANY p53 L11,2-31,12554348 Arm 3 Cylinder,11,A210414000014,Retainer Ring,,1,,
SANY p53 L12,2-31,12554348 Arm 3 Cylinder,12,23002813,O-ring,,2,,
SANY p53 L13,2-31,12554348 Arm 3 Cylinder,13,13599577,GSJ Seal Ring,,1,,
SANY p53 L14,2-31,12554348 Arm 3 Cylinder,14,12298494,Retainer Ring,,1,,
SANY p53 L15,2-31,12554348 Arm 3 Cylinder,15,A880808070061,AY Dust Ring,,1,,
SANY p53 L16,2-31,12554348 Arm 3 Cylinder,16,A820208000400,Bushing,,2,,
SANY p53 L17,2-31,12554348 Arm 3 Cylinder,17,A820208000448,Bearing,,1,,
SANY p53 L18,2-31,12554348 Arm 3 Cylinder,18,60124160,K08-D Seal Ring,,1,,
SANY p53 L19,2-31,12554348 Arm 3 Cylinder,19,B230101002134,ZBR Seal Ring,,1,,
SANY p53 L20,2-31,12554348 Arm 3 Cylinder,20,B230101001639,UP Guide Ring,,2,,
SANY p53 L21,2-31,12554348 Arm 3 Cylinder,21,60006086,Oil-free Bearing,,1,,
SANY p53 L22,2-31,12554348 Arm 3 Cylinder,22,13897644,Retainer Ring,,1,,
SANY p53 L23,2-31,12554348 Arm 3 Cylinder,23,12800246,Cushion Plate,,2,,
SANY p53 L24,2-31,12554348 Arm 3 Cylinder,24,12800247,Plate,,2,,
SANY p53 L25,2-31,12554348 Arm 3 Cylinder,25,A880801040005,Screw Plug,,2,,
SANY p53 L26,2-31,12554348 Arm 3 Cylinder,26,A210111000079,Bolt,,2,,
SANY p53 L27,2-31,12554348 Arm 3 Cylinder,27,A230101000324,O-ring,,1,,
SANY p53 L28,2-31,12554348 Arm 3 Cylinder,28,A210609000302,O-ring,,1,,
SANY p53 L29,2-31,12554348 Arm 3 Cylinder,29,A210208000001,Screw,,6,,
SANY p53 L30,2-31,12554348 Arm 3 Cylinder,30,24004294,Screw,,1,,
SANY p55 L1,2-33,12825347 Connection Rod (3),1,10351506,Bearing,,2,,
SANY p55 L2,2-33,12825347 Connection Rod (3),2,11667893,Connection Rod (3) Main Body,Sany red,1,,
SANY p57 L1,2-35,13045943 Shaft (10),1,12961431,Shaft (10),,1,,
SANY p57 L2,2-35,13045943 Shaft (10),2,A210341000006,Screw Plug,,1,,
SANY p59 L1,2-37,12825348 Connection Rod (4),1,10351508,Bearing,,2,,
SANY p59 L2,2-37,12825348 Connection Rod (4),2,11667899,Connection Rod (4) Main Body,Sany red,1,,
SANY p59 L3,2-37,12825348 Connection Rod (4),3,A820208000445,Bearing,,2,,
SANY p61 L1,2-39,12825342 Connection Rod (6),1,11669894,Connection Rod (6) Main Body,Sany red,1,,
SANY p61 L2,2-39,12825342 Connection Rod (6),2,A820202001831,Bearing,,4,,
SANY p63 L1,2-41,12825341 Connection Rod (5),1,A820208000145,Bearing,,2,,
SANY p63 L2,2-41,12825341 Connection Rod (5),2,11670310,Connection Rod (5) Main Body,Sany red,1,,
SANY p65 L1,2-43,13045944 Shaft (1),1,12961422,Shaft (1),,1,,
SANY p65 L2,2-43,13045944 Shaft (1),2,A210341000006,Screw Plug,,1,,
SANY p67 L1,2-45,12554352 Arm 4 Cylinder,1,12556718,Cylinder Bore,,1,,
SANY p67 L2,2-45,12554352 Arm 4 Cylinder,2,11677388,Cylinder Bottom,,1,,
SANY p67 L3,2-45,12554352 Arm 4 Cylinder,3,11132803,Mounting Plate,,1,,
SANY p67 L4,2-45,12554352 Arm 4 Cylinder,4,11132804,Mounting Plate,,1,,
SANY p67 L5,2-45,12554352 Arm 4 Cylinder,5,11677581,Piston Rod GP,,1,,
SANY p67 L6,2-45,12554352 Arm 4 Cylinder,6,A820208000059,Clipping Key,,1,,
SANY p67 L7,2-45,12554352 Arm 4 Cylinder,7,14165516,Guide Bush,,1,,
SANY p67 L8,2-45,12554352 Arm 4 Cylinder,8,11521750,Gasket,,1,,
SANY p67 L9,2-45,12554352 Arm 4 Cylinder,9,11521755,Retainer Ring,,1,,
SANY p67 L10,2-45,12554352 Arm 4 Cylinder,10,10312285,Piston,,1,,
SANY p67 L11,2-45,12554352 Arm 4 Cylinder,11,A210414000010,Retainer Ring,,1,,
SANY p67 L12,2-45,12554352 Arm 4 Cylinder,12,A210208000001,Screw,,2,,
SANY p67 L13,2-45,12554352 Arm 4 Cylinder,13,B230101001322,UP Guide Ring,,2,,
SANY p67 L14,2-45,12554352 Arm 4 Cylinder,14,60124156,K08-D Seal Ring,,1,,
SANY p67 L15,2-45,12554352 Arm 4 Cylinder,15,13599575,GSJ Seal Ring,,1,,
SANY p67 L16,2-45,12554352 Arm 4 Cylinder,16,12298493,Retainer Ring,,1,,
SANY p67 L17,2-45,12554352 Arm 4 Cylinder,17,10250753,Retainer Ring,,2,,
SANY p67 L18,2-45,12554352 Arm 4 Cylinder,18,60169931,O-ring,,1,,
SANY p67 L19,2-45,12554352 Arm 4 Cylinder,19,A210609000216,O-ring,,1,,
SANY p67 L20,2-45,12554352 Arm 4 Cylinder,20,60001603,PW Dust Ring,,1,,
SANY p67 L21,2-45,12554352 Arm 4 Cylinder,21,B230101000034,Seal Ring,,1,,
SANY p67 L22,2-45,12554352 Arm 4 Cylinder,22,A210609000273,O-ring,,2,,
SANY p67 L23,2-45,12554352 Arm 4 Cylinder,23,A820208000402,Bushing,,2,,
SANY p67 L24,2-45,12554352 Arm 4 Cylinder,24,A820208000381,Bearing,,2,,
SANY p67 L25,2-45,12554352 Arm 4 Cylinder,25,B230101002108,MPS Seal Ring,,1,,
SANY p67 L26,2-45,12554352 Arm 4 Cylinder,26,A210208000020,Screw,,2,,
SANY p67 L27,2-45,12554352 Arm 4 Cylinder,27,A880806030155,ZBR Seal Ring,,1,,
SANY p67 L28,2-45,12554352 Arm 4 Cylinder,28,60226266,Oil-free Bearing,,1,,
SANY p67 L29,2-45,12554352 Arm 4 Cylinder,29,A210417000108,Retainer Ring,,1,,
SANY p67 L30,2-45,12554352 Arm 4 Cylinder,30,A210401000016,Washer,,8,,
SANY p67 L31,2-45,12554352 Arm 4 Cylinder,31,A210204000134,Screw,,8,,
SANY p67 L32,2-45,12554352 Arm 4 Cylinder,32,SYG005078245,Cushion Plate,,2,,
SANY p67 L33,2-45,12554352 Arm 4 Cylinder,33,12800247,Plate,,2,,
SANY p67 L34,2-45,12554352 Arm 4 Cylinder,34,A210111000079,Bolt,,2,,
SANY p67 L35,2-45,12554352 Arm 4 Cylinder,35,A210434000010,Washer,,2,,
SANY p67 L36,2-45,12554352 Arm 4 Cylinder,36,A880801040005,Screw Plug,,2,,
SANY p69 L1,2-47,12825343 Connection Rod (7),1,11983436,Connection Rod (7) Main Body,Sany red,1,,
SANY p69 L2,2-47,12825343 Connection Rod (7),2,10207644,Bearing,,2,,
SANY p71 L1,2-49,12880758 Connection Rod (8),1,12862995,Connection Rod (8) Main Body,Sany red,1,,
SANY p71 L2,2-49,12880758 Connection Rod (8),2,12274309,"Bearing, Oil Storage",,1,,
SANY p71 L3,2-49,12880758 Connection Rod (8),3,12789560,Rigid Bearing (4),,1,,
SANY p71 L4,2-49,12880758 Connection Rod (8),4,A820208000385,Bearing,,2,,
SANY p73 L1,2-51,12554354 Arm 5 Cylinder,1,13677667,Piston Rod,,1,,
SANY p73 L2,2-51,12554354 Arm 5 Cylinder,2,A210204000152,Screw,,2,,
SANY p73 L3,2-51,12554354 Arm 5 Cylinder,3,A210401000015,Washer,,10,,
SANY p73 L4,2-51,12554354 Arm 5 Cylinder,4,A210204000118,Screw,,8,,
SANY p73 L5,2-51,12554354 Arm 5 Cylinder,5,12054013,Retainer Ring,,1,,
SANY p73 L6,2-51,12554354 Arm 5 Cylinder,6,A210417000105,Retainer Ring,,1,,
SANY p73 L7,2-51,12554354 Arm 5 Cylinder,7,60053983,MCS Dust Ring,,1,,
SANY p73 L8,2-51,12554354 Arm 5 Cylinder,8,A210609000275,O-ring,,2,,
SANY p73 L9,2-51,12554354 Arm 5 Cylinder,9,11984137,Gasket,,1,,
SANY p73 L10,2-51,12554354 Arm 5 Cylinder,10,A820208000028,Clipping Key,,1,,
SANY p73 L11,2-51,12554354 Arm 5 Cylinder,11,12298514,Retainer Ring,,1,,
SANY p73 L12,2-51,12554354 Arm 5 Cylinder,12,B230101002125,ZBR Seal Ring,,1,,
SANY p73 L13,2-51,12554354 Arm 5 Cylinder,13,10250743,Retainer Ring,,2,,
SANY p73 L14,2-51,12554354 Arm 5 Cylinder,14,B230101000196,UP Guide Ring,,2,,
SANY p73 L15,2-51,12554354 Arm 5 Cylinder,15,12553575,Guide Bush,,1,,
SANY p73 L16,2-51,12554354 Arm 5 Cylinder,16,60072120,K08-D Seal Ring,,1,,
SANY p73 L17,2-51,12554354 Arm 5 Cylinder,17,13599612,GSJ Seal Ring,,1,,
SANY p73 L18,2-51,12554354 Arm 5 Cylinder,18,B230101001371,UP Guide Ring,,2,,
SANY p73 L19,2-51,12554354 Arm 5 Cylinder,19,B230101000138,OK Seal Ring,,1,,
SANY p73 L20,2-51,12554354 Arm 5 Cylinder,20,A210609000062,O-ring,,2,,
SANY p73 L21,2-51,12554354 Arm 5 Cylinder,21,B230101002105,UNP Seal Ring,,1,,
SANY p73 L22,2-51,12554354 Arm 5 Cylinder,22,A820402000260,Piston,,1,,
SANY p73 L23,2-51,12554354 Arm 5 Cylinder,23,A820208000239,Shaft Clipping Key,,1,,
SANY p73 L24,2-51,12554354 Arm 5 Cylinder,24,A820202002444,Clipping Key Cap,,1,,
SANY p73 L25,2-51,12554354 Arm 5 Cylinder,25,A210414000037,Retainer Ring,,1,,
SANY p73 L26,2-51,12554354 Arm 5 Cylinder,26,12559106,Cylinder Bore GP,,1,,
SANY p73 L27,2-51,12554354 Arm 5 Cylinder,27,A820202000991,Bearing,,2,,
SANY p77 L1,3-3,BCB006366894 Revolving Tower GP,1,BCB004626618,Turntable AS,,1,3-20,
SANY p77 L2,3-3,BCB006366894 Revolving Tower GP,2,11493496,Rotary Mechanism,,1,3-22,
SANY p77 L3,3-3,BCB006366894 Revolving Tower GP,3,BCB005753628,Revolving Tower,,1,,
SANY p77 L4,3-3,BCB006366894 Revolving Tower GP,8,BCB006366255,Right Rear Outrigger,,1,3-52,
SANY p77 L5,3-3,BCB006366894 Revolving Tower GP,9,BCB006364669,Left Rear Outrigger,,1,3-60,
SANY p77 L6,3-3,BCB006366894 Revolving Tower GP,14,11075636,Spacer,,2,,
SANY p77 L7,3-3,BCB006366894 Revolving Tower GP,29,BCB007204877,Right Front Outrigger,,1,3-70,
SANY p77 L8,3-3,BCB006366894 Revolving Tower GP,30,BCB007205964,Left Front Outrigger,,1,3-82,
SANY p77 L9,3-3,BCB006366894 Revolving Tower GP,36,11141675,Turntable Encoder,,1,3-94,
SANY p79 L1,3-5,BCB006366894 Revolving Tower GP,4,BCB005720471,Left Covering Parts,Sany yellow,1,3-50,
SANY p79 L2,3-5,BCB006366894 Revolving Tower GP,5,11092222,Damping Rubber Pad,Sany yellow,4,,
SANY p79 L3,3-5,BCB006366894 Revolving Tower GP,5,11092222WD,"Pad, rubber, damping",Pure white,,,VARIANT_OF_ROW_ABOVE
SANY p79 L4,3-5,BCB006366894 Revolving Tower GP,5,11092222GC,"Pad, rubber, damping",Yellow green,,,VARIANT_OF_ROW_ABOVE
SANY p79 L5,3-5,BCB006366894 Revolving Tower GP,28,12923981,Marker Lamp Seat,Sany yellow,2,,
SANY p79 L6,3-5,BCB006366894 Revolving Tower GP,28,12923981WD,warning indication light seat,Pure white,,,VARIANT_OF_ROW_ABOVE
SANY p79 L7,3-5,BCB006366894 Revolving Tower GP,28,12923981GC,warning indication light seat,Yellow green,,,VARIANT_OF_ROW_ABOVE
SANY p79 L8,3-5,BCB006366894 Revolving Tower GP,37,BCB005314213,Upper Right Seal Plate,Sany yellow,1,,
SANY p79 L9,3-5,BCB006366894 Revolving Tower GP,48,BCB005720591,Right Covering Parts,Sany yellow,1,3-102,
SANY p79 L10,3-5,BCB006366894 Revolving Tower GP,63,11679836,Upper Left Seal Plate,Sany yellow,1,,
SANY p79 L11,3-5,BCB006366894 Revolving Tower GP,78,A210404000005,Washer,,27,,
SANY p79 L12,3-5,BCB006366894 Revolving Tower GP,79,A210401000017,Washer,,26,,
SANY p79 L13,3-5,BCB006366894 Revolving Tower GP,80,A210111000091,Bolt,,31,,
SANY p79 L14,3-5,BCB006366894 Revolving Tower GP,81,A210307000012,Nut,,28,,
SANY p79 L15,3-5,BCB006366894 Revolving Tower GP,92,11228653,Seal Strip,,1,,
SANY p79 L16,3-5,BCB006366894 Revolving Tower GP,93,11119380,Seal Strip,,1,,
SANY p79 L17,3-5,BCB006366894 Revolving Tower GP,97,13943003,Buffer Rubber Adhesive Tape,,1,,
SANY p81 L1,3-7,BCB006366894 Revolving Tower GP,21,BCB005492610,Cover Plate AS,,1,,
SANY p81 L2,3-7,BCB006366894 Revolving Tower GP,41,A810302010036,Rear Outrigger Swing Cylinder,Sany yellow,2,3-100,
SANY p81 L3,3-7,BCB006366894 Revolving Tower GP,41,A810302010036GC,Rear Outrigger Swing Cylinder,Yellow green,,,VARIANT_OF_ROW_ABOVE
SANY p81 L4,3-7,BCB006366894 Revolving Tower GP,41,A810302010036WD,Rear Outrigger Swing Cylinder,Pure white,,,VARIANT_OF_ROW_ABOVE
SANY p81 L5,3-7,BCB006366894 Revolving Tower GP,44,A820301010204,Shaft,,4,,
SANY p81 L6,3-7,BCB006366894 Revolving Tower GP,45,A210491000020,Pin,,4,,
SANY p81 L7,3-7,BCB006366894 Revolving Tower GP,46,A820202000248,Stop Collar,,8,,
SANY p83 L1,3-9,BCB006366894 Revolving Tower GP,6,13580417,Bushing,Sany yellow,4,,
SANY p83 L2,3-9,BCB006366894 Revolving Tower GP,7,13580416,Outrigger Shaft,,2,,
SANY p83 L3,3-9,BCB006366894 Revolving Tower GP,10,A820301010371,Bolt,,4,,
SANY p83 L4,3-9,BCB006366894 Revolving Tower GP,11,A210805000005,Oil Cup,,4,,
SANY p83 L5,3-9,BCB006366894 Revolving Tower GP,12,A820101214192,Plate,Sany yellow,2,,
SANY p83 L6,3-9,BCB006366894 Revolving Tower GP,25,13517650,Red Copper Washer,,4,,
SANY p83 L7,3-9,BCB006366894 Revolving Tower GP,64,A210405000003,Washer,,2,,
SANY p83 L8,3-9,BCB006366894 Revolving Tower GP,65,A210401000004,Washer,,2,,
SANY p83 L9,3-9,BCB006366894 Revolving Tower GP,66,A210405000001,Washer,,4,,
SANY p83 L10,3-9,BCB006366894 Revolving Tower GP,67,A210401000002,Washer,,8,,
SANY p83 L11,3-9,BCB006366894 Revolving Tower GP,68,A210111000101,Bolt,,4,,
SANY p85 L1,3-11,BCB006366894 Revolving Tower GP,15,A210608000151,O-ring,,2,,
SANY p85 L2,3-11,BCB006366894 Revolving Tower GP,16,13024791,Flange Cover Set,,1,,
SANY p85 L3,3-11,BCB006366894 Revolving Tower GP,22,60107392,Fitting,,2,,
SANY p85 L4,3-11,BCB006366894 Revolving Tower GP,23,A220400000004,Ball Valve,,2,,
SANY p85 L5,3-11,BCB006366894 Revolving Tower GP,24,24001173,Screw Plug,,2,,
SANY p85 L6,3-11,BCB006366894 Revolving Tower GP,26,12925471,Support Plate,Sany yellow,2,,
SANY p85 L7,3-11,BCB006366894 Revolving Tower GP,27,A250100000145,"Level Gauge, Full Directional",,2,,
SANY p85 L8,3-11,BCB006366894 Revolving Tower GP,39,A820203002568,Flange Cover,,2,,
SANY p85 L9,3-11,BCB006366894 Revolving Tower GP,49,152001000025B,Liquid Level Meter,,2,,
SANY p85 L10,3-11,BCB006366894 Revolving Tower GP,58,13024221,Flange Cover,,1,,
SANY p85 L11,3-11,BCB006366894 Revolving Tower GP,69,A210405000011,Washer,,84,,
SANY p85 L12,3-11,BCB006366894 Revolving Tower GP,71,A210401000001,Washer,,84,,
SANY p85 L13,3-11,BCB006366894 Revolving Tower GP,72,A210111000018,Bolt,,30,,
SANY p85 L14,3-11,BCB006366894 Revolving Tower GP,73,A210111000011,Bolt,,54,,
SANY p85 L15,3-11,BCB006366894 Revolving Tower GP,74,A210609000325,O-ring,,3,,
SANY p85 L16,3-11,BCB006366894 Revolving Tower GP,80,A210111000091,Bolt,,31,,
SANY p85 L17,3-11,BCB006366894 Revolving Tower GP,81,A210307000012,Nut,,28,,
SANY p85 L18,3-11,BCB006366894 Revolving Tower GP,94,13024204,Flange Cover,,1,,
SANY p85 L19,3-11,BCB006366894 Revolving Tower GP,95,A210608000307,O-RING,,2,,
SANY p87 L1,3-13,BCB006366894 Revolving Tower GP,15,A210608000151,O-ring,,2,,
SANY p87 L2,3-13,BCB006366894 Revolving Tower GP,17,13024796,Flange Cover Set,,1,,
SANY p87 L3,3-13,BCB006366894 Revolving Tower GP,18,B210399000002,Screw Plug,,1,,
SANY p87 L4,3-13,BCB006366894 Revolving Tower GP,22,60107392,Fitting,,2,,
SANY p87 L5,3-13,BCB006366894 Revolving Tower GP,23,A220400000004,Ball Valve,,2,,
SANY p87 L6,3-13,BCB006366894 Revolving Tower GP,24,24001173,Screw Plug,,2,,
SANY p87 L7,3-13,BCB006366894 Revolving Tower GP,26,12925471,Support Plate,Sany yellow,2,,
SANY p87 L8,3-13,BCB006366894 Revolving Tower GP,27,A250100000145,"Level Gauge, Full Directional",,2,,
SANY p87 L9,3-13,BCB006366894 Revolving Tower GP,39,A820203002568,Flange Cover,,2,,
SANY p87 L10,3-13,BCB006366894 Revolving Tower GP,57,12666824,protective cover,Sany yellow,1,,
SANY p87 L11,3-13,BCB006366894 Revolving Tower GP,57,12666824GC,protective cover,Yellow green,,,VARIANT_OF_ROW_ABOVE
SANY p87 L12,3-13,BCB006366894 Revolving Tower GP,57,12666824WD,protective cover,Pure white,,,VARIANT_OF_ROW_ABOVE
SANY p87 L13,3-13,BCB006366894 Revolving Tower GP,69,A210405000011,Washer,,84,,
SANY p87 L14,3-13,BCB006366894 Revolving Tower GP,71,A210401000001,Washer,,84,,
SANY p87 L15,3-13,BCB006366894 Revolving Tower GP,72,A210111000018,Bolt,,30,,
SANY p87 L16,3-13,BCB006366894 Revolving Tower GP,73,A210111000011,Bolt,,54,,
SANY p87 L17,3-13,BCB006366894 Revolving Tower GP,74,A210609000325,O-ring,,3,,
SANY p87 L18,3-13,BCB006366894 Revolving Tower GP,79,A210401000017,Washer,,26,,
SANY p87 L19,3-13,BCB006366894 Revolving Tower GP,80,A210111000091,Bolt,,31,,
SANY p87 L20,3-13,BCB006366894 Revolving Tower GP,81,A210307000012,Nut,,28,,
SANY p87 L21,3-13,BCB006366894 Revolving Tower GP,85,A210405000007,Washer,,2,,
SANY p87 L22,3-13,BCB006366894 Revolving Tower GP,86,A210204000146,Screw,,2,,
SANY p87 L23,3-13,BCB006366894 Revolving Tower GP,96,A210609000216,O-ring,,1,,
SANY p87 L24,3-13,BCB006366894 Revolving Tower GP,98,13313514,Shutoff Valve,,1,,
SANY p89 L1,3-15,BCB006366894 Revolving Tower GP,38,60193268,Air Filter,,2,3-96,
SANY p89 L2,3-15,BCB006366894 Revolving Tower GP,40,BCB005313233,Support,,1,3-98,
SANY p89 L3,3-15,BCB006366894 Revolving Tower GP,50,12826772,Mounting Seat,,1,,
SANY p89 L4,3-15,BCB006366894 Revolving Tower GP,52,60193266,Return Oil Filter,,1,,
SANY p89 L5,3-15,BCB006366894 Revolving Tower GP,53,12809092,Oil Return Cover,,1,,
SANY p89 L6,3-15,BCB006366894 Revolving Tower GP,54,12532447,Mounting Seat,,1,,
SANY p89 L7,3-15,BCB006366894 Revolving Tower GP,55,60193267,Return Oil Filter,,1,,
SANY p89 L8,3-15,BCB006366894 Revolving Tower GP,56,12809097,Flange Cover Set,,1,,
SANY p89 L9,3-15,BCB006366894 Revolving Tower GP,59,151502000067A,Oil Suction Filter,,1,,
SANY p89 L10,3-15,BCB006366894 Revolving Tower GP,60,12711811,Connection Rod,,1,,
SANY p89 L11,3-15,BCB006366894 Revolving Tower GP,61,12788897,Oil Suction Cover,,1,,
SANY p89 L12,3-15,BCB006366894 Revolving Tower GP,69,A210405000011,Washer,,84,,
SANY p89 L13,3-15,BCB006366894 Revolving Tower GP,71,A210401000001,Washer,,84,,
SANY p89 L14,3-15,BCB006366894 Revolving Tower GP,72,A210111000018,Bolt,,30,,
SANY p89 L15,3-15,BCB006366894 Revolving Tower GP,73,A210111000011,Bolt,,54,,
SANY p89 L16,3-15,BCB006366894 Revolving Tower GP,74,A210609000325,O-ring,,3,,
SANY p89 L17,3-15,BCB006366894 Revolving Tower GP,75,A210405000008,Washer,,4,,
SANY p89 L18,3-15,BCB006366894 Revolving Tower GP,76,A210401000006,Washer,,4,,
SANY p89 L19,3-15,BCB006366894 Revolving Tower GP,77,A210111000220,Bolt,,4,,
SANY p89 L20,3-15,BCB006366894 Revolving Tower GP,84,A210609000274,O-ring,,1,,
SANY p89 L21,3-15,BCB006366894 Revolving Tower GP,87,21010435,O-ring,,1,,
SANY p89 L22,3-15,BCB006366894 Revolving Tower GP,88,A210609000294,O-ring,,2,,
SANY p91 L1,3-17,BCB006366894 Revolving Tower GP,13,11300603,Contact Roller AS,,4,3-68,
SANY p91 L2,3-17,BCB006366894 Revolving Tower GP,19,A820606030470,Sleeve Ring,Sany yellow,2,,
SANY p91 L3,3-17,BCB006366894 Revolving Tower GP,19,A820606030470WD,Sleeve Ring,Pure white,,,VARIANT_OF_ROW_ABOVE
SANY p91 L4,3-17,BCB006366894 Revolving Tower GP,19,A820606030470GC,Sleeve Ring,Yellow green,,,VARIANT_OF_ROW_ABOVE
SANY p91 L5,3-17,BCB006366894 Revolving Tower GP,20,A210204000196,Screw,,4,,
SANY p91 L6,3-17,BCB006366894 Revolving Tower GP,31,BCB005301652,Plate,Sany yellow,1,,
SANY p91 L7,3-17,BCB006366894 Revolving Tower GP,34,10986237,Outrigger Chain,,1,,
SANY p91 L8,3-17,BCB006366894 Revolving Tower GP,62,11763495,"Mounting Seat, Guide Wheel",Sany yellow,2,,
SANY p91 L9,3-17,BCB006366894 Revolving Tower GP,67,A210401000002,Washer,,8,,
SANY p91 L10,3-17,BCB006366894 Revolving Tower GP,78,A210404000005,Washer,,27,,
SANY p91 L11,3-17,BCB006366894 Revolving Tower GP,80,A210111000091,Bolt,,31,,
SANY p91 L12,3-17,BCB006366894 Revolving Tower GP,82,A210404000004,Washer,,4,,
SANY p91 L13,3-17,BCB006366894 Revolving Tower GP,83,A210111000038,Bolt,,4,,
SANY p91 L14,3-17,BCB006366894 Revolving Tower GP,108,13902390,Hose Limit Plate,,1,,
SANY p93 L1,3-19,BCB006366894 Revolving Tower GP,13,11300603,Contact Roller AS,,4,3-68,
SANY p93 L2,3-19,BCB006366894 Revolving Tower GP,35,10990353,Outrigger Chain,,1,,
SANY p93 L3,3-19,BCB006366894 Revolving Tower GP,47,11516892,Cover Plate,Sany yellow,1,,
SANY p93 L4,3-19,BCB006366894 Revolving Tower GP,47,11516892WD,Cover Plate,Pure white,,,VARIANT_OF_ROW_ABOVE
SANY p93 L5,3-19,BCB006366894 Revolving Tower GP,47,11516892GC,Cover Plate,Yellow green,,,VARIANT_OF_ROW_ABOVE
SANY p93 L6,3-19,BCB006366894 Revolving Tower GP,62,11763495,"Mounting Seat, Guide Wheel",Sany yellow,2,,
SANY p93 L7,3-19,BCB006366894 Revolving Tower GP,67,A210401000002,Washer,,8,,
SANY p93 L8,3-19,BCB006366894 Revolving Tower GP,82,A210404000004,Washer,,4,,
SANY p93 L9,3-19,BCB006366894 Revolving Tower GP,83,A210111000038,Bolt,,4,,
SANY p93 L10,3-19,BCB006366894 Revolving Tower GP,89,A210405000006,Washer,,4,,
SANY p93 L11,3-19,BCB006366894 Revolving Tower GP,90,A210401000016,Washer,,4,,
SANY p93 L12,3-19,BCB006366894 Revolving Tower GP,91,A210204000129,Screw,,4,,
SANY p95 L1,3-21,BCB004626618 Turntable AS,1,BCB004611003,Turntable Weldment,,1,,
SANY p95 L2,3-21,BCB004626618 Turntable AS,2,11662734,Cylinder Connection Shaft,,1,,
SANY p95 L3,3-21,BCB004626618 Turntable AS,3,10486371,Limit Plate,,1,,
SANY p95 L4,3-21,BCB004626618 Turntable AS,4,A210491000122,Washer,,2,,
SANY p95 L5,3-21,BCB004626618 Turntable AS,5,A210111000298,Bolt,,2,,
SANY p95 L6,3-21,BCB004626618 Turntable AS,6,A210804000001,Oil Cup,,1,,
SANY p95 L7,3-21,BCB004626618 Turntable AS,7,A820606020301,Plug,Sany red,1,,
SANY p95 L8,3-21,BCB004626618 Turntable AS,7,A820606020301WD,Plug,Pure white,,,VARIANT_OF_ROW_ABOVE
SANY p95 L9,3-21,BCB004626618 Turntable AS,7,A820606020301GC,Plug,Yellow green,,,VARIANT_OF_ROW_ABOVE
SANY p95 L10,3-21,BCB004626618 Turntable AS,7,A820606020301HA,Plug,Iron grey,,,VARIANT_OF_ROW_ABOVE
SANY p95 L11,3-21,BCB004626618 Turntable AS,7,A820606020301GD,Plug,Pure green,,,VARIANT_OF_ROW_ABOVE
SANY p95 L12,3-21,BCB004626618 Turntable AS,8,BCB004626164,Cover Plate,Sany red,2,,
SANY p95 L13,3-21,BCB004626618 Turntable AS,9,BCB004626163,Cover Plate,Sany red,2,,
SANY p95 L14,3-21,BCB004626618 Turntable AS,10,A210401000016,Washer,,12,,
SANY p95 L15,3-21,BCB004626618 Turntable AS,11,A210111000078,Bolt,,12,,
SANY p97 L1,3-23,11493496 Rotary Mechanism,1,10548173,Slew Bearing,,1,3-30,
SANY p97 L2,3-23,11493496 Rotary Mechanism,10,A210401000017,Washer,,19,,
SANY p97 L3,3-23,11493496 Rotary Mechanism,12,A210405000007,Washer,,12,,
SANY p97 L4,3-23,11493496 Rotary Mechanism,14,11493493,Seal Plate,Sany yellow,1,,
SANY p97 L5,3-23,11493496 Rotary Mechanism,15,11374293,Annular Plate,Sany yellow,1,,
SANY p97 L6,3-23,11493496 Rotary Mechanism,15,11374293WD,Annular Plate,Pure white,,,VARIANT_OF_ROW_ABOVE
SANY p97 L7,3-23,11493496 Rotary Mechanism,15,11374293GC,Annular Plate,Yellow green,,,VARIANT_OF_ROW_ABOVE
SANY p97 L8,3-23,11493496 Rotary Mechanism,16,A210111000089,Bolt,,11,,
SANY p97 L9,3-23,11493496 Rotary Mechanism,17,A210405000006,Washer,,4,,
SANY p97 L10,3-23,11493496 Rotary Mechanism,18,A210401000016,Washer,,4,,
SANY p97 L11,3-23,11493496 Rotary Mechanism,19,A210111000079,Bolt,,4,,
SANY p97 L12,3-23,11493496 Rotary Mechanism,23,A210110000456,Bolt,,95,,
SANY p97 L13,3-23,11493496 Rotary Mechanism,24,A210444000004,Washer,,140,,
SANY p97 L14,3-23,11493496 Rotary Mechanism,25,A210307000008,Nut,,95,,
SANY p97 L15,3-23,11493496 Rotary Mechanism,27,A820101061117,Spacer,Sany yellow,7,,
SANY p97 L16,3-23,11493496 Rotary Mechanism,28,A210404000003,Washer,,7,,
SANY p97 L17,3-23,11493496 Rotary Mechanism,29,A210404000005,Washer,,7,,
SANY p99 L1,3-25,11493496 Rotary Mechanism,2,A990303070000,Reducer GP,Sany yellow,1,3-32,
SANY p99 L2,3-25,11493496 Rotary Mechanism,2,A990303070000WD,GS9T99-S1H1D Reducer assembly,Pure white,,,VARIANT_OF_ROW_ABOVE
SANY p99 L3,3-25,11493496 Rotary Mechanism,2,A990303070000GC,GS9T99-S1H1D Reducer assembly,Yellow green,,,VARIANT_OF_ROW_ABOVE
SANY p99 L4,3-25,11493496 Rotary Mechanism,3,A820299001563,Red Copper Washer,,4,,
SANY p99 L5,3-25,11493496 Rotary Mechanism,4,11493491,Gear,,2,,
SANY p99 L6,3-25,11493496 Rotary Mechanism,5,10898698,Bushing AS,,2,,
SANY p99 L7,3-25,11493496 Rotary Mechanism,6,11493492,Pin,,2,,
SANY p99 L8,3-25,11493496 Rotary Mechanism,7,A221500000329,Sliding Bearing,,4,,
SANY p99 L9,3-25,11493496 Rotary Mechanism,8,A820210000243,Gear,,1,,
SANY p99 L10,3-25,11493496 Rotary Mechanism,9,A820606010713,Dust Ring,,1,,
SANY p99 L11,3-25,11493496 Rotary Mechanism,10,A210401000017,Washer,,19,,
SANY p99 L12,3-25,11493496 Rotary Mechanism,11,A210111000091,Bolt,,8,,
SANY p99 L13,3-25,11493496 Rotary Mechanism,12,A210405000007,Washer,,12,,
SANY p99 L14,3-25,11493496 Rotary Mechanism,13,A210491000021,Pin,,2,,
SANY p99 L15,3-25,11493496 Rotary Mechanism,30,A210804000001,Oil Cup,,2,,
SANY p99 L16,3-25,11493496 Rotary Mechanism,32,A210491000118,Washer,,10,,
SANY p99 L17,3-25,11493496 Rotary Mechanism,33,A210111000054,Bolt,,10,,
SANY p99 L18,3-25,11493496 Rotary Mechanism,34,60022996,Cycloid Motor,Sany yellow,1,3-48,
SANY p99 L19,3-25,11493496 Rotary Mechanism,34,60022996WD,MOTOR OUTRIGGER,Pure white,,,VARIANT_OF_ROW_ABOVE
SANY p99 L20,3-25,11493496 Rotary Mechanism,34,60022996GC,MOTOR OUTRIGGER,Yellow green,,,VARIANT_OF_ROW_ABOVE
SANY p99 L21,3-25,11493496 Rotary Mechanism,35,A210204000206,Screw,,2,,
SANY p101 L1,3-27,11493496 Rotary Mechanism,20,A210713000009,Fitting,,8,,
SANY p101 L2,3-27,11493496 Rotary Mechanism,21,A820207010071,Oil Tube,Sany yellow,4,,
SANY p101 L3,3-27,11493496 Rotary Mechanism,21,A820207010071GC,Oil tube 9,Yellow green,,,VARIANT_OF_ROW_ABOVE
SANY p101 L4,3-27,11493496 Rotary Mechanism,21,A820207010071WD,Oil tube 9,Pure white,,,VARIANT_OF_ROW_ABOVE
SANY p101 L5,3-27,11493496 Rotary Mechanism,22,A210342000002,Screw Plug,,1,,
SANY p101 L6,3-27,11493496 Rotary Mechanism,31,A210804000002,"Fitting, Grease",,1,,
SANY p103 L1,3-29,11493496 Rotary Mechanism,23,A210110000456,Bolt,,95,,
SANY p103 L2,3-29,11493496 Rotary Mechanism,24,A210444000004,Washer,,140,,
SANY p103 L3,3-29,11493496 Rotary Mechanism,25,A210307000008,Nut,,95,,
SANY p103 L4,3-29,11493496 Rotary Mechanism,26,A820606031078,Rubber Protective Cap,,48,,
SANY p105 L1,3-31,10548173 Slew Bearing,1,60015673,Seal Strip,,2,,
SANY p107 L1,3-33,A990303070000 Reducer GP,1,A810103000410,Reducer AS,,1,3-34,
SANY p107 L2,3-33,A990303070000 Reducer GP,2,A810102000105,Brake GP,,1,3-46,
SANY p107 L3,3-33,A990303070000 Reducer GP,3,A820202006321,Splined Adapter Sleeve,,1,,
SANY p107 L4,3-33,A990303070000 Reducer GP,4,24000579,Retainer Ring,,1,,
SANY p107 L5,3-33,A990303070000 Reducer GP,5,10720734,Fender Cover,,1,,
SANY p107 L6,3-33,A990303070000 Reducer GP,6,10720735,Protective Sleeve,,1,,
SANY p107 L7,3-33,A990303070000 Reducer GP,7,A210204000272,Screw,,4,,
SANY p107 L8,3-33,A990303070000 Reducer GP,8,A880801020006,Bolt,,4,,
SANY p109 L1,3-35,A810103000410 Reducer AS,1,12687017,"Seat, Output End",,1,,
SANY p109 L2,3-35,A810103000410 Reducer AS,13,A820301021656,Output Shaft,,1,,
SANY p109 L3,3-35,A810103000410 Reducer AS,15,A820201001524,Output End Cover,,1,,
SANY p109 L4,3-35,A810103000410 Reducer AS,23,A210604002220,Roller Bearing,,1,,
SANY p109 L5,3-35,A810103000410 Reducer AS,24,A210604002246,Roller Bearing,,1,,
SANY p109 L6,3-35,A810103000410 Reducer AS,25,A210204000161,Screw,,4,,
SANY p109 L7,3-35,A810103000410 Reducer AS,26,B230101000458,TRE Oil Seal,,1,,
SANY p109 L8,3-35,A810103000410 Reducer AS,32,A210412000146,Washer,,1,,
SANY p109 L9,3-35,A810103000410 Reducer AS,33,A210304000006,Nut,,1,,
SANY p109 L10,3-35,A810103000410 Reducer AS,34,A210434000008,Washer,,5,,
SANY p109 L11,3-35,A810103000410 Reducer AS,38,A210310000010,Nut,,1,,
SANY p109 L12,3-35,A810103000410 Reducer AS,39,12693766,Elbow Pipe,,1,,
SANY p109 L13,3-35,A810103000410 Reducer AS,41,12820694,Dust Ring,,1,,
SANY p109 L14,3-35,A810103000410 Reducer AS,42,A229900006506,Vent Plug,,1,,
SANY p109 L15,3-35,A810103000410 Reducer AS,43,60219341,O-ring,,1,,
SANY p109 L16,3-35,A810103000410 Reducer AS,46,A880801040008,Screw Plug,,2,,
SANY p111 L1,3-37,A810103000410 Reducer AS,9,11249824,Planetary Carrier GP Ⅲ,,1,3-44,
SANY p111 L2,3-37,A810103000410 Reducer AS,10,A829900003132,Sun Wheel Ⅲ,,1,,
SANY p111 L3,3-37,A810103000410 Reducer AS,11,12693373,Flange Ⅲ,,1,,
SANY p111 L4,3-37,A810103000410 Reducer AS,12,A829900003133,Gear Ring,,1,,
SANY p111 L5,3-37,A810103000410 Reducer AS,16,A820102010857,Limit Plate,,1,,
SANY p111 L6,3-37,A810103000410 Reducer AS,21,A210111000447,Bolt,,12,,
SANY p111 L7,3-37,A810103000410 Reducer AS,22,A210414000120,Retainer Ring,,1,,
SANY p111 L8,3-37,A810103000410 Reducer AS,27,A210507000036,Pin,,3,,
SANY p111 L9,3-37,A810103000410 Reducer AS,29,14351870,Elbow GP,,1,,
SANY p111 L10,3-37,A810103000410 Reducer AS,31,21083939,Roller Bearing,,1,,
SANY p111 L11,3-37,A810103000410 Reducer AS,34,A210434000008,Washer,,5,,
SANY p111 L12,3-37,A810103000410 Reducer AS,37,60194901,O-ring,,2,,
SANY p111 L13,3-37,A810103000410 Reducer AS,40,60205788,Oil Cup,,1,,
SANY p111 L14,3-37,A810103000410 Reducer AS,44,13312119,Lock Plate GP,,1,,
SANY p111 L15,3-37,A810103000410 Reducer AS,45,A210204000020,Screw,,1,,
SANY p111 L16,3-37,A810103000410 Reducer AS,46,A880801040008,Screw Plug,,2,,
SANY p113 L1,3-39,A810103000410 Reducer AS,2,A810103000411,Planetary Carrier GP I,,1,3-40,
SANY p113 L2,3-39,A810103000410 Reducer AS,3,A829900003128,Sun Wheel I,,1,,
SANY p113 L3,3-39,A810103000410 Reducer AS,4,A829900003129,Gear Ring,,1,,
SANY p113 L4,3-39,A810103000410 Reducer AS,5,A820402000363,Flange Ⅱ,,1,,
SANY p113 L5,3-39,A810103000410 Reducer AS,6,A829900003131,Gear Ring,,1,,
SANY p113 L6,3-39,A810103000410 Reducer AS,7,11098192,Planetary Carrier GP Ⅱ,,1,3-42,
SANY p113 L7,3-39,A810103000410 Reducer AS,8,A829900003130,Sun Wheel Ⅱ,,1,,
SANY p113 L8,3-39,A810103000410 Reducer AS,14,A820402000362,Flange Ⅰ,,1,,
SANY p113 L9,3-39,A810103000410 Reducer AS,17,A210414000065,Retainer Ring,,1,,
SANY p113 L10,3-39,A810103000410 Reducer AS,18,A210414000008,Retainer Ring,,2,,
SANY p113 L11,3-39,A810103000410 Reducer AS,19,A210401000001,Washer,,8,,
SANY p113 L12,3-39,A810103000410 Reducer AS,20,A210110000431,Bolt,,8,,
SANY p113 L13,3-39,A810103000410 Reducer AS,28,24000946,Pin,,4,,
SANY p113 L14,3-39,A810103000410 Reducer AS,30,B221500000428,Roller Bearing,,1,,
SANY p113 L15,3-39,A810103000410 Reducer AS,34,A210434000008,Washer,,5,,
SANY p113 L16,3-39,A810103000410 Reducer AS,35,A229900006507,Screw Plug,,1,,
SANY p113 L17,3-39,A810103000410 Reducer AS,36,60194900,O-ring,,4,,
SANY p115 L1,3-41,A810103000411 Planetary Carrier GP I,1,A829900003139,Planetary Carrier,,1,,
SANY p115 L2,3-41,A810103000411 Planetary Carrier GP I,2,A820102010853,Limit Plate,,1,,
SANY p115 L3,3-41,A810103000411 Planetary Carrier GP I,3,A820102010851,Washer,,3,,
SANY p115 L4,3-41,A810103000411 Planetary Carrier GP I,4,JSJ005391253,"Bearing AS, Planetary Shaft Ⅰ",,3,,
SANY p115 L5,3-41,A810103000411 Planetary Carrier GP I,5,A820210000334,Planet Gear,,3,,
SANY p115 L6,3-41,A810103000411 Planetary Carrier GP I,6,A820102010852,Lock Plate Ⅰ,,3,,
SANY p115 L7,3-41,A810103000411 Planetary Carrier GP I,7,A210204000147,Screw,,3,,
SANY p117 L1,3-43,11098192 Planetary Carrier GP Ⅱ,1,JSJ005391340,"Bearing AS, Planetary Shaft Ⅱ",,3,,
SANY p117 L2,3-43,11098192 Planetary Carrier GP Ⅱ,2,11098188,Washer,,6,,
SANY p117 L3,3-43,11098192 Planetary Carrier GP Ⅱ,3,A820210000335,Planet Gear,,3,,
SANY p117 L4,3-43,11098192 Planetary Carrier GP Ⅱ,4,11098191,Limit Plate,,3,,
SANY p117 L5,3-43,11098192 Planetary Carrier GP Ⅱ,5,11098190,Planetary Carrier Ⅱ,,1,,
SANY p117 L6,3-43,11098192 Planetary Carrier GP Ⅱ,6,A210414000104,Retainer Ring,,3,,
SANY p117 L7,3-43,11098192 Planetary Carrier GP Ⅱ,7,A820102010853,Limit Plate,,1,,
SANY p119 L1,3-45,11249824 Planetary Carrier GP Ⅲ,1,11249822,Planetary Carrier Ⅲ,,1,,
SANY p119 L2,3-45,11249824 Planetary Carrier GP Ⅲ,2,JSJ005391386,"Bearing AS, Planetary Shaft Ⅲ",,3,,
SANY p119 L3,3-45,11249824 Planetary Carrier GP Ⅲ,3,11249820,Washer,,6,,
SANY p119 L4,3-45,11249824 Planetary Carrier GP Ⅲ,4,A820210000336,Planet Gear,,3,,
SANY p119 L5,3-45,11249824 Planetary Carrier GP Ⅲ,5,11249823,Limit Plate,,3,,
SANY p119 L6,3-45,11249824 Planetary Carrier GP Ⅲ,6,A210414000028,Retainer Ring,,3,,
SANY p121 L1,3-47,A810102000105 Brake GP,1,A820201001525,Input End Cover,,1,,
SANY p121 L2,3-47,A810102000105 Brake GP,2,A820603000281,Paper Pad,,1,,
SANY p121 L3,3-47,A810102000105 Brake GP,3,A820301021657,Input Shaft,,1,,
SANY p121 L4,3-47,A810102000105 Brake GP,4,JSJ005893258,Brake Mount,,1,,
SANY p121 L5,3-47,A810102000105 Brake GP,5,10721223,Friction Plates,,1,,
SANY p121 L6,3-47,A810102000105 Brake GP,6,A829900003137,Piston,,1,,
SANY p121 L7,3-47,A810102000105 Brake GP,7,A820201001526,Spring Limit Plate,,1,,
SANY p121 L8,3-47,A810102000105 Brake GP,8,A829900003138,Spring,,11,,
SANY p121 L9,3-47,A810102000105 Brake GP,9,A210414000032,Retainer Ring,,1,,
SANY p121 L10,3-47,A810102000105 Brake GP,10,A210416000025,Retainer Ring,,1,,
SANY p121 L11,3-47,A810102000105 Brake GP,11,B230101001650,TRE Oil Seal,,1,,
SANY p121 L12,3-47,A810102000105 Brake GP,12,60069598,Roller Bearing,,1,,
SANY p121 L13,3-47,A810102000105 Brake GP,13,60206876,BU Flat Retainer Ring,,1,,
SANY p121 L14,3-47,A810102000105 Brake GP,14,60206877,BH Flat Retainer Ring,,1,,
SANY p121 L15,3-47,A810102000105 Brake GP,15,21018667,O-ring,,1,,
SANY p121 L16,3-47,A810102000105 Brake GP,16,A210204000130,Screw,,6,,
SANY p121 L17,3-47,A810102000105 Brake GP,17,A210434000006,Washer,,1,,
SANY p121 L18,3-47,A810102000105 Brake GP,18,A229900006784,Screw Plug,,1,,
SANY p121 L19,3-47,A810102000105 Brake GP,19,60071976,Plug,,1,,
SANY p121 L20,3-47,A810102000105 Brake GP,20,151401050028A,Seal Ring,,1,,
SANY p121 L21,3-47,A810102000105 Brake GP,21,151401050027A,Seal Ring,,1,,
SANY p121 L22,3-47,A810102000105 Brake GP,22,151403021168A,O-ring,,1,,
SANY p123 L1,3-49,60022996 Cycloid Motor,1,60173472,Oil Seal,,1,,
SANY p125 L1,3-51,BCB005720471 Left Covering Parts,1,A210210000008,Screw,,12,,
SANY p125 L2,3-51,BCB005720471 Left Covering Parts,2,A222200000130,Cover Latch,,2,,
SANY p125 L3,3-51,BCB005720471 Left Covering Parts,3,BCB005393219,Left Small Door,,1,,
SANY p125 L4,3-51,BCB005720471 Left Covering Parts,4,A210405000006,Washer,,12,,
SANY p125 L5,3-51,BCB005720471 Left Covering Parts,5,A210401000016,Washer,,12,,
SANY p125 L6,3-51,BCB005720471 Left Covering Parts,6,A210307000016,Nut,,8,,
SANY p125 L7,3-51,BCB005720471 Left Covering Parts,7,A820301010056,Pin,,4,,
SANY p125 L8,3-51,BCB005720471 Left Covering Parts,8,A210491000014,Pin,,4,,
SANY p125 L9,3-51,BCB005720471 Left Covering Parts,9,A229900000298,Air Spring,,2,,
SANY p125 L10,3-51,BCB005720471 Left Covering Parts,10,BCB005720452,Left Door AS,,1,,
SANY p125 L11,3-51,BCB005720471 Left Covering Parts,11,12736204,Handle,,1,,
SANY p125 L12,3-51,BCB005720471 Left Covering Parts,12,A210405000011,Washer,,1,,
SANY p125 L13,3-51,BCB005720471 Left Covering Parts,13,A210401000001,Washer,,1,,
SANY p125 L14,3-51,BCB005720471 Left Covering Parts,14,A210204000196,Screw,,1,,
SANY p127 L1,3-53,BCB006366255 Right Rear Outrigger,1,BCB006366252,Right Rear Outrigger Section,,1,,
SANY p127 L2,3-53,BCB006366255 Right Rear Outrigger,2,13544180,Outrigger Seat,,1,,
SANY p127 L3,3-53,BCB006366255 Right Rear Outrigger,3,13544177,Pressure Plate,,1,,
SANY p127 L4,3-53,BCB006366255 Right Rear Outrigger,4,A210401000002,Washer,,10,,
SANY p127 L5,3-53,BCB006366255 Right Rear Outrigger,5,A210111000038,Bolt,,6,,
SANY p127 L6,3-53,BCB006366255 Right Rear Outrigger,6,A210204000095,Screw,,8,,
SANY p127 L7,3-53,BCB006366255 Right Rear Outrigger,7,60054115,Liquid level meter,,1,,
SANY p127 L8,3-53,BCB006366255 Right Rear Outrigger,8,13258431,Cover Plate,Sany yellow,1,,
SANY p127 L9,3-53,BCB006366255 Right Rear Outrigger,8,13258431GC,Cover Plate,Yellow green,,,VARIANT_OF_ROW_ABOVE
SANY p127 L10,3-53,BCB006366255 Right Rear Outrigger,8,13258431WD,Cover Plate,Pure white,,,VARIANT_OF_ROW_ABOVE
SANY p127 L11,3-53,BCB006366255 Right Rear Outrigger,9,A210211000003,Screw,,2,,
SANY p127 L12,3-53,BCB006366255 Right Rear Outrigger,10,13278728,Rear Outrigger Cylinder,,1,3-54,
SANY p127 L13,3-53,BCB006366255 Right Rear Outrigger,11,A210111000037,Bolt,,4,,
SANY p127 L14,3-53,BCB006366255 Right Rear Outrigger,12,A210405000001,Washer,,4,,
SANY p127 L15,3-53,BCB006366255 Right Rear Outrigger,13,12576443,special-made bolt,,1,,
SANY p127 L16,3-53,BCB006366255 Right Rear Outrigger,14,60151318,Air Filter,,1,3-56,
SANY p127 L17,3-53,BCB006366255 Right Rear Outrigger,15,60107392,Fitting,,1,,
SANY p127 L18,3-53,BCB006366255 Right Rear Outrigger,16,A220400000004,Ball Valve,,1,,
SANY p127 L19,3-53,BCB006366255 Right Rear Outrigger,17,12652890,Water Outlet Pipe,,1,,
SANY p127 L20,3-53,BCB006366255 Right Rear Outrigger,18,A210609000294,O-ring,,5,,
SANY p127 L21,3-53,BCB006366255 Right Rear Outrigger,19,13171337,Flange Cover Set,,5,,
SANY p127 L22,3-53,BCB006366255 Right Rear Outrigger,20,A820101356588,Cover plate,Sany yellow,1,,
SANY p127 L23,3-53,BCB006366255 Right Rear Outrigger,20,A820101356588WD,Cover plate,Pure white,,,VARIANT_OF_ROW_ABOVE
SANY p127 L24,3-53,BCB006366255 Right Rear Outrigger,20,A820101356588GC,Cover plate,Yellow green,,,VARIANT_OF_ROW_ABOVE
SANY p127 L25,3-53,BCB006366255 Right Rear Outrigger,21,A210401000016,Washer,,4,,
SANY p127 L26,3-53,BCB006366255 Right Rear Outrigger,22,A210204000129,Screw,,4,,
SANY p127 L27,3-53,BCB006366255 Right Rear Outrigger,23,11824009,Right Outrigger Lock Installation,,1,3-58,
SANY p127 L28,3-53,BCB006366255 Right Rear Outrigger,24,13797141,Tail Lamp Seal Plate,Sany yellow,1,,
SANY p129 L1,3-55,13278728 Rear Outrigger Cylinder,1,13283052,Piston Rod,,1,,
SANY p129 L2,3-55,13278728 Rear Outrigger Cylinder,2,13615057,Guide Bush,,1,,
SANY p129 L3,3-55,13278728 Rear Outrigger Cylinder,3,60023533,O-ring,,1,,
SANY p129 L4,3-55,13278728 Rear Outrigger Cylinder,4,10250744,Retainer Ring,,2,,
SANY p129 L5,3-55,13278728 Rear Outrigger Cylinder,5,12656636,Piston,,1,,
SANY p129 L6,3-55,13278728 Rear Outrigger Cylinder,6,B230101001456,UP Guide Ring,,2,,
SANY p129 L7,3-55,13278728 Rear Outrigger Cylinder,7,B230101001957,B7 Seal Ring,,1,,
SANY p129 L8,3-55,13278728 Rear Outrigger Cylinder,8,B230101000139,OK Seal Ring,,1,,
SANY p129 L9,3-55,13278728 Rear Outrigger Cylinder,9,A210417000004,Retainer Ring,,1,,
SANY p129 L10,3-55,13278728 Rear Outrigger Cylinder,10,60011289,Oil-free Bearing,,1,,
SANY p129 L11,3-55,13278728 Rear Outrigger Cylinder,11,13599574,Gsj Seal Ring,,1,,
SANY p129 L12,3-55,13278728 Rear Outrigger Cylinder,12,B230101002132,ZBR Seal Ring,,1,,
SANY p129 L13,3-55,13278728 Rear Outrigger Cylinder,13,151403021157A,O-ring,,2,,
SANY p129 L14,3-55,13278728 Rear Outrigger Cylinder,14,13573472,HWM Dust Ring,,1,,
SANY p129 L15,3-55,13278728 Rear Outrigger Cylinder,15,A210417000002,Retainer Ring,,1,,
SANY p129 L16,3-55,13278728 Rear Outrigger Cylinder,16,A210609000165,O-ring,,2,,
SANY p129 L17,3-55,13278728 Rear Outrigger Cylinder,17,A820202000105,Shaft Clipping Key,,1,,
SANY p129 L18,3-55,13278728 Rear Outrigger Cylinder,18,A820202002858,Clipping Key Cap,,1,,
SANY p129 L19,3-55,13278728 Rear Outrigger Cylinder,19,A210414000102,Retainer Ring,,1,,
SANY p129 L20,3-55,13278728 Rear Outrigger Cylinder,20,12355723,Screw Plug,,2,,
SANY p129 L21,3-55,13278728 Rear Outrigger Cylinder,21,A210434000008,Washer,,2,,
SANY p129 L22,3-55,13278728 Rear Outrigger Cylinder,22,13615058,Cylinder Bore GP,,1,,
SANY p129 L23,3-55,13278728 Rear Outrigger Cylinder,23,A210208000024,Screw,,1,,
SANY p129 L24,3-55,13278728 Rear Outrigger Cylinder,24,14209011,Damping Plug,,1,,
SANY p129 L25,3-55,13278728 Rear Outrigger Cylinder,25,A820301017919,Damping Plug,,1,,
SANY p129 L26,3-55,13278728 Rear Outrigger Cylinder,26,11252642,Plate,,1,,
SANY p129 L27,3-55,13278728 Rear Outrigger Cylinder,27,11252641,Pressure Plate,,1,,
SANY p129 L28,3-55,13278728 Rear Outrigger Cylinder,28,A210204000129,Screw,,6,,
SANY p131 L1,3-57,60151318 Air Filter,1,151800000053A001,Gasket,,1,,
SANY p131 L2,3-57,60151318 Air Filter,2,151800000053A002,Filter Core,,1,,
SANY p131 L3,3-57,60151318 Air Filter,3,151800000053A003,Seal Ring,,1,,
SANY p133 L1,3-59,11824009 Right Outrigger Lock Installation,1,11824012,Right Lock Support,,1,,
SANY p133 L2,3-59,11824009 Right Outrigger Lock Installation,2,A210616000032,Spring,,1,,
SANY p133 L3,3-59,11824009 Right Outrigger Lock Installation,3,11222687,Lock Tongue,,1,,
SANY p133 L4,3-59,11824009 Right Outrigger Lock Installation,4,11222794,Pin,,1,,
SANY p133 L5,3-59,11824009 Right Outrigger Lock Installation,5,11222978,Handle,,1,,
SANY p133 L6,3-59,11824009 Right Outrigger Lock Installation,6,A810599000110,Rubber Plate,,1,,
SANY p133 L7,3-59,11824009 Right Outrigger Lock Installation,7,A210405000003,Washer,,1,,
SANY p133 L8,3-59,11824009 Right Outrigger Lock Installation,8,A210401000004,Washer,,1,,
SANY p133 L9,3-59,11824009 Right Outrigger Lock Installation,9,A210336000003,Nut,,1,,
SANY p133 L10,3-59,11824009 Right Outrigger Lock Installation,10,A210405000011,Washer,,4,,
SANY p133 L11,3-59,11824009 Right Outrigger Lock Installation,11,A210401000001,Washer,,4,,
SANY p133 L12,3-59,11824009 Right Outrigger Lock Installation,12,A210204000161,Screw,,4,,
SANY p133 L13,3-59,11824009 Right Outrigger Lock Installation,13,A210804000001,Oil Cup,,1,,
SANY p133 L14,3-59,11824009 Right Outrigger Lock Installation,14,A210307000012,Nut,,1,,
SANY p133 L15,3-59,11824009 Right Outrigger Lock Installation,15,A210204000130,Screw,,1,,
SANY p135 L1,3-61,BCB006364669 Left Rear Outrigger,1,BCB006362837,Left Rear Outrigger Section,,1,,
SANY p135 L2,3-61,BCB006364669 Left Rear Outrigger,2,A210609000294,O-ring,,5,,
SANY p135 L3,3-61,BCB006364669 Left Rear Outrigger,3,13171337,Flange Cover Set,,5,,
SANY p135 L4,3-61,BCB006364669 Left Rear Outrigger,4,60107392,Fitting,,1,,
SANY p135 L5,3-61,BCB006364669 Left Rear Outrigger,5,A220400000004,Ball Valve,,1,,
SANY p135 L6,3-61,BCB006364669 Left Rear Outrigger,6,12652890,Water Outlet Pipe,,1,,
SANY p135 L7,3-61,BCB006364669 Left Rear Outrigger,7,13544180,Outrigger Seat,,1,,
SANY p135 L8,3-61,BCB006364669 Left Rear Outrigger,8,13544177,Pressure Plate,,1,,
SANY p135 L9,3-61,BCB006364669 Left Rear Outrigger,9,A210401000002,Washer,,10,,
SANY p135 L10,3-61,BCB006364669 Left Rear Outrigger,10,A210111000038,Bolt,,6,,
SANY p135 L11,3-61,BCB006364669 Left Rear Outrigger,11,60054115,Liquid level meter,,1,,
SANY p135 L12,3-61,BCB006364669 Left Rear Outrigger,12,60151318,Air Filter,,1,3-62,
SANY p135 L13,3-61,BCB006364669 Left Rear Outrigger,13,12576443,special-made bolt,,1,,
SANY p135 L14,3-61,BCB006364669 Left Rear Outrigger,14,A210204000095,Screw,,8,,
SANY p135 L15,3-61,BCB006364669 Left Rear Outrigger,15,13258431,Cover Plate,Sany yellow,1,,
SANY p135 L16,3-61,BCB006364669 Left Rear Outrigger,15,13258431GC,Cover Plate,Yellow green,,,VARIANT_OF_ROW_ABOVE
SANY p135 L17,3-61,BCB006364669 Left Rear Outrigger,15,13258431WD,Cover Plate,Pure white,,,VARIANT_OF_ROW_ABOVE
SANY p135 L18,3-61,BCB006364669 Left Rear Outrigger,16,A820101356588,Cover plate,Sany yellow,1,,
SANY p135 L19,3-61,BCB006364669 Left Rear Outrigger,16,A820101356588WD,Cover plate,Pure white,,,VARIANT_OF_ROW_ABOVE
SANY p135 L20,3-61,BCB006364669 Left Rear Outrigger,16,A820101356588GC,Cover plate,Yellow green,,,VARIANT_OF_ROW_ABOVE
SANY p135 L21,3-61,BCB006364669 Left Rear Outrigger,17,A210401000016,Washer,,4,,
SANY p135 L22,3-61,BCB006364669 Left Rear Outrigger,18,A210204000129,Screw,,4,,
SANY p135 L23,3-61,BCB006364669 Left Rear Outrigger,19,A210211000003,Screw,,2,,
SANY p135 L24,3-61,BCB006364669 Left Rear Outrigger,20,13278728,Rear Outrigger Cylinder,,1,3-64,
SANY p135 L25,3-61,BCB006364669 Left Rear Outrigger,21,A210111000037,Bolt,,4,,
SANY p135 L26,3-61,BCB006364669 Left Rear Outrigger,22,A210405000001,Washer,,4,,
SANY p135 L27,3-61,BCB006364669 Left Rear Outrigger,23,11824005,Left Outrigger Lock Installation,,1,3-66,
SANY p135 L28,3-61,BCB006364669 Left Rear Outrigger,24,13797141,Tail Lamp Seal Plate,Sany yellow,1,,
SANY p137 L1,3-63,60151318 Air Filter (p3-62),1,151800000053A001,Gasket,,1,,
SANY p137 L2,3-63,60151318 Air Filter (p3-62),2,151800000053A002,Filter Core,,1,,
SANY p137 L3,3-63,60151318 Air Filter (p3-62),3,151800000053A003,Seal Ring,,1,,
SANY p139 L1,3-65,13278728 Rear Outrigger Cylinder (p3-64),1,13283052,Piston Rod,,1,,
SANY p139 L2,3-65,13278728 Rear Outrigger Cylinder (p3-64),2,13615057,Guide Bush,,1,,
SANY p139 L3,3-65,13278728 Rear Outrigger Cylinder (p3-64),3,60023533,O-ring,,1,,
SANY p139 L4,3-65,13278728 Rear Outrigger Cylinder (p3-64),4,10250744,Retainer Ring,,2,,
SANY p139 L5,3-65,13278728 Rear Outrigger Cylinder (p3-64),5,12656636,Piston,,1,,
SANY p139 L6,3-65,13278728 Rear Outrigger Cylinder (p3-64),6,B230101001456,UP Guide Ring,,2,,
SANY p139 L7,3-65,13278728 Rear Outrigger Cylinder (p3-64),7,B230101001957,B7 Seal Ring,,1,,
SANY p139 L8,3-65,13278728 Rear Outrigger Cylinder (p3-64),8,B230101000139,OK Seal Ring,,1,,
SANY p139 L9,3-65,13278728 Rear Outrigger Cylinder (p3-64),9,A210417000004,Retainer Ring,,1,,
SANY p139 L10,3-65,13278728 Rear Outrigger Cylinder (p3-64),10,60011289,Oil-free Bearing,,1,,
SANY p139 L11,3-65,13278728 Rear Outrigger Cylinder (p3-64),11,13599574,Gsj Seal Ring,,1,,
SANY p139 L12,3-65,13278728 Rear Outrigger Cylinder (p3-64),12,B230101002132,ZBR Seal Ring,,1,,
SANY p139 L13,3-65,13278728 Rear Outrigger Cylinder (p3-64),13,151403021157A,O-ring,,2,,
SANY p139 L14,3-65,13278728 Rear Outrigger Cylinder (p3-64),14,13573472,HWM Dust Ring,,1,,
SANY p139 L15,3-65,13278728 Rear Outrigger Cylinder (p3-64),15,A210417000002,Retainer Ring,,1,,
SANY p139 L16,3-65,13278728 Rear Outrigger Cylinder (p3-64),16,A210609000165,O-ring,,2,,
SANY p139 L17,3-65,13278728 Rear Outrigger Cylinder (p3-64),17,A820202000105,Shaft Clipping Key,,1,,
SANY p139 L18,3-65,13278728 Rear Outrigger Cylinder (p3-64),18,A820202002858,Clipping Key Cap,,1,,
SANY p139 L19,3-65,13278728 Rear Outrigger Cylinder (p3-64),19,A210414000102,Retainer Ring,,1,,
SANY p139 L20,3-65,13278728 Rear Outrigger Cylinder (p3-64),20,12355723,Screw Plug,,2,,
SANY p139 L21,3-65,13278728 Rear Outrigger Cylinder (p3-64),21,A210434000008,Washer,,2,,
SANY p139 L22,3-65,13278728 Rear Outrigger Cylinder (p3-64),22,13615058,Cylinder Bore GP,,1,,
SANY p139 L23,3-65,13278728 Rear Outrigger Cylinder (p3-64),23,A210208000024,Screw,,1,,
SANY p139 L24,3-65,13278728 Rear Outrigger Cylinder (p3-64),24,14209011,Damping Plug,,1,,
SANY p139 L25,3-65,13278728 Rear Outrigger Cylinder (p3-64),25,A820301017919,Damping Plug,,1,,
SANY p139 L26,3-65,13278728 Rear Outrigger Cylinder (p3-64),26,11252642,Plate,,1,,
SANY p139 L27,3-65,13278728 Rear Outrigger Cylinder (p3-64),27,11252641,Pressure Plate,,1,,
SANY p139 L28,3-65,13278728 Rear Outrigger Cylinder (p3-64),28,A210204000129,Screw,,6,,
SANY p141 L1,3-67,11824005 Left Outrigger Lock Installation,1,11824008,Left Lock Support,,1,,
SANY p141 L2,3-67,11824005 Left Outrigger Lock Installation,2,A210616000032,Spring,,1,,
SANY p141 L3,3-67,11824005 Left Outrigger Lock Installation,3,11222687,Lock Tongue,,1,,
SANY p141 L4,3-67,11824005 Left Outrigger Lock Installation,4,11222794,Pin,,1,,
SANY p141 L5,3-67,11824005 Left Outrigger Lock Installation,5,11222978,Handle,,1,,
SANY p141 L6,3-67,11824005 Left Outrigger Lock Installation,6,A810599000110,Rubber Plate,,1,,
SANY p141 L7,3-67,11824005 Left Outrigger Lock Installation,7,A210405000003,Washer,,1,,
SANY p141 L8,3-67,11824005 Left Outrigger Lock Installation,8,A210401000004,Washer,,1,,
SANY p141 L9,3-67,11824005 Left Outrigger Lock Installation,9,A210336000003,Nut,,1,,
SANY p141 L10,3-67,11824005 Left Outrigger Lock Installation,10,A210405000011,Washer,,4,,
SANY p141 L11,3-67,11824005 Left Outrigger Lock Installation,11,A210401000001,Washer,,4,,
SANY p141 L12,3-67,11824005 Left Outrigger Lock Installation,12,A210204000161,Screw,,4,,
SANY p141 L13,3-67,11824005 Left Outrigger Lock Installation,13,A210804000001,Oil Cup,,1,,
SANY p141 L14,3-67,11824005 Left Outrigger Lock Installation,14,A210307000012,Nut,,1,,
SANY p141 L15,3-67,11824005 Left Outrigger Lock Installation,15,A210204000130,Screw,,1,,
SANY p143 L1,3-69,11300603 Contact Roller AS,1,11296613,Roller Wheel Shaft,,1,,
SANY p143 L2,3-69,11300603 Contact Roller AS,2,10855582,Spacing Ring,,1,,
SANY p143 L3,3-69,11300603 Contact Roller AS,3,A820202000951,Bearing,,1,,
SANY p143 L4,3-69,11300603 Contact Roller AS,4,A820301018816,Roller Wheel,,1,,
SANY p143 L5,3-69,11300603 Contact Roller AS,5,A820201010036,End Cover,,1,,
SANY p143 L6,3-69,11300603 Contact Roller AS,6,A210204000146,Screw,,2,,
SANY p143 L7,3-69,11300603 Contact Roller AS,7,A210804000003,Oil Cup,,1,,
SANY p143 L8,3-69,11300603 Contact Roller AS,8,A210405000011,Washer,,4,,
SANY p143 L9,3-69,11300603 Contact Roller AS,9,A210401000001,Washer,,4,,
SANY p143 L10,3-69,11300603 Contact Roller AS,10,A210111000018,Bolt,,4,,
SANY p145 L1,3-71,BCB007204877 Right Front Outrigger,1,13544180,Outrigger Seat,,1,,
SANY p145 L2,3-71,BCB007204877 Right Front Outrigger,2,13544177,Pressure Plate,,1,,
SANY p145 L3,3-71,BCB007204877 Right Front Outrigger,3,A210401000002,Washer,,6,,
SANY p145 L4,3-71,BCB007204877 Right Front Outrigger,4,A210111000038,Bolt,,6,,
SANY p145 L5,3-71,BCB007204877 Right Front Outrigger,5,A210204000130,Screw,,4,,
SANY p145 L6,3-71,BCB007204877 Right Front Outrigger,6,A210401000016,Washer,,12,,
SANY p145 L7,3-71,BCB007204877 Right Front Outrigger,7,A820101356099,Cover Plate,Sany yellow,2,,
SANY p145 L8,3-71,BCB007204877 Right Front Outrigger,7,A820101356099GC,Cover plate,Yellow green,,,VARIANT_OF_ROW_ABOVE
SANY p145 L9,3-71,BCB007204877 Right Front Outrigger,7,A820101356099WD,Cover plate,Pure white,,,VARIANT_OF_ROW_ABOVE
SANY p145 L10,3-71,BCB007204877 Right Front Outrigger,8,A210204000172,Screw,,8,,
SANY p145 L11,3-71,BCB007204877 Right Front Outrigger,9,A820101990716,cover plate,Sany yellow,2,,
SANY p145 L12,3-71,BCB007204877 Right Front Outrigger,9,A820101990716WD,cover plate,Pure white,,,VARIANT_OF_ROW_ABOVE
SANY p145 L13,3-71,BCB007204877 Right Front Outrigger,9,A820101990716GC,cover plate,Yellow green,,,VARIANT_OF_ROW_ABOVE
SANY p145 L14,3-71,BCB007204877 Right Front Outrigger,10,A820101356098,Cover Plate,Sany yellow,2,,
SANY p145 L15,3-71,BCB007204877 Right Front Outrigger,10,A820101356098WD,cover plate,Pure white,,,VARIANT_OF_ROW_ABOVE
SANY p145 L16,3-71,BCB007204877 Right Front Outrigger,10,A820101356098GC,cover plate,Yellow green,,,VARIANT_OF_ROW_ABOVE
SANY p145 L17,3-71,BCB007204877 Right Front Outrigger,11,BCB005723842,Arm Extension 2,Sany yellow,1,,
SANY p145 L18,3-71,BCB007204877 Right Front Outrigger,12,13342980,Cover Plate,Sany yellow,1,,
SANY p145 L19,3-71,BCB007204877 Right Front Outrigger,13,A210211000011,Screw,,2,,
SANY p145 L20,3-71,BCB007204877 Right Front Outrigger,14,A210804000003,Oil Cup,,4,,
SANY p145 L21,3-71,BCB007204877 Right Front Outrigger,15,A820301018516,Roller Wheel Shaft,,4,,
SANY p145 L22,3-71,BCB007204877 Right Front Outrigger,16,A820208000409,Bearing,,4,,
SANY p145 L23,3-71,BCB007204877 Right Front Outrigger,17,12500886,Roller Wheel,,2,,
SANY p145 L24,3-71,BCB007204877 Right Front Outrigger,18,150901020183A,Combined Cylinder,Sany yellow,1,3-74,
SANY p145 L25,3-71,BCB007204877 Right Front Outrigger,19,A210501000010,Pin,,6,,
SANY p145 L26,3-71,BCB007204877 Right Front Outrigger,20,A210405000014,Washer,,6,,
SANY p145 L27,3-71,BCB007204877 Right Front Outrigger,21,A820301018265,Pin,,3,,
SANY p145 L28,3-71,BCB007204877 Right Front Outrigger,22,A210204000095,Screw,,8,,
SANY p145 L29,3-71,BCB007204877 Right Front Outrigger,23,150902060084A,Front Outrigger Cylinder,Sany yellow,1,3-80,
SANY p147 L1,3-73,BCB007204877 Right Front Outrigger,14,A210804000003,Oil Cup,,4,,
SANY p147 L2,3-73,BCB007204877 Right Front Outrigger,15,A820301018516,Roller Wheel Shaft,,4,,
SANY p147 L3,3-73,BCB007204877 Right Front Outrigger,16,A820208000409,Bearing,,4,,
SANY p147 L4,3-73,BCB007204877 Right Front Outrigger,18,150901020183A,Combined Cylinder,Sany yellow,1,3-74,
SANY p147 L5,3-73,BCB007204877 Right Front Outrigger,19,A210501000010,Pin,,6,,
SANY p147 L6,3-73,BCB007204877 Right Front Outrigger,20,A210405000014,Washer,,6,,
SANY p147 L7,3-73,BCB007204877 Right Front Outrigger,21,A820301018265,Pin,,3,,
SANY p147 L8,3-73,BCB007204877 Right Front Outrigger,24,12586619,Arm Extension 1,Sany yellow,1,,
SANY p147 L9,3-73,BCB007204877 Right Front Outrigger,25,A210211000010,Screw,,2,,
SANY p147 L10,3-73,BCB007204877 Right Front Outrigger,26,A820299002216,roller wheel,,2,,
SANY p147 L11,3-73,BCB007204877 Right Front Outrigger,27,10682796,Limit Plate,,1,,
SANY p149 L1,3-75,150901020183A Combined Cylinder,1,A210110000014,Bolt,,8,,
SANY p149 L2,3-75,150901020183A Combined Cylinder,2,A210401000002,Washer,,8,,
SANY p149 L3,3-75,150901020183A Combined Cylinder,3,150901020181A,Front Outrigger Telescoping Cylinder,,1,3-76,
SANY p149 L4,3-75,150901020183A Combined Cylinder,4,150901020182A,Front Outrigger Telescoping Cylinder,,1,3-78,
SANY p151 L1,3-77,150901020181A Front Outrigger Telescoping Cylinder,1,SYG005592033,Cylinder Bore GP,,1,,
SANY p151 L2,3-77,150901020181A Front Outrigger Telescoping Cylinder,2,13267547,Guide Bush,,1,,
SANY p151 L3,3-77,150901020181A Front Outrigger Telescoping Cylinder,3,SYG005592039,Piston Rod GP,,1,,
SANY p151 L4,3-77,150901020181A Front Outrigger Telescoping Cylinder,4,SYG005580458,Piston,,1,,
SANY p151 L5,3-77,150901020181A Front Outrigger Telescoping Cylinder,5,13746800,JT Guide Ring,,2,,
SANY p151 L6,3-77,150901020181A Front Outrigger Telescoping Cylinder,6,B230101002121,ZBR Seal Ring,,1,,
SANY p151 L7,3-77,150901020181A Front Outrigger Telescoping Cylinder,7,13746817,JT Guide Ring,,2,,
SANY p151 L8,3-77,150901020181A Front Outrigger Telescoping Cylinder,8,A210609000317,O-ring,,2,,
SANY p151 L9,3-77,150901020181A Front Outrigger Telescoping Cylinder,9,60208647,Seal Ring,,1,,
SANY p151 L10,3-77,150901020181A Front Outrigger Telescoping Cylinder,10,13272323,Oil-out Ring,,1,,
SANY p151 L11,3-77,150901020181A Front Outrigger Telescoping Cylinder,11,A210609000077,O-ring,,1,,
SANY p151 L12,3-77,150901020181A Front Outrigger Telescoping Cylinder,12,A210434000008,Washer,,4,,
SANY p151 L13,3-77,150901020181A Front Outrigger Telescoping Cylinder,13,12355723,Screw Plug,,4,,
SANY p151 L14,3-77,150901020181A Front Outrigger Telescoping Cylinder,14,A210208000013,Screw,,1,,
SANY p151 L15,3-77,150901020181A Front Outrigger Telescoping Cylinder,15,A210661000015,Steel Ball,,1,,
SANY p151 L16,3-77,150901020181A Front Outrigger Telescoping Cylinder,16,13268936,Seal Ring,,1,,
SANY p151 L17,3-77,150901020181A Front Outrigger Telescoping Cylinder,17,B230101000067,AY Dust Ring,,1,,
SANY p151 L18,3-77,150901020181A Front Outrigger Telescoping Cylinder,18,B230101001842,UNP Seal Ring,,2,,
SANY p153 L1,3-79,150901020182A Front Outrigger Telescoping Cylinder,1,SYG005592037,Cylinder Bore GP,,1,,
SANY p153 L2,3-79,150901020182A Front Outrigger Telescoping Cylinder,2,SYG005592027,Piston Rod GP,,1,,
SANY p153 L3,3-79,150901020182A Front Outrigger Telescoping Cylinder,3,SYG005580458,Piston,,1,,
SANY p153 L4,3-79,150901020182A Front Outrigger Telescoping Cylinder,4,13267547,Guide Bush,,1,,
SANY p153 L5,3-79,150901020182A Front Outrigger Telescoping Cylinder,5,B230101002121,ZBR Seal Ring,,1,,
SANY p153 L6,3-79,150901020182A Front Outrigger Telescoping Cylinder,6,A210609000317,O-ring,,2,,
SANY p153 L7,3-79,150901020182A Front Outrigger Telescoping Cylinder,7,B230101001842,UNP Seal Ring,,2,,
SANY p153 L8,3-79,150901020182A Front Outrigger Telescoping Cylinder,8,A210609000077,O-ring,,1,,
SANY p153 L9,3-79,150901020182A Front Outrigger Telescoping Cylinder,9,13746817,JT Guide Ring,,2,,
SANY p153 L10,3-79,150901020182A Front Outrigger Telescoping Cylinder,10,13746800,JT Guide Ring,,2,,
SANY p153 L11,3-79,150901020182A Front Outrigger Telescoping Cylinder,11,A210434000008,Washer,,2,,
SANY p153 L12,3-79,150901020182A Front Outrigger Telescoping Cylinder,12,12355723,Screw Plug,,2,,
SANY p153 L13,3-79,150901020182A Front Outrigger Telescoping Cylinder,13,A210208000013,Screw,,1,,
SANY p153 L14,3-79,150901020182A Front Outrigger Telescoping Cylinder,14,A210661000015,Steel Ball,,1,,
SANY p153 L15,3-79,150901020182A Front Outrigger Telescoping Cylinder,15,B230101000067,AY Dust Ring,,1,,
SANY p153 L16,3-79,150901020182A Front Outrigger Telescoping Cylinder,16,13268936,Seal Ring,,1,,
SANY p153 L17,3-79,150901020182A Front Outrigger Telescoping Cylinder,17,60208647,Seal Ring,,1,,
SANY p153 L18,3-79,150901020182A Front Outrigger Telescoping Cylinder,18,SYG005592032,Spacer Bushing,,1,,
SANY p153 L19,3-79,150901020182A Front Outrigger Telescoping Cylinder,19,13746799,JT Guide Ring,,2,,
SANY p155 L1,3-81,150902060084A Front Outrigger Cylinder,1,SYG005299832,Cylinder Bore GP,,1,,
SANY p155 L2,3-81,150902060084A Front Outrigger Cylinder,2,13099824,Piston Rod,,1,,
SANY p155 L3,3-81,150902060084A Front Outrigger Cylinder,3,A210609000165,O-ring,,2,,
SANY p155 L4,3-81,150902060084A Front Outrigger Cylinder,4,A820402000185,Piston,,1,,
SANY p155 L5,3-81,150902060084A Front Outrigger Cylinder,5,A820208000045,Shaft Clipping Key,,2,,
SANY p155 L6,3-81,150902060084A Front Outrigger Cylinder,6,A820202000930,Clipping Key Cap,,1,,
SANY p155 L7,3-81,150902060084A Front Outrigger Cylinder,7,A210414000102,Retainer Ring,,1,,
SANY p155 L8,3-81,150902060084A Front Outrigger Cylinder,8,13615875,Guide Bush,,1,,
SANY p155 L9,3-81,150902060084A Front Outrigger Cylinder,9,A210434000008,Washer,,2,,
SANY p155 L10,3-81,150902060084A Front Outrigger Cylinder,10,21011613,O-ring,,1,,
SANY p155 L11,3-81,150902060084A Front Outrigger Cylinder,11,60208488,Oil-Free Bearing,,1,,
SANY p155 L12,3-81,150902060084A Front Outrigger Cylinder,12,10250742,Retainer Ring,,2,,
SANY p155 L13,3-81,150902060084A Front Outrigger Cylinder,13,151403021145A,O-ring,,2,,
SANY p155 L14,3-81,150902060084A Front Outrigger Cylinder,14,13599572,Gsj Seal Ring,,1,,
SANY p155 L15,3-81,150902060084A Front Outrigger Cylinder,15,B230101002131,ZBR Seal Ring,,1,,
SANY p155 L16,3-81,150902060084A Front Outrigger Cylinder,16,13266590,Hwm Dust Ring,,1,,
SANY p155 L17,3-81,150902060084A Front Outrigger Cylinder,17,A210417000001,Retainer Ring,,1,,
SANY p155 L18,3-81,150902060084A Front Outrigger Cylinder,18,A210417000004,Retainer Ring,,1,,
SANY p155 L19,3-81,150902060084A Front Outrigger Cylinder,19,B230101000138,OK Seal Ring,,1,,
SANY p155 L20,3-81,150902060084A Front Outrigger Cylinder,20,B230101002105,UNP Seal Ring,,1,,
SANY p155 L21,3-81,150902060084A Front Outrigger Cylinder,21,B230101001371,UP Guide Ring,,2,,
SANY p155 L22,3-81,150902060084A Front Outrigger Cylinder,22,14209011,Damping Plug,,1,,
SANY p155 L23,3-81,150902060084A Front Outrigger Cylinder,23,A820301017919,Damping Plug,,1,,
SANY p155 L24,3-81,150902060084A Front Outrigger Cylinder,24,12355723,Screw Plug,,2,,
SANY p155 L25,3-81,150902060084A Front Outrigger Cylinder,25,11252642,Plate,,1,,
SANY p155 L26,3-81,150902060084A Front Outrigger Cylinder,26,11252641,Pressure Plate,,1,,
SANY p155 L27,3-81,150902060084A Front Outrigger Cylinder,27,A210204000129,Screw,,6,,
SANY p155 L28,3-81,150902060084A Front Outrigger Cylinder,28,24004294,Screw,,1,,
SANY p155 L29,3-81,150902060084A Front Outrigger Cylinder,29,A820101346391,Block,,1,,
SANY p155 L30,3-81,150902060084A Front Outrigger Cylinder,30,A210401000015,Washer,,4,,
SANY p155 L31,3-81,150902060084A Front Outrigger Cylinder,31,A210204000116,Screw,,4,,
SANY p157 L1,3-83,BCB007205964 Left Front Outrigger,1,BCB005723836,Arm Extension 2,Sany yellow,1,,
SANY p157 L2,3-83,BCB007205964 Left Front Outrigger,2,A210804000003,Oil Cup,,4,,
SANY p157 L3,3-83,BCB007205964 Left Front Outrigger,3,A820301018516,Roller Wheel Shaft,,4,,
SANY p157 L4,3-83,BCB007205964 Left Front Outrigger,4,A820208000409,Bearing,,4,,
SANY p157 L5,3-83,BCB007205964 Left Front Outrigger,5,A820299002216,roller wheel,,2,,
SANY p157 L6,3-83,BCB007205964 Left Front Outrigger,6,A210204000172,Screw,,4,,
SANY p157 L7,3-83,BCB007205964 Left Front Outrigger,7,A820101990716,cover plate,Sany yellow,2,,
SANY p157 L8,3-83,BCB007205964 Left Front Outrigger,7,A820101990716WD,cover plate,Pure white,,,VARIANT_OF_ROW_ABOVE
SANY p157 L9,3-83,BCB007205964 Left Front Outrigger,7,A820101990716GC,cover plate,Yellow green,,,VARIANT_OF_ROW_ABOVE
SANY p157 L10,3-83,BCB007205964 Left Front Outrigger,8,A210401000016,Washer,,4,,
SANY p157 L11,3-83,BCB007205964 Left Front Outrigger,9,150902060084A,Front Outrigger Cylinder,Sany yellow,1,3-86,
SANY p157 L12,3-83,BCB007205964 Left Front Outrigger,10,A210111000038,Bolt,,6,,
SANY p157 L13,3-83,BCB007205964 Left Front Outrigger,11,A210401000002,Washer,,6,,
SANY p157 L14,3-83,BCB007205964 Left Front Outrigger,12,13544177,Pressure Plate,,1,,
SANY p157 L15,3-83,BCB007205964 Left Front Outrigger,13,13544180,Outrigger Seat,,1,,
SANY p157 L16,3-83,BCB007205964 Left Front Outrigger,14,A210405000014,Washer,,6,,
SANY p157 L17,3-83,BCB007205964 Left Front Outrigger,15,A210501000010,Pin,,6,,
SANY p157 L18,3-83,BCB007205964 Left Front Outrigger,16,150901020183A,Combined Cylinder,Sany yellow,1,3-88,
SANY p157 L19,3-83,BCB007205964 Left Front Outrigger,17,A820301018265,Pin,,3,,
SANY p157 L20,3-83,BCB007205964 Left Front Outrigger,18,13342980,Cover Plate,Sany yellow,1,,
SANY p157 L21,3-83,BCB007205964 Left Front Outrigger,19,A210211000011,Screw,,2,,
SANY p157 L22,3-83,BCB007205964 Left Front Outrigger,24,A210204000095,Screw,,8,,
SANY p159 L1,3-85,BCB007205964 Left Front Outrigger,2,A210804000003,Oil Cup,,4,,
SANY p159 L2,3-85,BCB007205964 Left Front Outrigger,3,A820301018516,Roller Wheel Shaft,,4,,
SANY p159 L3,3-85,BCB007205964 Left Front Outrigger,4,A820208000409,Bearing,,4,,
SANY p159 L4,3-85,BCB007205964 Left Front Outrigger,14,A210405000014,Washer,,6,,
SANY p159 L5,3-85,BCB007205964 Left Front Outrigger,15,A210501000010,Pin,,6,,
SANY p159 L6,3-85,BCB007205964 Left Front Outrigger,16,150901020183A,Combined Cylinder,Sany yellow,1,3-88,
SANY p159 L7,3-85,BCB007205964 Left Front Outrigger,17,A820301018265,Pin,,3,,
SANY p159 L8,3-85,BCB007205964 Left Front Outrigger,20,A210211000010,Screw,,2,,
SANY p159 L9,3-85,BCB007205964 Left Front Outrigger,21,10682796,Limit Plate,,1,,
SANY p159 L10,3-85,BCB007205964 Left Front Outrigger,22,12500886,Roller Wheel,,2,,
SANY p159 L11,3-85,BCB007205964 Left Front Outrigger,23,12586607,Arm Extension 1,Sany yellow,1,,
SANY p161 L1,3-87,150902060084A Front Outrigger Cylinder (p3-86),1,SYG005299832,Cylinder Bore GP,,1,,
SANY p161 L2,3-87,150902060084A Front Outrigger Cylinder (p3-86),2,13099824,Piston Rod,,1,,
SANY p161 L3,3-87,150902060084A Front Outrigger Cylinder (p3-86),3,A210609000165,O-ring,,2,,
SANY p161 L4,3-87,150902060084A Front Outrigger Cylinder (p3-86),4,A820402000185,Piston,,1,,
SANY p161 L5,3-87,150902060084A Front Outrigger Cylinder (p3-86),5,A820208000045,Shaft Clipping Key,,2,,
SANY p161 L6,3-87,150902060084A Front Outrigger Cylinder (p3-86),6,A820202000930,Clipping Key Cap,,1,,
SANY p161 L7,3-87,150902060084A Front Outrigger Cylinder (p3-86),7,A210414000102,Retainer Ring,,1,,
SANY p161 L8,3-87,150902060084A Front Outrigger Cylinder (p3-86),8,13615875,Guide Bush,,1,,
SANY p161 L9,3-87,150902060084A Front Outrigger Cylinder (p3-86),9,A210434000008,Washer,,2,,
SANY p161 L10,3-87,150902060084A Front Outrigger Cylinder (p3-86),10,21011613,O-ring,,1,,
SANY p161 L11,3-87,150902060084A Front Outrigger Cylinder (p3-86),11,60208488,Oil-Free Bearing,,1,,
SANY p161 L12,3-87,150902060084A Front Outrigger Cylinder (p3-86),12,10250742,Retainer Ring,,2,,
SANY p161 L13,3-87,150902060084A Front Outrigger Cylinder (p3-86),13,151403021145A,O-ring,,2,,
SANY p161 L14,3-87,150902060084A Front Outrigger Cylinder (p3-86),14,13599572,Gsj Seal Ring,,1,,
SANY p161 L15,3-87,150902060084A Front Outrigger Cylinder (p3-86),15,B230101002131,ZBR Seal Ring,,1,,
SANY p161 L16,3-87,150902060084A Front Outrigger Cylinder (p3-86),16,13266590,Hwm Dust Ring,,1,,
SANY p161 L17,3-87,150902060084A Front Outrigger Cylinder (p3-86),17,A210417000001,Retainer Ring,,1,,
SANY p161 L18,3-87,150902060084A Front Outrigger Cylinder (p3-86),18,A210417000004,Retainer Ring,,1,,
SANY p161 L19,3-87,150902060084A Front Outrigger Cylinder (p3-86),19,B230101000138,OK Seal Ring,,1,,
SANY p161 L20,3-87,150902060084A Front Outrigger Cylinder (p3-86),20,B230101002105,UNP Seal Ring,,1,,
SANY p161 L21,3-87,150902060084A Front Outrigger Cylinder (p3-86),21,B230101001371,UP Guide Ring,,2,,
SANY p161 L22,3-87,150902060084A Front Outrigger Cylinder (p3-86),22,14209011,Damping Plug,,1,,
SANY p161 L23,3-87,150902060084A Front Outrigger Cylinder (p3-86),23,A820301017919,Damping Plug,,1,,
SANY p161 L24,3-87,150902060084A Front Outrigger Cylinder (p3-86),24,12355723,Screw Plug,,2,,
SANY p161 L25,3-87,150902060084A Front Outrigger Cylinder (p3-86),25,11252642,Plate,,1,,
SANY p161 L26,3-87,150902060084A Front Outrigger Cylinder (p3-86),26,11252641,Pressure Plate,,1,,
SANY p161 L27,3-87,150902060084A Front Outrigger Cylinder (p3-86),27,A210204000129,Screw,,6,,
SANY p161 L28,3-87,150902060084A Front Outrigger Cylinder (p3-86),28,24004294,Screw,,1,,
SANY p161 L29,3-87,150902060084A Front Outrigger Cylinder (p3-86),29,A820101346391,Block,,1,,
SANY p161 L30,3-87,150902060084A Front Outrigger Cylinder (p3-86),30,A210401000015,Washer,,4,,
SANY p161 L31,3-87,150902060084A Front Outrigger Cylinder (p3-86),31,A210204000116,Screw,,4,,
SANY p163 L1,3-89,150901020183A Combined Cylinder (p3-88),1,A210110000014,Bolt,,8,,
SANY p163 L2,3-89,150901020183A Combined Cylinder (p3-88),2,A210401000002,Washer,,8,,
SANY p163 L3,3-89,150901020183A Combined Cylinder (p3-88),3,150901020181A,Front Outrigger Telescoping Cylinder,,1,3-90,
SANY p163 L4,3-89,150901020183A Combined Cylinder (p3-88),4,150901020182A,Front Outrigger Telescoping Cylinder,,1,3-92,
SANY p165 L1,3-91,150901020181A Front Outrigger Telescoping Cylinder (p3-90),1,SYG005592033,Cylinder Bore GP,,1,,
SANY p165 L2,3-91,150901020181A Front Outrigger Telescoping Cylinder (p3-90),2,13267547,Guide Bush,,1,,
SANY p165 L3,3-91,150901020181A Front Outrigger Telescoping Cylinder (p3-90),3,SYG005592039,Piston Rod GP,,1,,
SANY p165 L4,3-91,150901020181A Front Outrigger Telescoping Cylinder (p3-90),4,SYG005580458,Piston,,1,,
SANY p165 L5,3-91,150901020181A Front Outrigger Telescoping Cylinder (p3-90),5,13746800,JT Guide Ring,,2,,
SANY p165 L6,3-91,150901020181A Front Outrigger Telescoping Cylinder (p3-90),6,B230101002121,ZBR Seal Ring,,1,,
SANY p165 L7,3-91,150901020181A Front Outrigger Telescoping Cylinder (p3-90),7,13746817,JT Guide Ring,,2,,
SANY p165 L8,3-91,150901020181A Front Outrigger Telescoping Cylinder (p3-90),8,A210609000317,O-ring,,2,,
SANY p165 L9,3-91,150901020181A Front Outrigger Telescoping Cylinder (p3-90),9,60208647,Seal Ring,,1,,
SANY p165 L10,3-91,150901020181A Front Outrigger Telescoping Cylinder (p3-90),10,13272323,Oil-out Ring,,1,,
SANY p165 L11,3-91,150901020181A Front Outrigger Telescoping Cylinder (p3-90),11,A210609000077,O-ring,,1,,
SANY p165 L12,3-91,150901020181A Front Outrigger Telescoping Cylinder (p3-90),12,A210434000008,Washer,,4,,
SANY p165 L13,3-91,150901020181A Front Outrigger Telescoping Cylinder (p3-90),13,12355723,Screw Plug,,4,,
SANY p165 L14,3-91,150901020181A Front Outrigger Telescoping Cylinder (p3-90),14,A210208000013,Screw,,1,,
SANY p165 L15,3-91,150901020181A Front Outrigger Telescoping Cylinder (p3-90),15,A210661000015,Steel Ball,,1,,
SANY p165 L16,3-91,150901020181A Front Outrigger Telescoping Cylinder (p3-90),16,13268936,Seal Ring,,1,,
SANY p165 L17,3-91,150901020181A Front Outrigger Telescoping Cylinder (p3-90),17,B230101000067,AY Dust Ring,,1,,
SANY p165 L18,3-91,150901020181A Front Outrigger Telescoping Cylinder (p3-90),18,B230101001842,UNP Seal Ring,,2,,
SANY p167 L1,3-93,150901020182A Front Outrigger Telescoping Cylinder (p3-92),1,SYG005592037,Cylinder Bore GP,,1,,
SANY p167 L2,3-93,150901020182A Front Outrigger Telescoping Cylinder (p3-92),2,SYG005592027,Piston Rod GP,,1,,
SANY p167 L3,3-93,150901020182A Front Outrigger Telescoping Cylinder (p3-92),3,SYG005580458,Piston,,1,,
SANY p167 L4,3-93,150901020182A Front Outrigger Telescoping Cylinder (p3-92),4,13267547,Guide Bush,,1,,
SANY p167 L5,3-93,150901020182A Front Outrigger Telescoping Cylinder (p3-92),5,B230101002121,ZBR Seal Ring,,1,,
SANY p167 L6,3-93,150901020182A Front Outrigger Telescoping Cylinder (p3-92),6,A210609000317,O-ring,,2,,
SANY p167 L7,3-93,150901020182A Front Outrigger Telescoping Cylinder (p3-92),7,B230101001842,UNP Seal Ring,,2,,
SANY p167 L8,3-93,150901020182A Front Outrigger Telescoping Cylinder (p3-92),8,A210609000077,O-ring,,1,,
SANY p167 L9,3-93,150901020182A Front Outrigger Telescoping Cylinder (p3-92),9,13746817,JT Guide Ring,,2,,
SANY p167 L10,3-93,150901020182A Front Outrigger Telescoping Cylinder (p3-92),10,13746800,JT Guide Ring,,2,,
SANY p167 L11,3-93,150901020182A Front Outrigger Telescoping Cylinder (p3-92),11,A210434000008,Washer,,2,,
SANY p167 L12,3-93,150901020182A Front Outrigger Telescoping Cylinder (p3-92),12,12355723,Screw Plug,,2,,
SANY p167 L13,3-93,150901020182A Front Outrigger Telescoping Cylinder (p3-92),13,A210208000013,Screw,,1,,
SANY p167 L14,3-93,150901020182A Front Outrigger Telescoping Cylinder (p3-92),14,A210661000015,Steel Ball,,1,,
SANY p167 L15,3-93,150901020182A Front Outrigger Telescoping Cylinder (p3-92),15,B230101000067,AY Dust Ring,,1,,
SANY p167 L16,3-93,150901020182A Front Outrigger Telescoping Cylinder (p3-92),16,13268936,Seal Ring,,1,,
SANY p167 L17,3-93,150901020182A Front Outrigger Telescoping Cylinder (p3-92),17,60208647,Seal Ring,,1,,
SANY p167 L18,3-93,150901020182A Front Outrigger Telescoping Cylinder (p3-92),18,SYG005592032,Spacer Bushing,,1,,
SANY p167 L19,3-93,150901020182A Front Outrigger Telescoping Cylinder (p3-92),19,13746799,JT Guide Ring,,2,,
SANY p169 L1,3-95,11141675 Turntable Encoder,1,13620823,Footing,,1,,
SANY p169 L2,3-95,11141675 Turntable Encoder,2,13620824,turntable,,1,,
SANY p169 L3,3-95,11141675 Turntable Encoder,3,A210401000015,Washer,,3,,
SANY p169 L4,3-95,11141675 Turntable Encoder,4,A210210000003,Screw,,3,,
SANY p169 L5,3-95,11141675 Turntable Encoder,5,A210402000046,Washer,,3,,
SANY p169 L6,3-95,11141675 Turntable Encoder,6,A210401000001,Washer,,5,,
SANY p169 L7,3-95,11141675 Turntable Encoder,7,A210204000013,Screw,,3,,
SANY p169 L8,3-95,11141675 Turntable Encoder,8,11038817,Bushing,Sany yellow,1,,
SANY p169 L9,3-95,11141675 Turntable Encoder,8,11038817WD,"Sleeve, shaft",Pure white,,,VARIANT_OF_ROW_ABOVE
SANY p169 L10,3-95,11141675 Turntable Encoder,8,11038817GC,"Sleeve, shaft",Yellow green,,,VARIANT_OF_ROW_ABOVE
SANY p169 L11,3-95,11141675 Turntable Encoder,9,11038818,Shaft,,1,,
SANY p169 L12,3-95,11141675 Turntable Encoder,10,11142524,Holding Support,,1,,
SANY p169 L13,3-95,11141675 Turntable Encoder,11,11038821,Bushing,Sany yellow,1,,
SANY p169 L14,3-95,11141675 Turntable Encoder,11,11038821WD,shaft sleeve,Pure white,,,VARIANT_OF_ROW_ABOVE
SANY p169 L15,3-95,11141675 Turntable Encoder,11,11038821GC,shaft sleeve,Yellow green,,,VARIANT_OF_ROW_ABOVE
SANY p169 L16,3-95,11141675 Turntable Encoder,12,11060889,Protective Cover,Sany yellow,1,,
SANY p169 L17,3-95,11141675 Turntable Encoder,13,A210405000011,Washer,,2,,
SANY p169 L18,3-95,11141675 Turntable Encoder,14,A210204000011,Screw,,2,,
SANY p169 L19,3-95,11141675 Turntable Encoder,15,A210401000002,Washer,,1,,
SANY p169 L20,3-95,11141675 Turntable Encoder,16,A210307000001,Nut,,1,,
SANY p169 L21,3-95,11141675 Turntable Encoder,17,A210309000016,Nut,,1,,
SANY p171 L1,3-97,60193268 Air Filter,1,151800000054A001,Filter Core,,1,,
SANY p171 L2,3-97,60193268 Air Filter,2,151800000054A002,O-ring,,1,,
SANY p173 L1,3-99,BCB005313233 Support,1,BCB005313234,Support Seat,Sany yellow,1,,
SANY p173 L2,3-99,BCB005313233 Support,2,11574149,Buffer Pad,,1,,
SANY p173 L3,3-99,BCB005313233 Support,3,A210405000001,Washer,,6,,
SANY p173 L4,3-99,BCB005313233 Support,4,A210204000023,Screw,,3,,
SANY p173 L5,3-99,BCB005313233 Support,5,A210401000002,Washer,,3,,
SANY p173 L6,3-99,BCB005313233 Support,6,A210307000001,Nut,,3,,
SANY p175 L1,3-101,A810302010036 Rear Outrigger Swing Cylinder,1,A820202000814,Guide Bush,,1,,
SANY p175 L2,3-101,A810302010036 Rear Outrigger Swing Cylinder,2,A820301010414,piston rod,,1,,
SANY p175 L3,3-101,A810302010036 Rear Outrigger Swing Cylinder,3,A290000001564,Nozzle Protective Cap,,2,,
SANY p175 L4,3-101,A810302010036 Rear Outrigger Swing Cylinder,4,A210804000001,Oil Cup,,2,,
SANY p175 L5,3-101,A810302010036 Rear Outrigger Swing Cylinder,5,A210416000037,Retainer Ring,,4,,
SANY p175 L6,3-101,A810302010036 Rear Outrigger Swing Cylinder,6,A820103010177,Lug,,1,,
SANY p175 L7,3-101,A810302010036 Rear Outrigger Swing Cylinder,7,A210612000023,Joint Bearing,,2,,
SANY p175 L8,3-101,A810302010036 Rear Outrigger Swing Cylinder,8,A210401000001,Washer,,2,,
SANY p175 L9,3-101,A810302010036 Rear Outrigger Swing Cylinder,9,A210204000161,Screw,,2,,
SANY p175 L10,3-101,A810302010036 Rear Outrigger Swing Cylinder,10,13746817,JT Guide Ring,,2,,
SANY p175 L11,3-101,A810302010036 Rear Outrigger Swing Cylinder,11,B230101001842,UNP Seal Ring,,2,,
SANY p175 L12,3-101,A810302010036 Rear Outrigger Swing Cylinder,12,12411124,Screw Plug,,2,,
SANY p175 L13,3-101,A810302010036 Rear Outrigger Swing Cylinder,13,SYG005619785,Rubber pad,,2,,
SANY p175 L14,3-101,A810302010036 Rear Outrigger Swing Cylinder,14,14155825,Cylinder Bore GP,,1,,
SANY p175 L15,3-101,A810302010036 Rear Outrigger Swing Cylinder,15,13746800,JT Guide Ring,,2,,
SANY p175 L16,3-101,A810302010036 Rear Outrigger Swing Cylinder,16,13599606,GSJ Seal Ring,,1,,
SANY p175 L17,3-101,A810302010036 Rear Outrigger Swing Cylinder,17,B230101002121,ZBR Seal Ring,,1,,
SANY p175 L18,3-101,A810302010036 Rear Outrigger Swing Cylinder,18,B230101000067,AY Dust Ring,,1,,
SANY p175 L19,3-101,A810302010036 Rear Outrigger Swing Cylinder,19,A210609000134,O-ring,,1,,
SANY p175 L20,3-101,A810302010036 Rear Outrigger Swing Cylinder,20,A820601020352,Retainer Ring,,1,,
SANY p175 L21,3-101,A810302010036 Rear Outrigger Swing Cylinder,21,A210609000135,O-ring,,1,,
SANY p175 L22,3-101,A810302010036 Rear Outrigger Swing Cylinder,22,SYG005408672,Piston,,1,,
SANY p175 L23,3-101,A810302010036 Rear Outrigger Swing Cylinder,23,A210609000272,O-ring,,2,,
SANY p175 L24,3-101,A810302010036 Rear Outrigger Swing Cylinder,24,A210207000008,Screw,,1,,
SANY p177 L1,3-103,BCB005720591 Right Covering Parts,1,BCB005720578,Right Door AS,,1,,
SANY p177 L2,3-103,BCB005720591 Right Covering Parts,2,BCB005393218,Right Small Door,,1,,
SANY p177 L3,3-103,BCB005720591 Right Covering Parts,3,A210405000006,Washer,,12,,
SANY p177 L4,3-103,BCB005720591 Right Covering Parts,4,A210401000016,Washer,,12,,
SANY p177 L5,3-103,BCB005720591 Right Covering Parts,5,A210210000008,Screw,,12,,
SANY p177 L6,3-103,BCB005720591 Right Covering Parts,6,A222200000130,Cover Latch,,2,,
SANY p177 L7,3-103,BCB005720591 Right Covering Parts,7,A210307000016,Nut,,8,,
SANY p177 L8,3-103,BCB005720591 Right Covering Parts,8,A820301010056,Pin,,4,,
SANY p177 L9,3-103,BCB005720591 Right Covering Parts,9,A210491000014,Pin,,4,,
SANY p177 L10,3-103,BCB005720591 Right Covering Parts,10,A229900000298,Air Spring,,2,,
SANY p177 L11,3-103,BCB005720591 Right Covering Parts,11,12736204,Handle,,1,,
SANY p177 L12,3-103,BCB005720591 Right Covering Parts,12,A210405000011,Washer,,1,,
SANY p177 L13,3-103,BCB005720591 Right Covering Parts,13,A210401000001,Washer,,1,,
SANY p177 L14,3-103,BCB005720591 Right Covering Parts,14,A210204000196,Screw,,1,,
SANY p181 L1,4-3,BCB006330742 Pumping System,1,11206195,Hinged Elbow GP,,1,4-4,
SANY p181 L2,4-3,BCB006330742 Pumping System,2,12703725,"Suspension, Hopper",Sany yellow,2,4-6,
SANY p181 L3,4-3,BCB006330742 Pumping System,2,12703725GC,"Suspension, Hopper",Yellow green,,,VARIANT_OF_ROW_ABOVE
SANY p181 L4,4-3,BCB006330742 Pumping System,2,12703725WD,"Suspension, Hopper",Pure white,,,VARIANT_OF_ROW_ABOVE
SANY p181 L5,4-3,BCB006330742 Pumping System,3,12207286,Hopper,,1,4-8,
SANY p181 L6,4-3,BCB006330742 Pumping System,4,BCB006504101,Lubrication System,,1,4-34,
SANY p181 L7,4-3,BCB006330742 Pumping System,5,A810301032054,S-valve GP,,1,4-46,
SANY p181 L8,4-3,BCB006330742 Pumping System,6,A810301050067,Mixing Device,,1,4-52,
SANY p181 L9,4-3,BCB006330742 Pumping System,7,12759825,Swing Mechanism,,1,4-60,
SANY p181 L10,4-3,BCB006330742 Pumping System,7,12759825YA,Swing mechanism,Sany yellow,,,VARIANT_OF_ROW_ABOVE
SANY p181 L11,4-3,BCB006330742 Pumping System,7,12759825GC,Swing mechanism,Yellow green,,,VARIANT_OF_ROW_ABOVE
SANY p181 L12,4-3,BCB006330742 Pumping System,7,12759825WD,Swing mechanism,Pure white,,,VARIANT_OF_ROW_ABOVE
SANY p181 L13,4-3,BCB006330742 Pumping System,8,BCB006289976,Pumping Mechanism,,1,4-66,
SANY p181 L14,4-3,BCB006330742 Pumping System,9,12784926,"Support, Water Tank",,2,4-78,
SANY p181 L15,4-3,BCB006330742 Pumping System,10,BCB005305429,Main Cylinder Support,,1,4-80,
SANY p183 L1,4-5,11206195 Hinged Elbow GP,1,12542657,Hinged Elbow,,1,,
SANY p183 L2,4-5,11206195 Hinged Elbow GP,2,A820301020421,Pin,,1,,
SANY p183 L3,4-5,11206195 Hinged Elbow GP,3,A210491000018,Pin,,1,,
SANY p183 L4,4-5,11206195 Hinged Elbow GP,4,A820301020422,Pin-type Screw Rod,,1,,
SANY p183 L5,4-5,11206195 Hinged Elbow GP,5,A820101031798,Plate Pin,,1,,
SANY p183 L6,4-5,11206195 Hinged Elbow GP,6,A820301020089,Pin,,1,,
SANY p183 L7,4-5,11206195 Hinged Elbow GP,7,A820301020423,Support Bolt,,2,,
SANY p183 L8,4-5,11206195 Hinged Elbow GP,8,A210310000002,Nut,,4,,
SANY p183 L9,4-5,11206195 Hinged Elbow GP,9,A820606010376,Protective Sleeve,,2,,
SANY p183 L10,4-5,11206195 Hinged Elbow GP,10,60086871,Locknut,,1,,
SANY p183 L11,4-5,11206195 Hinged Elbow GP,11,A210609000343,O-ring,,1,,
SANY p185 L1,4-7,"12703725 Suspension, Hopper",1,BCB006977407,Side Plate,,2,,
SANY p185 L2,4-7,"12703725 Suspension, Hopper",2,12911706,washer,,4,,
SANY p185 L3,4-7,"12703725 Suspension, Hopper",3,13546326,Pin,,2,,
SANY p185 L4,4-7,"12703725 Suspension, Hopper",4,A229900003095,Washer,,2,,
SANY p185 L5,4-7,"12703725 Suspension, Hopper",5,A210313000036,Nut,,2,,
SANY p185 L6,4-7,"12703725 Suspension, Hopper",6,A210491000021,Pin,,2,,
SANY p187 L1,4-9,12207286 Hopper,1,12371174,"Structural Part, Hopper",,1,4-20,
SANY p187 L2,4-9,12207286 Hopper,22,A210401000017,Washer,,16,,
SANY p187 L3,4-9,12207286 Hopper,30,11426177,Hopper Cover,,1,,
SANY p187 L4,4-9,12207286 Hopper,31,11435287,Rubber Plate,,1,,
SANY p187 L5,4-9,12207286 Hopper,32,11435258,Pressure Plate (2),,2,,
SANY p187 L6,4-9,12207286 Hopper,33,11694751,Limit Block,,2,,
SANY p187 L7,4-9,12207286 Hopper,34,A210204000135,Screw,,4,,
SANY p187 L8,4-9,12207286 Hopper,35,A210111000088,Bolt,,6,,
SANY p187 L9,4-9,12207286 Hopper,36,A210111000089,Bolt,,6,,
SANY p187 L10,4-9,12207286 Hopper,37,A210404000005,Washer,,4,,
SANY p187 L11,4-9,12207286 Hopper,38,A210319000004,Nut,,4,,
SANY p187 L12,4-9,12207286 Hopper,42,11470502,"Surrounding Edge, Hopper",,1,4-32,
SANY p189 L1,4-11,12207286 Hopper,24,12768387,"Protective Cover, Swing Valve",,1,4-26,
SANY p189 L2,4-11,12207286 Hopper,24,12768387YA,Swing valve helmet,Sany yellow,,,VARIANT_OF_ROW_ABOVE
SANY p189 L3,4-11,12207286 Hopper,24,12768387WD,Swing valve helmet,Pure white,,,VARIANT_OF_ROW_ABOVE
SANY p189 L4,4-11,12207286 Hopper,24,12768387GC,Swing valve helmet,Yellow green,,,VARIANT_OF_ROW_ABOVE
SANY p189 L5,4-11,12207286 Hopper,25,11440784,Buffer Block Grille,,2,,
SANY p189 L6,4-11,12207286 Hopper,26,A210405000007,Washer,,6,,
SANY p189 L7,4-11,12207286 Hopper,27,A210111000090,Bolt,,4,,
SANY p189 L8,4-11,12207286 Hopper,28,A210307000012,Nut,,4,,
SANY p189 L9,4-11,12207286 Hopper,29,11694996,Articulation Mechanism,,1,4-28,
SANY p189 L10,4-11,12207286 Hopper,43,BCB006430428,Grille,,1,,
SANY p191 L1,4-13,12207286 Hopper,2,10842799,Work Lamp,,1,4-22,
SANY p191 L2,4-13,12207286 Hopper,3,A820606020001,O-ring,,1,,
SANY p191 L3,4-13,12207286 Hopper,4,A210319000006,Nut,,2,,
SANY p191 L4,4-13,12207286 Hopper,17,A810301029031,Grille Lock Plate,,1,,
SANY p191 L5,4-13,12207286 Hopper,39,12448525,Handle Weldment,Sany yellow,1,,
SANY p191 L6,4-13,12207286 Hopper,39,12448525GC,SPANNER HANDLE WELDMENT,Yellow green,,,VARIANT_OF_ROW_ABOVE
SANY p191 L7,4-13,12207286 Hopper,39,12448525WD,SPANNER HANDLE WELDMENT,Pure white,,,VARIANT_OF_ROW_ABOVE
SANY p191 L8,4-13,12207286 Hopper,40,12092817,Lock Washer,Sany yellow,1,,
SANY p191 L9,4-13,12207286 Hopper,40,12092817WD,Stopping washer,Pure white,,,VARIANT_OF_ROW_ABOVE
SANY p191 L10,4-13,12207286 Hopper,40,12092817GC,Stopping washer,Yellow green,,,VARIANT_OF_ROW_ABOVE
SANY p191 L11,4-13,12207286 Hopper,41,A210111000212,Bolt,,3,,
SANY p191 L12,4-13,12207286 Hopper,44,13367127,Hopper Pedal,,1,,
SANY p191 L13,4-13,12207286 Hopper,45,A210204000167,Screw,,4,,
SANY p191 L14,4-13,12207286 Hopper,46,A210405000001,Washer,,4,,
SANY p191 L15,4-13,12207286 Hopper,47,A210401000002,Washer,,4,,
SANY p193 L1,4-15,12207286 Hopper,6,A210401000015,Washer,,5,,
SANY p193 L2,4-15,12207286 Hopper,7,A210204000122,Screw,,4,,
SANY p193 L3,4-15,12207286 Hopper,8,BCB005355620,Camshaft,,1,4-24,
SANY p193 L4,4-15,12207286 Hopper,8,BCB005355620WD,Camshaft,Pure white,,,VARIANT_OF_ROW_ABOVE
SANY p193 L5,4-15,12207286 Hopper,8,BCB005355620GC,Camshaft,Yellow green,,,VARIANT_OF_ROW_ABOVE
SANY p193 L6,4-15,12207286 Hopper,8,BCB005355620YA,Camshaft,Sany yellow,,,VARIANT_OF_ROW_ABOVE
SANY p193 L7,4-15,12207286 Hopper,9,A210609000268,O-ring,,1,,
SANY p193 L8,4-15,12207286 Hopper,10,A210204000247,Screw,,1,,
SANY p193 L9,4-15,12207286 Hopper,11,12212087,Protective Cover,Pure white,1,,
SANY p193 L10,4-15,12207286 Hopper,11,12212087GC,Cover,Yellow green,,,VARIANT_OF_ROW_ABOVE
SANY p193 L11,4-15,12207286 Hopper,11,12212087YA,Cover,Sany yellow,,,VARIANT_OF_ROW_ABOVE
SANY p193 L12,4-15,12207286 Hopper,12,A210405000006,Washer,,4,,
SANY p193 L13,4-15,12207286 Hopper,13,A210401000016,Washer,,6,,
SANY p193 L14,4-15,12207286 Hopper,14,A210111000078,Bolt,,2,,
SANY p193 L15,4-15,12207286 Hopper,15,A229900004092,Clamp,,8,,
SANY p193 L16,4-15,12207286 Hopper,16,A210210000015,Screw,,8,,
SANY p195 L1,4-17,12207286 Hopper,5,A210111000100,Bolt,,8,,
SANY p195 L2,4-17,12207286 Hopper,12,A210405000006,Washer,,4,,
SANY p195 L3,4-17,12207286 Hopper,13,A210401000016,Washer,,6,,
SANY p195 L4,4-17,12207286 Hopper,18,11433407,Shaft Cover,Sany yellow,2,,
SANY p195 L5,4-17,12207286 Hopper,18,11433407GC,shaft cap,Yellow green,,,VARIANT_OF_ROW_ABOVE
SANY p195 L6,4-17,12207286 Hopper,18,11433407WD,shaft cap,Pure white,,,VARIANT_OF_ROW_ABOVE
SANY p195 L7,4-17,12207286 Hopper,19,11433422,Dust Ring,,1,,
SANY p195 L8,4-17,12207286 Hopper,20,11433426,Gland,,1,,
SANY p195 L9,4-17,12207286 Hopper,21,A210111000080,Bolt,,2,,
SANY p195 L10,4-17,12207286 Hopper,22,A210401000017,Washer,,16,,
SANY p195 L11,4-17,12207286 Hopper,23,A210111000092,Bolt,,4,,
SANY p195 L12,4-17,12207286 Hopper,26,A210405000007,Washer,,6,,
SANY p195 L13,4-17,12207286 Hopper,36,A210111000089,Bolt,,6,,
SANY p195 L14,4-17,12207286 Hopper,53,12332903,Protective Cover,Sany yellow,1,,
SANY p195 L15,4-17,12207286 Hopper,53,12332903WD,Motor cover,Pure white,,,VARIANT_OF_ROW_ABOVE
SANY p195 L16,4-17,12207286 Hopper,53,12332903GC,Motor cover,Yellow green,,,VARIANT_OF_ROW_ABOVE
SANY p195 L17,4-17,12207286 Hopper,54,13205373,License plate,,1,,
SANY p195 L18,4-17,12207286 Hopper,59,A210204000129,Screw,,4,,
SANY p197 L1,4-19,12207286 Hopper,15,A229900004092,Clamp,,8,,
SANY p197 L2,4-19,12207286 Hopper,16,A210210000015,Screw,,8,,
SANY p199 L1,4-21,"12371174 Structural Part, Hopper",1,12371175,"Weldment, Hopper",,1,,
SANY p199 L2,4-21,"12371174 Structural Part, Hopper",2,11912632,Outlet Flap,,1,,
SANY p199 L3,4-21,"12371174 Structural Part, Hopper",3,A820301010061,small shaft,,1,,
SANY p199 L4,4-21,"12371174 Structural Part, Hopper",4,A210401000017,Washer,,1,,
SANY p199 L5,4-21,"12371174 Structural Part, Hopper",5,A210204000146,Screw,,1,,
SANY p201 L1,4-23,10842799 Work Lamp,1,60189421,lamp clamp,,1,,
SANY p201 L2,4-23,10842799 Work Lamp,2,A810201052514,Lamp Post,,1,,
SANY p201 L3,4-23,10842799 Work Lamp,3,A810401100841,Hopper Lamp bracket,,1,,
SANY p201 L4,4-23,10842799 Work Lamp,4,A210405000011,Washer,,1,,
SANY p201 L5,4-23,10842799 Work Lamp,5,A210401000001,Washer,,1,,
SANY p201 L6,4-23,10842799 Work Lamp,6,A210111000011,Bolt,,1,,
SANY p201 L7,4-23,10842799 Work Lamp,7,A210404000004,Washer,,1,,
SANY p201 L8,4-23,10842799 Work Lamp,8,A210111000090,Bolt,,2,,
SANY p201 L9,4-23,10842799 Work Lamp,9,A210401000002,Washer,,1,,
SANY p201 L10,4-23,10842799 Work Lamp,10,A210307000001,Nut,,1,,
SANY p201 L11,4-23,10842799 Work Lamp,11,A210405000007,Washer,,2,,
SANY p201 L12,4-23,10842799 Work Lamp,12,A210401000017,Washer,,2,,
SANY p201 L13,4-23,10842799 Work Lamp,13,A210307000012,Nut,,2,,
SANY p203 L1,4-25,BCB005355620 Camshaft,1,BCB005339046,Cam,Sany yellow,1,,
SANY p203 L2,4-25,BCB005355620 Camshaft,1,BCB005339046GC,cam,Yellow green,,,VARIANT_OF_ROW_ABOVE
SANY p203 L3,4-25,BCB005355620 Camshaft,1,BCB005339046WD,cam,Pure white,,,VARIANT_OF_ROW_ABOVE
SANY p203 L4,4-25,BCB005355620 Camshaft,2,BCB005339078,Shaft,,1,,
SANY p203 L5,4-25,BCB005355620 Camshaft,3,A210404000009,Washer,,1,,
SANY p203 L6,4-25,BCB005355620 Camshaft,4,A210401000017,Washer,,1,,
SANY p203 L7,4-25,BCB005355620 Camshaft,5,A210111000090,Bolt,,1,,
SANY p205 L1,4-27,"12768387 Protective Cover, Swing Valve",1,12751754,Top Plate,Sany yellow,1,,
SANY p205 L2,4-27,"12768387 Protective Cover, Swing Valve",1,12751754GC,Top board,Yellow green,,,VARIANT_OF_ROW_ABOVE
SANY p205 L3,4-27,"12768387 Protective Cover, Swing Valve",1,12751754WD,Top board,Pure white,,,VARIANT_OF_ROW_ABOVE
SANY p205 L4,4-27,"12768387 Protective Cover, Swing Valve",2,11646170,Right Side Plate,Sany yellow,1,,
SANY p205 L5,4-27,"12768387 Protective Cover, Swing Valve",2,11646170GC,Right side board,Yellow green,,,VARIANT_OF_ROW_ABOVE
SANY p205 L6,4-27,"12768387 Protective Cover, Swing Valve",2,11646170WD,Right side board,Pure white,,,VARIANT_OF_ROW_ABOVE
SANY p205 L7,4-27,"12768387 Protective Cover, Swing Valve",3,11646171,Left Side Plate,Sany yellow,1,,
SANY p205 L8,4-27,"12768387 Protective Cover, Swing Valve",3,11646171WD,Left side board,Pure white,,,VARIANT_OF_ROW_ABOVE
SANY p205 L9,4-27,"12768387 Protective Cover, Swing Valve",3,11646171GC,Left side board,Yellow green,,,VARIANT_OF_ROW_ABOVE
SANY p205 L10,4-27,"12768387 Protective Cover, Swing Valve",4,11646175,Right-side Support Plate,Sany yellow,1,,
SANY p205 L11,4-27,"12768387 Protective Cover, Swing Valve",4,11646175GC,Right-hand supporting plate,Yellow green,,,VARIANT_OF_ROW_ABOVE
SANY p205 L12,4-27,"12768387 Protective Cover, Swing Valve",4,11646175WD,Right-hand supporting plate,Pure white,,,VARIANT_OF_ROW_ABOVE
SANY p205 L13,4-27,"12768387 Protective Cover, Swing Valve",5,11646176,Left-side Support Plate,Sany yellow,1,,
SANY p205 L14,4-27,"12768387 Protective Cover, Swing Valve",5,11646176GC,Left-hand supporting plate,Yellow green,,,VARIANT_OF_ROW_ABOVE
SANY p205 L15,4-27,"12768387 Protective Cover, Swing Valve",5,11646176WD,Left-hand supporting plate,Pure white,,,VARIANT_OF_ROW_ABOVE
SANY p205 L16,4-27,"12768387 Protective Cover, Swing Valve",6,A210405000007,Washer,,20,,
SANY p205 L17,4-27,"12768387 Protective Cover, Swing Valve",7,A210111000090,Bolt,,10,,
SANY p205 L18,4-27,"12768387 Protective Cover, Swing Valve",8,A210401000017,Washer,,10,,
SANY p205 L19,4-27,"12768387 Protective Cover, Swing Valve",9,A210307000012,Nut,,10,,
SANY p207 L1,4-29,11694996 Articulation Mechanism,1,11695005,Hinge Seat,,2,,
SANY p207 L2,4-29,11694996 Articulation Mechanism,2,11694992,Hinge Seat,,2,,
SANY p207 L3,4-29,11694996 Articulation Mechanism,3,11695002,Hinged Rod Weldment GP,,1,,
SANY p207 L4,4-29,11694996 Articulation Mechanism,4,11694993,Hinge Pin,,2,,
SANY p207 L5,4-29,11694996 Articulation Mechanism,5,11695006,Bent Plate,,1,,
SANY p207 L6,4-29,11694996 Articulation Mechanism,6,60148827,Door Lock,,1,,
SANY p207 L7,4-29,11694996 Articulation Mechanism,7,60070473,Air Spring,,2,,
SANY p207 L8,4-29,11694996 Articulation Mechanism,8,11694995,Air Spring Pin,,4,,
SANY p207 L9,4-29,11694996 Articulation Mechanism,9,11694994,Hinge Buffer Block,,2,,
SANY p207 L10,4-29,11694996 Articulation Mechanism,10,A210501000023,Pin,,2,,
SANY p207 L11,4-29,11694996 Articulation Mechanism,11,A210491000009,Pin,,4,,
SANY p207 L12,4-29,11694996 Articulation Mechanism,12,12547440,Spacer,,4,,
SANY p207 L13,4-29,11694996 Articulation Mechanism,13,A210111000090,Bolt,,10,,
SANY p207 L14,4-29,11694996 Articulation Mechanism,14,A210405000007,Washer,,10,,
SANY p207 L15,4-29,11694996 Articulation Mechanism,15,A210401000017,Washer,,22,,
SANY p207 L16,4-29,11694996 Articulation Mechanism,16,A210307000012,Nut,,18,,
SANY p207 L17,4-29,11694996 Articulation Mechanism,17,A210111000088,Bolt,,4,,
SANY p207 L18,4-29,11694996 Articulation Mechanism,18,A210111000091,Bolt,,8,,
SANY p207 L19,4-29,11694996 Articulation Mechanism,19,A210404000005,Washer,,8,,
SANY p207 L20,4-29,11694996 Articulation Mechanism,20,A210111000084,Bolt,,4,,
SANY p207 L21,4-29,11694996 Articulation Mechanism,21,A210401000016,Washer,,4,,
SANY p207 L22,4-29,11694996 Articulation Mechanism,22,A210307000016,Nut,,4,,
SANY p209 L1,4-31,11694996 Articulation Mechanism,1,11695005,Hinge Seat,,2,,
SANY p209 L2,4-31,11694996 Articulation Mechanism,2,11694992,Hinge Seat,,2,,
SANY p209 L3,4-31,11694996 Articulation Mechanism,4,11694993,Hinge Pin,,2,,
SANY p209 L4,4-31,11694996 Articulation Mechanism,7,60070473,Air Spring,,2,,
SANY p209 L5,4-31,11694996 Articulation Mechanism,8,11694995,Air Spring Pin,,4,,
SANY p209 L6,4-31,11694996 Articulation Mechanism,9,11694994,Hinge Buffer Block,,2,,
SANY p209 L7,4-31,11694996 Articulation Mechanism,10,A210501000023,Pin,,2,,
SANY p209 L8,4-31,11694996 Articulation Mechanism,11,A210491000009,Pin,,4,,
SANY p209 L9,4-31,11694996 Articulation Mechanism,12,12547440,Spacer,,4,,
SANY p209 L10,4-31,11694996 Articulation Mechanism,13,A210111000090,Bolt,,10,,
SANY p209 L11,4-31,11694996 Articulation Mechanism,14,A210405000007,Washer,,10,,
SANY p209 L12,4-31,11694996 Articulation Mechanism,15,A210401000017,Washer,,22,,
SANY p209 L13,4-31,11694996 Articulation Mechanism,16,A210307000012,Nut,,18,,
SANY p209 L14,4-31,11694996 Articulation Mechanism,18,A210111000091,Bolt,,8,,
SANY p209 L15,4-31,11694996 Articulation Mechanism,19,A210404000005,Washer,,8,,
SANY p209 L16,4-31,11694996 Articulation Mechanism,20,A210111000084,Bolt,,4,,
SANY p209 L17,4-31,11694996 Articulation Mechanism,21,A210401000016,Washer,,4,,
SANY p209 L18,4-31,11694996 Articulation Mechanism,22,A210307000016,Nut,,4,,
SANY p211 L1,4-33,"11470502 Surrounding Edge, Hopper",1,11434747,Rubber Wall,,1,,
SANY p211 L2,4-33,"11470502 Surrounding Edge, Hopper",2,11434746,Pressure Plate (1),,4,,
SANY p211 L3,4-33,"11470502 Surrounding Edge, Hopper",3,A820101352858,Pressure Plate (4),,3,,
SANY p211 L4,4-33,"11470502 Surrounding Edge, Hopper",4,11948939,Pressure Plate (5),,2,,
SANY p211 L5,4-33,"11470502 Surrounding Edge, Hopper",5,A820101358642,Support,,2,,
SANY p211 L6,4-33,"11470502 Surrounding Edge, Hopper",6,A210111000090,Bolt,,24,,
SANY p211 L7,4-33,"11470502 Surrounding Edge, Hopper",7,A210336000004,Nut,,24,,
SANY p211 L8,4-33,"11470502 Surrounding Edge, Hopper",8,A210404000005,Washer,,2,,
SANY p211 L9,4-33,"11470502 Surrounding Edge, Hopper",9,11770690,Support Antiskid Paste,,2,,
SANY p213 L1,4-35,BCB006504101 Lubrication System,1,12499394,Oil Tube,Sany yellow,1,,
SANY p213 L2,4-35,BCB006504101 Lubrication System,1,12499394GC,PIPE OIL,Yellow green,,,VARIANT_OF_ROW_ABOVE
SANY p213 L3,4-35,BCB006504101 Lubrication System,1,12499394WD,PIPE OIL,Pure white,,,VARIANT_OF_ROW_ABOVE
SANY p213 L4,4-35,BCB006504101 Lubrication System,2,60191709,90 Degree Taper Sleeve Joint,,5,,
SANY p213 L5,4-35,BCB006504101 Lubrication System,3,A820205000023,Pipe,,1,,
SANY p213 L6,4-35,BCB006504101 Lubrication System,4,12499307,Oil Tube,Sany yellow,1,,
SANY p213 L7,4-35,BCB006504101 Lubrication System,4,12499307GC,PIPE OIL,Yellow green,,,VARIANT_OF_ROW_ABOVE
SANY p213 L8,4-35,BCB006504101 Lubrication System,4,12499307WD,PIPE OIL,Pure white,,,VARIANT_OF_ROW_ABOVE
SANY p213 L9,4-35,BCB006504101 Lubrication System,5,12499328,Oil Tube,Sany yellow,1,,
SANY p213 L10,4-35,BCB006504101 Lubrication System,5,12499328WD,Oil tube (Ⅱ),Pure white,,,VARIANT_OF_ROW_ABOVE
SANY p213 L11,4-35,BCB006504101 Lubrication System,5,12499328GC,Oil tube (Ⅱ),Yellow green,,,VARIANT_OF_ROW_ABOVE
SANY p213 L12,4-35,BCB006504101 Lubrication System,6,12499395,Oil Tube,Sany yellow,1,,
SANY p213 L13,4-35,BCB006504101 Lubrication System,6,12499395WD,Oil tube (Ⅷ),Pure white,,,VARIANT_OF_ROW_ABOVE
SANY p213 L14,4-35,BCB006504101 Lubrication System,6,12499395GC,Oil tube (Ⅷ),Yellow green,,,VARIANT_OF_ROW_ABOVE
SANY p213 L15,4-35,BCB006504101 Lubrication System,7,12499391,Oil Tube,Sany yellow,1,,
SANY p213 L16,4-35,BCB006504101 Lubrication System,7,12499391WD,Oil tube (Ⅴ),Pure white,,,VARIANT_OF_ROW_ABOVE
SANY p213 L17,4-35,BCB006504101 Lubrication System,7,12499391GC,Oil tube (Ⅴ),Yellow green,,,VARIANT_OF_ROW_ABOVE
SANY p213 L18,4-35,BCB006504101 Lubrication System,8,60186397,Adapter Fitting,,2,,
SANY p213 L19,4-35,BCB006504101 Lubrication System,9,12499389,Oil Tube,Sany yellow,1,,
SANY p213 L20,4-35,BCB006504101 Lubrication System,9,12499389WD,Oil tube Ⅳ),Pure white,,,VARIANT_OF_ROW_ABOVE
SANY p213 L21,4-35,BCB006504101 Lubrication System,9,12499389GC,Oil tube Ⅳ),Yellow green,,,VARIANT_OF_ROW_ABOVE
SANY p213 L22,4-35,BCB006504101 Lubrication System,10,12499392,Oil Tube,Sany yellow,1,,
SANY p213 L23,4-35,BCB006504101 Lubrication System,10,12499392WD,Oil tube (Ⅵ),Pure white,,,VARIANT_OF_ROW_ABOVE
SANY p213 L24,4-35,BCB006504101 Lubrication System,10,12499392GC,Oil tube (Ⅵ),Yellow green,,,VARIANT_OF_ROW_ABOVE
SANY p213 L25,4-35,BCB006504101 Lubrication System,11,60186396,Fitting,,2,,
SANY p213 L26,4-35,BCB006504101 Lubrication System,12,60186395,Fitting,,2,,
SANY p213 L27,4-35,BCB006504101 Lubrication System,13,60186394,Adapter Fitting,,4,,
SANY p213 L28,4-35,BCB006504101 Lubrication System,14,60161093,Red Copper Washer,,6,,
SANY p213 L29,4-35,BCB006504101 Lubrication System,15,152602000001,Distributor,,1,,
SANY p213 L30,4-35,BCB006504101 Lubrication System,16,A210401000016,Washer,,4,,
SANY p213 L31,4-35,BCB006504101 Lubrication System,17,A210204000138,Screw,,2,,
SANY p213 L32,4-35,BCB006504101 Lubrication System,18,A210405000006,Washer,,2,,
SANY p213 L33,4-35,BCB006504101 Lubrication System,19,A210307000016,Nut,,2,,
SANY p213 L34,4-35,BCB006504101 Lubrication System,29,12499388,Oil Tube,Sany yellow,1,,
SANY p213 L35,4-35,BCB006504101 Lubrication System,29,12499388WD,Oil tube (Ⅲ),Pure white,,,VARIANT_OF_ROW_ABOVE
SANY p213 L36,4-35,BCB006504101 Lubrication System,29,12499388GC,Oil tube (Ⅲ),Yellow green,,,VARIANT_OF_ROW_ABOVE
SANY p215 L1,4-37,BCB006504101 Lubrication System,8,60186397,Adapter Fitting,,2,,
SANY p215 L2,4-37,BCB006504101 Lubrication System,16,A210401000016,Washer,,4,,
SANY p215 L3,4-37,BCB006504101 Lubrication System,20,BCB005888257,Oil Tube,,1,,
SANY p215 L4,4-37,BCB006504101 Lubrication System,21,60016857,Grease Filter,,1,4-38,
SANY p215 L5,4-37,BCB006504101 Lubrication System,22,A210204000139,Screw,,2,,
SANY p215 L6,4-37,BCB006504101 Lubrication System,23,A210111000092,Bolt,,4,,
SANY p215 L7,4-37,BCB006504101 Lubrication System,24,A210401000017,Washer,,4,,
SANY p215 L8,4-37,BCB006504101 Lubrication System,25,A210405000007,Washer,,4,,
SANY p215 L9,4-37,BCB006504101 Lubrication System,26,12958191,Pin,,2,,
SANY p215 L10,4-37,BCB006504101 Lubrication System,27,BCB004934020,Oil Tube,,1,,
SANY p215 L11,4-37,BCB006504101 Lubrication System,28,152601000010A,Grease Pump,,1,4-40,
SANY p215 L12,4-37,BCB006504101 Lubrication System,30,BCB006203607,"Lubrication Module, Delivery Cylinder",,1,4-42,
SANY p217 L1,4-39,60016857 Grease Filter,1,152688000013A,Filter Core,,1,,
SANY p219 L1,4-41,152601000010A Grease Pump,1,152601000010A001,Collecting valve block,,1,,
SANY p219 L2,4-41,152601000010A Grease Pump,2,152601000010A002,Pump body assembly,,1,,
SANY p219 L3,4-41,152601000010A Grease Pump,3,152601000010A003,Screw cap,,1,,
SANY p219 L4,4-41,152601000010A Grease Pump,4,152601000010A004,Housing,,1,,
SANY p219 L5,4-41,152601000010A Grease Pump,5,152688000012A,Lubrication center,,1,,
SANY p219 L6,4-41,152601000010A Grease Pump,6,152688000011A,Cylinder,,2,,
SANY p219 L7,4-41,152601000010A Grease Pump,7,152601000066A001,Lever,,1,,
SANY p219 L8,4-41,152601000010A Grease Pump,8,152601000066A002,Bolt,,1,,
SANY p219 L9,4-41,152601000010A Grease Pump,9,152601000066A003,Butterfly Valve,,2,,
SANY p221 L1,4-43,"BCB006203607 Lubrication Module, Delivery Cylinder",1,BCB004764767,"Mounting Component, Distributing Valve",,1,4-44,
SANY p221 L2,4-43,"BCB006203607 Lubrication Module, Delivery Cylinder",2,60035568,Distributor,,1,,
SANY p221 L3,4-43,"BCB006203607 Lubrication Module, Delivery Cylinder",3,A210711000006,Fitting,,2,,
SANY p221 L4,4-43,"BCB006203607 Lubrication Module, Delivery Cylinder",4,A210453000005,Washer,,2,,
SANY p221 L5,4-43,"BCB006203607 Lubrication Module, Delivery Cylinder",5,B210780000733,Adapter Fitting,,2,,
SANY p221 L6,4-43,"BCB006203607 Lubrication Module, Delivery Cylinder",6,A210401000017,Washer,,2,,
SANY p221 L7,4-43,"BCB006203607 Lubrication Module, Delivery Cylinder",7,A210204000151,Screw,,2,,
SANY p221 L8,4-43,"BCB006203607 Lubrication Module, Delivery Cylinder",8,BCB004823990,Oil Tube,,1,,
SANY p221 L9,4-43,"BCB006203607 Lubrication Module, Delivery Cylinder",9,BCB004824011,Oil Tube,,1,,
SANY p221 L10,4-43,"BCB006203607 Lubrication Module, Delivery Cylinder",10,60016860,90 Degree Taper Sleeve Joint,,2,,
SANY p223 L1,4-45,"BCB004764767 Mounting Component, Distributing Valve",1,BCB005579610,"Mounting Component, Distributing Valve",,1,,
SANY p223 L2,4-45,"BCB004764767 Mounting Component, Distributing Valve",2,A820301015758,U-type Bolt,,2,,
SANY p223 L3,4-45,"BCB004764767 Mounting Component, Distributing Valve",3,A210405000011,Washer,,4,,
SANY p223 L4,4-45,"BCB004764767 Mounting Component, Distributing Valve",4,A210401000001,Washer,,4,,
SANY p223 L5,4-45,"BCB004764767 Mounting Component, Distributing Valve",5,A210307000017,Nut,,4,,
SANY p225 L1,4-47,A810301032054 S-valve GP,1,11747826,Rubber Protective Cap,,6,,
SANY p225 L2,4-47,A810301032054 S-valve GP,2,A210204000084,screw,,4,,
SANY p225 L3,4-47,A810301032054 S-valve GP,3,11747828,M24 rubber screw block,,2,,
SANY p225 L4,4-47,A810301032054 S-valve GP,4,A820301018553,SCREW,,2,,
SANY p225 L5,4-47,A810301032054 S-valve GP,5,11339738,Compound Discharge Outlet,,1,,
SANY p225 L6,4-47,A810301032054 S-valve GP,6,A210609000149,O-RING,,1,,
SANY p225 L7,4-47,A810301032054 S-valve GP,7,A230101000038,YX Seal Ring,,3,,
SANY p225 L8,4-47,A810301032054 S-valve GP,8,A210342000002,Screw Plug,,4,,
SANY p225 L9,4-47,A810301032054 S-valve GP,9,A820403000033,Bearing Block,,1,,
SANY p225 L10,4-47,A810301032054 S-valve GP,10,13420482,Nylon Bearing,,1,,
SANY p225 L11,4-47,A810301032054 S-valve GP,11,A820601991028,J Dust Ring,,1,,
SANY p225 L12,4-47,A810301032054 S-valve GP,12,10527502,Wear Sleeve,,1,,
SANY p225 L13,4-47,A810301032054 S-valve GP,13,A820606020006,Rubber Pad,,1,,
SANY p225 L14,4-47,A810301032054 S-valve GP,14,A820101019303,Pressure Plate,,1,,
SANY p225 L15,4-47,A810301032054 S-valve GP,15,A210204000147,Screw,,6,,
SANY p225 L16,4-47,A810301032054 S-valve GP,16,A820606010160,Rubber Plug,,6,,
SANY p227 L1,4-49,A810301032054 S-valve GP,17,A210111000104,Bolt,,2,,
SANY p227 L2,4-49,A810301032054 S-valve GP,18,BCB005092363,S-pipe Scraper,,1,,
SANY p227 L3,4-49,A810301032054 S-valve GP,19,BCB005425237,S-pipe,,1,,
SANY p227 L4,4-49,A810301032054 S-valve GP,20,A210405000001,Washer,,2,,
SANY p227 L5,4-49,A810301032054 S-valve GP,21,A210401000002,Washer,,10,,
SANY p227 L6,4-49,A810301032054 S-valve GP,22,A210307000031,Nut,,4,,
SANY p227 L7,4-49,A810301032054 S-valve GP,23,A820606030542,Rubber Spring,,1,,
SANY p227 L8,4-49,A810301032054 S-valve GP,24,13149385,Cutting Ring,,1,,
SANY p227 L9,4-49,A810301032054 S-valve GP,25,A210609000219,O-ring,,2,,
SANY p227 L10,4-49,A810301032054 S-valve GP,26,13153256,Wear Plate,,1,,
SANY p227 L11,4-49,A810301032054 S-valve GP,27,A210401000004,Washer,,6,,
SANY p227 L12,4-49,A810301032054 S-valve GP,28,A210204000166,Screw,,6,,
SANY p227 L13,4-49,A810301032054 S-valve GP,29,A210609000328,O-ring,,2,,
SANY p227 L14,4-49,A810301032054 S-valve GP,30,11613967,Compound Joint Bushing,,2,,
SANY p229 L1,4-51,A810301032054 S-valve GP,21,A210401000002,Washer,,10,,
SANY p229 L2,4-51,A810301032054 S-valve GP,31,A820606010164,Rubber Plug,,6,,
SANY p229 L3,4-51,A810301032054 S-valve GP,32,A210204000116,Screw,,6,,
SANY p229 L4,4-51,A810301032054 S-valve GP,33,A820203003054,Pressure Ring,,1,,
SANY p229 L5,4-51,A810301032054 S-valve GP,34,A820606020007,Rubber Pad,,1,,
SANY p229 L6,4-51,A810301032054 S-valve GP,35,A210609000084,O-ring,,1,,
SANY p229 L7,4-51,A810301032054 S-valve GP,36,151402010407A,Dust Ring,,1,,
SANY p229 L8,4-51,A810301032054 S-valve GP,37,151402010408A,C1 Seal Ring,,1,,
SANY p229 L9,4-51,A810301032054 S-valve GP,38,A210608000320,O-ring,,1,,
SANY p229 L10,4-51,A810301032054 S-valve GP,39,A820403000031,Bearing Block,,1,,
SANY p229 L11,4-51,A810301032054 S-valve GP,40,A210204000020,Screw,,8,,
SANY p229 L12,4-51,A810301032054 S-valve GP,41,A820404000006,Bearing,,1,,
SANY p229 L13,4-51,A810301032054 S-valve GP,42,HBC005634283,Bush,,1,,
SANY p229 L14,4-51,A810301032054 S-valve GP,43,A210609000088,O-ring,,1,,
SANY p229 L15,4-51,A810301032054 S-valve GP,44,HBC005164221,special-shaped nut,,1,,
SANY p229 L16,4-51,A810301032054 S-valve GP,45,A210204000145,Screw,,2,,
SANY p231 L1,4-53,A810301050067 Mixing Device,1,A210204000152,Screw,,4,,
SANY p231 L2,4-53,A810301050067 Mixing Device,2,A820606010164,Rubber Plug,,12,,
SANY p231 L3,4-53,A810301050067 Mixing Device,3,A210204000115,Screw,,12,,
SANY p231 L4,4-53,A810301050067 Mixing Device,4,A820202000079,Bushing,,2,,
SANY p231 L5,4-53,A810301050067 Mixing Device,5,A210609000150,O-ring,,2,,
SANY p231 L6,4-53,A810301050067 Mixing Device,6,A820201000242,Pressure Ring,,2,,
SANY p231 L7,4-53,A810301050067 Mixing Device,7,10911841,Seal and Retainer Ring,,2,,
SANY p231 L8,4-53,A810301050067 Mixing Device,8,A230101000007,J Dust Ring,,2,,
SANY p231 L9,4-53,A810301050067 Mixing Device,9,A820606020008,Gasket,,2,,
SANY p231 L10,4-53,A810301050067 Mixing Device,10,A820203000031,Seal cover,,2,,
SANY p231 L11,4-53,A810301050067 Mixing Device,11,A210111000088,Bolt,,8,,
SANY p231 L12,4-53,A810301050067 Mixing Device,12,A230101000034,B Oil Seal,,2,,
SANY p231 L13,4-53,A810301050067 Mixing Device,13,A230101000016,Seal Ring,,2,,
SANY p231 L14,4-53,A810301050067 Mixing Device,14,A820202002331,ring gasket,,2,,
SANY p231 L15,4-53,A810301050067 Mixing Device,15,A210601006210,Roller Bearing,,1,,
SANY p231 L16,4-53,A810301050067 Mixing Device,16,24000579,Retainer Ring,,1,,
SANY p231 L17,4-53,A810301050067 Mixing Device,17,A210609000013,O-ring,,2,,
SANY p231 L18,4-53,A810301050067 Mixing Device,18,12964137,Bearing Block,,2,,
SANY p231 L19,4-53,A810301050067 Mixing Device,19,A820606020004,Gasket,,2,,
SANY p231 L20,4-53,A810301050067 Mixing Device,20,A820608000017,Felt Ring,,1,,
SANY p231 L21,4-53,A810301050067 Mixing Device,21,A210401000002,Washer,,24,,
SANY p231 L22,4-53,A810301050067 Mixing Device,22,A210204000022,Screw,,6,,
SANY p231 L23,4-53,A810301050067 Mixing Device,23,A820203000030,Seal End Cover,,1,,
SANY p231 L24,4-53,A810301050067 Mixing Device,24,11266830,Waterproof Disc,,1,,
SANY p231 L25,4-53,A810301050067 Mixing Device,25,A820202000027,Splined Adapter Sleeve,,1,,
SANY p231 L26,4-53,A810301050067 Mixing Device,26,BCB005172868,Motor Mounting Seat,,1,,
SANY p231 L27,4-53,A810301050067 Mixing Device,27,A210111000040,Bolt,,8,,
SANY p231 L28,4-53,A810301050067 Mixing Device,28,A210204000017,Screw,,12,,
SANY p231 L29,4-53,A810301050067 Mixing Device,29,A220501000080,Motor,,1,4-58,
SANY p231 L30,4-53,A810301050067 Mixing Device,43,A210204000019,Screw,,2,,
SANY p233 L1,4-55,A810301050067 Mixing Device,30,13293528,Right Mixing Blade Seat,,2,,
SANY p233 L2,4-55,A810301050067 Mixing Device,31,A210111000118,Bolt,,8,,
SANY p233 L3,4-55,A810301050067 Mixing Device,32,A210405000001,Washer,,8,,
SANY p233 L4,4-55,A810301050067 Mixing Device,33,A210307000031,Nut,,16,,
SANY p233 L5,4-55,A810301050067 Mixing Device,34,A820301020694,Mixer Shaft,,1,,
SANY p233 L6,4-55,A810301050067 Mixing Device,35,13293527,Left Mixing Blade Seat,,2,,
SANY p235 L1,4-57,A810301050067 Mixing Device,1,A210204000152,Screw,,4,,
SANY p235 L2,4-57,A810301050067 Mixing Device,2,A820606010164,Rubber Plug,,12,,
SANY p235 L3,4-57,A810301050067 Mixing Device,3,A210204000115,Screw,,12,,
SANY p235 L4,4-57,A810301050067 Mixing Device,4,A820202000079,Bushing,,2,,
SANY p235 L5,4-57,A810301050067 Mixing Device,5,A210609000150,O-ring,,2,,
SANY p235 L6,4-57,A810301050067 Mixing Device,6,A820201000242,Pressure Ring,,2,,
SANY p235 L7,4-57,A810301050067 Mixing Device,7,10911841,Seal and Retainer Ring,,2,,
SANY p235 L8,4-57,A810301050067 Mixing Device,8,A230101000007,J Dust Ring,,2,,
SANY p235 L9,4-57,A810301050067 Mixing Device,9,A820606020008,Gasket,,2,,
SANY p235 L10,4-57,A810301050067 Mixing Device,10,A820203000031,Seal cover,,2,,
SANY p235 L11,4-57,A810301050067 Mixing Device,11,A210111000088,Bolt,,8,,
SANY p235 L12,4-57,A810301050067 Mixing Device,12,A230101000034,B Oil Seal,,2,,
SANY p235 L13,4-57,A810301050067 Mixing Device,13,A230101000016,Seal Ring,,2,,
SANY p235 L14,4-57,A810301050067 Mixing Device,14,A820202002331,ring gasket,,2,,
SANY p235 L15,4-57,A810301050067 Mixing Device,17,A210609000013,O-ring,,2,,
SANY p235 L16,4-57,A810301050067 Mixing Device,18,12964137,Bearing Block,,2,,
SANY p235 L17,4-57,A810301050067 Mixing Device,19,A820606020004,Gasket,,2,,
SANY p235 L18,4-57,A810301050067 Mixing Device,21,A210401000002,Washer,,24,,
SANY p235 L19,4-57,A810301050067 Mixing Device,36,A210111000090,Bolt,,1,,
SANY p235 L20,4-57,A810301050067 Mixing Device,37,A210111000036,Bolt,,2,,
SANY p235 L21,4-57,A810301050067 Mixing Device,38,A210111000039,Bolt,,6,,
SANY p235 L22,4-57,A810301050067 Mixing Device,39,A210602002210,Roller Bearing,,1,,
SANY p235 L23,4-57,A810301050067 Mixing Device,40,A210401000017,Washer,,1,,
SANY p235 L24,4-57,A810301050067 Mixing Device,41,12518316,end cover,,1,,
SANY p235 L25,4-57,A810301050067 Mixing Device,42,A210204000147,Screw,,12,,
SANY p235 L26,4-57,A810301050067 Mixing Device,44,A820103010034,Pressure Plate,,1,,
SANY p237 L1,4-59,A220501000080 Motor,1,B230101000460,TRE Oil Seal,,1,,
SANY p239 L1,4-61,12759825 Swing Mechanism,1,12631560,Rocker Arm,Sany yellow,1,,
SANY p239 L2,4-61,12759825 Swing Mechanism,1,12631560WD,Swing arm,Pure white,,,VARIANT_OF_ROW_ABOVE
SANY p239 L3,4-61,12759825 Swing Mechanism,1,12631560GC,Swing arm,Yellow green,,,VARIANT_OF_ROW_ABOVE
SANY p239 L4,4-61,12759825 Swing Mechanism,2,A820404000091,Upper Spherical Bearing,,2,,
SANY p239 L5,4-61,12759825 Swing Mechanism,3,BCB006122803,Bearing Plate,,2,,
SANY p239 L6,4-61,12759825 Swing Mechanism,4,A820601040484,Lower Spherical Bearing,,2,,
SANY p239 L7,4-61,12759825 Swing Mechanism,5,A820101010889,Limit Plate,Sany yellow,2,,
SANY p239 L8,4-61,12759825 Swing Mechanism,5,A820101010889GC,Limit baffle plate,Yellow green,,,VARIANT_OF_ROW_ABOVE
SANY p239 L9,4-61,12759825 Swing Mechanism,5,A820101010889WD,Limit baffle plate,Pure white,,,VARIANT_OF_ROW_ABOVE
SANY p239 L10,4-61,12759825 Swing Mechanism,6,A210401000017,Washer,,12,,
SANY p239 L11,4-61,12759825 Swing Mechanism,7,A210204000146,Screw,,12,,
SANY p239 L12,4-61,12759825 Swing Mechanism,8,12631714,Ball Limit Plate,,4,,
SANY p239 L13,4-61,12759825 Swing Mechanism,9,A210804000001,Oil Cup,,2,,
SANY p239 L14,4-61,12759825 Swing Mechanism,10,A210111000105,BOLT,,2,,
SANY p239 L15,4-61,12759825 Swing Mechanism,11,A210208000001,Screw,,2,,
SANY p239 L16,4-61,12759825 Swing Mechanism,12,A210434000008,Washer,,3,,
SANY p239 L17,4-61,12759825 Swing Mechanism,13,A810301060033,Right Swing Cylinder,Sany yellow,1,4-62,
SANY p239 L18,4-61,12759825 Swing Mechanism,13,A810301060033WD,Left swing valve cylinder,Pure white,,,VARIANT_OF_ROW_ABOVE
SANY p239 L19,4-61,12759825 Swing Mechanism,13,A810301060033GC,Left swing valve cylinder,Yellow green,,,VARIANT_OF_ROW_ABOVE
SANY p239 L20,4-61,12759825 Swing Mechanism,14,A810301060032,Left Swing Cylinder,Sany yellow,1,4-64,
SANY p239 L21,4-61,12759825 Swing Mechanism,14,A810301060032WD,Left swing valve cylinder,Pure white,,,VARIANT_OF_ROW_ABOVE
SANY p239 L22,4-61,12759825 Swing Mechanism,14,A810301060032GC,Left swing valve cylinder,Yellow green,,,VARIANT_OF_ROW_ABOVE
SANY p239 L23,4-61,12759825 Swing Mechanism,15,152603020014A,Oil Cup,,1,,
SANY p241 L1,4-63,A810301060033 Right Swing Cylinder,1,A210414000103,Retainer Ring,,1,,
SANY p241 L2,4-63,A810301060033 Right Swing Cylinder,2,SYG005913995,Sleeve,,1,,
SANY p241 L3,4-63,A810301060033 Right Swing Cylinder,3,SYG005913994,Internal Snap Ring,,1,,
SANY p241 L4,4-63,A810301060033 Right Swing Cylinder,4,A820202000120,Guide Bush,,1,,
SANY p241 L5,4-63,A810301060033 Right Swing Cylinder,5,A210609000087,O-ring,,2,,
SANY p241 L6,4-63,A810301060033 Right Swing Cylinder,6,60124154,K08-D Seal Ring,,1,,
SANY p241 L7,4-63,A810301060033 Right Swing Cylinder,7,A210417000103,Retainer Ring,,1,,
SANY p241 L8,4-63,A810301060033 Right Swing Cylinder,8,13573483,PADV Dust Ring,,1,,
SANY p241 L9,4-63,A810301060033 Right Swing Cylinder,9,B230101000084,BS Seal Ring,,1,,
SANY p241 L10,4-63,A810301060033 Right Swing Cylinder,10,10451273,Piston Rod,,1,,
SANY p241 L11,4-63,A810301060033 Right Swing Cylinder,11,B230101000115,FR Guide Ring,,2,,
SANY p241 L12,4-63,A810301060033 Right Swing Cylinder,12,B230101000135,OK Seal Ring,,1,,
SANY p241 L13,4-63,A810301060033 Right Swing Cylinder,13,A210434000015,Washer,,2,,
SANY p241 L14,4-63,A810301060033 Right Swing Cylinder,14,60181059,Plug,,2,,
SANY p241 L15,4-63,A810301060033 Right Swing Cylinder,15,A810301060017,Cylinder Bore,,1,,
SANY p241 L16,4-63,A810301060033 Right Swing Cylinder,16,B210780000201,Screw Plug,,1,,
SANY p241 L17,4-63,A810301060033 Right Swing Cylinder,17,A820601990011,Retainer Ring,,1,,
SANY p241 L18,4-63,A810301060033 Right Swing Cylinder,18,60156549,O-ring,,1,,
SANY p241 L19,4-63,A810301060033 Right Swing Cylinder,19,A210342000003,Screw Plug,,1,,
SANY p241 L20,4-63,A810301060033 Right Swing Cylinder,20,A820301012187,Damping Plug,,1,,
SANY p241 L21,4-63,A810301060033 Right Swing Cylinder,21,14495922,End Cover,,1,,
SANY p241 L22,4-63,A810301060033 Right Swing Cylinder,22,A880801010064,Screw,,2,,
SANY p241 L23,4-63,A810301060033 Right Swing Cylinder,23,60344813,Check Valve,,1,,
SANY p241 L24,4-63,A810301060033 Right Swing Cylinder,24,A210204000220,Screw,,2,,
SANY p241 L25,4-63,A810301060033 Right Swing Cylinder,25,A210401000017,Washer,,2,,
SANY p241 L26,4-63,A810301060033 Right Swing Cylinder,26,SYG006085300,Stop Spacer,,1,,
SANY p241 L27,4-63,A810301060033 Right Swing Cylinder,27,A210401000004,Washer,,4,,
SANY p241 L28,4-63,A810301060033 Right Swing Cylinder,28,A210204000203,Screw,,4,,
SANY p243 L1,4-65,A810301060032 Left Swing Cylinder,1,A210414000103,Retainer Ring,,1,,
SANY p243 L2,4-65,A810301060032 Left Swing Cylinder,2,SYG005913995,Sleeve,,1,,
SANY p243 L3,4-65,A810301060032 Left Swing Cylinder,3,SYG005913994,Internal Snap Ring,,1,,
SANY p243 L4,4-65,A810301060032 Left Swing Cylinder,4,A820202000120,Guide Bush,,1,,
SANY p243 L5,4-65,A810301060032 Left Swing Cylinder,5,A210609000087,O-ring,,2,,
SANY p243 L6,4-65,A810301060032 Left Swing Cylinder,6,60124154,K08-D Seal Ring,,1,,
SANY p243 L7,4-65,A810301060032 Left Swing Cylinder,7,A210417000103,Retainer Ring,,1,,
SANY p243 L8,4-65,A810301060032 Left Swing Cylinder,8,13573483,PADV Dust Ring,,1,,
SANY p243 L9,4-65,A810301060032 Left Swing Cylinder,9,B230101000084,BS Seal Ring,,1,,
SANY p243 L10,4-65,A810301060032 Left Swing Cylinder,10,10451273,Piston Rod,,1,,
SANY p243 L11,4-65,A810301060032 Left Swing Cylinder,11,B230101000115,FR Guide Ring,,2,,
SANY p243 L12,4-65,A810301060032 Left Swing Cylinder,12,B230101000135,OK Seal Ring,,1,,
SANY p243 L13,4-65,A810301060032 Left Swing Cylinder,13,A210434000015,Washer,,2,,
SANY p243 L14,4-65,A810301060032 Left Swing Cylinder,14,60181059,Plug,,2,,
SANY p243 L15,4-65,A810301060032 Left Swing Cylinder,15,B210780000201,Screw Plug,,1,,
SANY p243 L16,4-65,A810301060032 Left Swing Cylinder,16,A810301060017,Cylinder Bore,,1,,
SANY p243 L17,4-65,A810301060032 Left Swing Cylinder,17,A820601990011,Retainer Ring,,1,,
SANY p243 L18,4-65,A810301060032 Left Swing Cylinder,18,60156549,O-ring,,1,,
SANY p243 L19,4-65,A810301060032 Left Swing Cylinder,19,A210342000003,Screw Plug,,1,,
SANY p243 L20,4-65,A810301060032 Left Swing Cylinder,20,A820301012187,Damping Plug,,1,,
SANY p243 L21,4-65,A810301060032 Left Swing Cylinder,21,A880801010064,Screw,,2,,
SANY p243 L22,4-65,A810301060032 Left Swing Cylinder,22,SYG006085300,Stop Spacer,,1,,
SANY p243 L23,4-65,A810301060032 Left Swing Cylinder,23,60344813,Check Valve,,1,,
SANY p243 L24,4-65,A810301060032 Left Swing Cylinder,24,14495921,End Cover,,1,,
SANY p243 L25,4-65,A810301060032 Left Swing Cylinder,25,A210401000004,Washer,,4,,
SANY p243 L26,4-65,A810301060032 Left Swing Cylinder,26,A210204000203,Screw,,4,,
SANY p243 L27,4-65,A810301060032 Left Swing Cylinder,27,A210401000017,Washer,,2,,
SANY p243 L28,4-65,A810301060032 Left Swing Cylinder,28,A210204000220,Screw,,2,,
SANY p245 L1,4-67,BCB006289976 Pumping Mechanism,1,12549133,Tie Bar,,6,,
SANY p245 L2,4-67,BCB006289976 Pumping Mechanism,2,BCB006292397,Water Tank,,1,,
SANY p245 L3,4-67,BCB006289976 Pumping Mechanism,3,A210405000024,Washer,,6,,
SANY p245 L4,4-67,BCB006289976 Pumping Mechanism,4,A210401000012,Washer,,6,,
SANY p245 L5,4-67,BCB006289976 Pumping Mechanism,5,A820204000365,Nut,,5,,
SANY p245 L6,4-67,BCB006289976 Pumping Mechanism,6,A820204000363,Nut,,1,,
SANY p247 L1,4-69,BCB006289976 Pumping Mechanism,7,A210609000328,O-ring,,2,,
SANY p247 L2,4-69,BCB006289976 Pumping Mechanism,8,14517740,Delivery Cylinder,,2,,
SANY p247 L3,4-69,BCB006289976 Pumping Mechanism,9,14493703,Piston Head,,2,4-72,
SANY p247 L4,4-69,BCB006289976 Pumping Mechanism,10,A210111000229,Bolt,,8,,
SANY p247 L5,4-69,BCB006289976 Pumping Mechanism,11,A210204000233,Screw,,8,,
SANY p247 L6,4-69,BCB006289976 Pumping Mechanism,12,A210401000004,Washer,,8,,
SANY p247 L7,4-69,BCB006289976 Pumping Mechanism,13,14331204,Connection Disc,,2,,
SANY p247 L8,4-69,BCB006289976 Pumping Mechanism,14,14295774,Stop Collar,,2,,
SANY p247 L9,4-69,BCB006289976 Pumping Mechanism,15,A210111000061,Bolt,,2,,
SANY p247 L10,4-69,BCB006289976 Pumping Mechanism,16,A210401000006,Washer,,2,,
SANY p247 L11,4-69,BCB006289976 Pumping Mechanism,17,A210405000008,Washer,,2,,
SANY p247 L12,4-69,BCB006289976 Pumping Mechanism,18,14295778,Retainer Block,,2,,
SANY p247 L13,4-69,BCB006289976 Pumping Mechanism,19,14295783,Ring Sleeve,,2,,
SANY p247 L14,4-69,BCB006289976 Pumping Mechanism,20,BCB004725166,Guard Mesh,,1,,
SANY p247 L15,4-69,BCB006289976 Pumping Mechanism,21,A210204000145,Screw,,2,,
SANY p247 L16,4-69,BCB006289976 Pumping Mechanism,22,BCB005020664,Water Tank Cover Plate,,1,4-74,
SANY p247 L17,4-69,BCB006289976 Pumping Mechanism,23,60170220,Door Lock,,1,,
SANY p247 L18,4-69,BCB006289976 Pumping Mechanism,24,A210401000016,Washer,,2,,
SANY p247 L19,4-69,BCB006289976 Pumping Mechanism,25,A210204000130,Screw,,2,,
SANY p249 L1,4-71,BCB006289976 Pumping Mechanism,26,A210204000146,Screw,,2,,
SANY p249 L2,4-71,BCB006289976 Pumping Mechanism,27,12773463,Limit Retainer Block,,1,,
SANY p249 L3,4-71,BCB006289976 Pumping Mechanism,28,60100544,Screw,,16,,
SANY p249 L4,4-71,BCB006289976 Pumping Mechanism,29,14334850,Main Cylinder,,2,4-76,
SANY p249 L5,4-71,BCB006289976 Pumping Mechanism,30,A210401000008,Washer,,16,,
SANY p249 L6,4-71,BCB006289976 Pumping Mechanism,31,12736942,Drain Screw,,1,,
SANY p249 L7,4-71,BCB006289976 Pumping Mechanism,32,140503000072A,Displacement Sensor,,2,,
SANY p249 L8,4-71,BCB006289976 Pumping Mechanism,33,BCB005208661,Protective Cover,,2,,
SANY p249 L9,4-71,BCB006289976 Pumping Mechanism,34,A210405000007,Washer,,4,,
SANY p249 L10,4-71,BCB006289976 Pumping Mechanism,35,A210111000089,Bolt,,4,,
SANY p249 L11,4-71,BCB006289976 Pumping Mechanism,36,A210401000017,Washer,,6,,
SANY p249 L12,4-71,BCB006289976 Pumping Mechanism,37,60198117,Door Lock,,1,,
SANY p251 L1,4-73,14493703 Piston Head,1,14295804,Connection Rod,,1,,
SANY p251 L2,4-73,14493703 Piston Head,2,BCB005107371,Pressure Plate,,1,,
SANY p251 L3,4-73,14493703 Piston Head,3,A210609000124,O-Ring,,1,,
SANY p251 L4,4-73,14493703 Piston Head,4,A210401000004,Washer,,4,,
SANY p251 L5,4-73,14493703 Piston Head,5,A210204000160,Screw,,4,,
SANY p251 L6,4-73,14493703 Piston Head,6,12574203,Guide Ring,,1,,
SANY p251 L7,4-73,14493703 Piston Head,7,151499000186A,Rubber Piston,,1,,
SANY p253 L1,4-75,BCB005020664 Water Tank Cover Plate,1,A210111000081,Bolt,,2,,
SANY p253 L2,4-75,BCB005020664 Water Tank Cover Plate,2,60223193,Handle,,1,,
SANY p253 L3,4-75,BCB005020664 Water Tank Cover Plate,3,BCB005020637,Cover Plate AS,,1,,
SANY p253 L4,4-75,BCB005020664 Water Tank Cover Plate,4,A210401000016,Washer,,2,,
SANY p253 L5,4-75,BCB005020664 Water Tank Cover Plate,5,A210405000006,Washer,,2,,
SANY p253 L6,4-75,BCB005020664 Water Tank Cover Plate,6,A210307000016,Nut,,4,,
SANY p255 L1,4-77,14334850 Main Cylinder,1,14334853,Piston Rod GP,,1,,
SANY p255 L2,4-77,14334850 Main Cylinder,2,A210204000296,Screw,,2,,
SANY p255 L3,4-77,14334850 Main Cylinder,3,A210401000002,Washer,,2,,
SANY p255 L4,4-77,14334850 Main Cylinder,4,B210780000201,Screw Plug,,3,,
SANY p255 L5,4-77,14334850 Main Cylinder,5,14288721,Gland,,1,,
SANY p255 L6,4-77,14334850 Main Cylinder,6,10514326,Retainer Ring,,3,,
SANY p255 L7,4-77,14334850 Main Cylinder,7,14338453,Sensing Sleeve,,1,,
SANY p255 L8,4-77,14334850 Main Cylinder,8,B230101000690,UP Guide Ring,,3,,
SANY p255 L9,4-77,14334850 Main Cylinder,9,61019458,HBY Seal Ring,,2,,
SANY p255 L10,4-77,14334850 Main Cylinder,10,A880806030096,Bearing Ring,,2,,
SANY p255 L11,4-77,14334850 Main Cylinder,11,60115017,BS SEAL RING,,2,,
SANY p255 L12,4-77,14334850 Main Cylinder,12,13573486,PADV Dust Ring,,1,,
SANY p255 L13,4-77,14334850 Main Cylinder,13,A210417000001,Retainer Ring,,1,,
SANY p255 L14,4-77,14334850 Main Cylinder,14,60083230,K08-D Seal Ring,,1,,
SANY p255 L15,4-77,14334850 Main Cylinder,15,24002569,O-ring,,2,,
SANY p255 L16,4-77,14334850 Main Cylinder,16,60044195,UP Dust Seal,,2,,
SANY p255 L17,4-77,14334850 Main Cylinder,17,B230101000848,FR Guide Ring,,2,,
SANY p255 L18,4-77,14334850 Main Cylinder,18,B230101000141,OK Seal Ring,,1,,
SANY p255 L19,4-77,14334850 Main Cylinder,19,14345427,Piston,,1,,
SANY p255 L20,4-77,14334850 Main Cylinder,20,A210609000135,O-ring,,2,,
SANY p255 L21,4-77,14334850 Main Cylinder,21,12756986,Retainer Ring,,2,,
SANY p255 L22,4-77,14334850 Main Cylinder,22,14418272,Round Nut,,1,,
SANY p255 L23,4-77,14334850 Main Cylinder,23,14334849,Magnetic Shield,,1,,
SANY p255 L24,4-77,14334850 Main Cylinder,24,140503000072A001,Magnetic Ring,,1,,
SANY p255 L25,4-77,14334850 Main Cylinder,25,14418271,Cover,,1,,
SANY p255 L26,4-77,14334850 Main Cylinder,26,SYG005733387,Rubber Pad,,1,,
SANY p255 L27,4-77,14334850 Main Cylinder,27,SYG005733386,Screw Plug,,1,,
SANY p255 L28,4-77,14334850 Main Cylinder,28,A880801010064,Screw,,1,,
SANY p255 L29,4-77,14334850 Main Cylinder,29,A210434000007,Washer,,1,,
SANY p255 L30,4-77,14334850 Main Cylinder,30,12355722,Screw Plug,,1,,
SANY p255 L31,4-77,14334850 Main Cylinder,31,14339475,Cylinder Bore GP,,1,,
SANY p255 L32,4-77,14334850 Main Cylinder,32,A210609000276,O-ring,,1,,
SANY p255 L33,4-77,14334850 Main Cylinder,33,14334848,Cylinder Bottom,,1,,
SANY p255 L34,4-77,14334850 Main Cylinder,34,A210204000088,Screw,,8,,
SANY p257 L1,4-79,"12784926 Support, Water Tank",1,12784921,Water Tank Support Seat,,1,,
SANY p257 L2,4-79,"12784926 Support, Water Tank",2,13202967,Water Tank Support Shaft,,1,,
SANY p257 L3,4-79,"12784926 Support, Water Tank",3,12784925,Washer,,2,,
SANY p257 L4,4-79,"12784926 Support, Water Tank",4,A210401000006,Washer,,6,,
SANY p257 L5,4-79,"12784926 Support, Water Tank",5,A210204000216,Screw,,6,,
SANY p257 L6,4-79,"12784926 Support, Water Tank",6,A210444000003,Washer,,1,,
SANY p257 L7,4-79,"12784926 Support, Water Tank",7,13202970,Nut,,1,,
SANY p257 L8,4-79,"12784926 Support, Water Tank",8,A210319000028,Nut,,1,,
SANY p259 L1,4-81,BCB005305429 Main Cylinder Support,1,BCB005299806,Support Bar Weldment,,1,,
SANY p259 L2,4-81,BCB005305429 Main Cylinder Support,2,BCB005305384,Main Cylinder Suspension,,1,4-82,
SANY p259 L3,4-81,BCB005305429 Main Cylinder Support,3,A210405000003,Washer,,4,,
SANY p259 L4,4-81,BCB005305429 Main Cylinder Support,4,A210401000004,Washer,,4,,
SANY p259 L5,4-81,BCB005305429 Main Cylinder Support,5,A210204000165,Screw,,4,,
SANY p261 L1,4-83,BCB005305384 Main Cylinder Suspension,1,12516032,Tie Bar,,1,,
SANY p261 L2,4-83,BCB005305384 Main Cylinder Suspension,2,11471917,Support Seat,,1,,
SANY p261 L3,4-83,BCB005305384 Main Cylinder Suspension,3,11335774,Clamp,,2,,
SANY p261 L4,4-83,BCB005305384 Main Cylinder Suspension,4,11335769,Spring,,1,,
SANY p261 L5,4-83,BCB005305384 Main Cylinder Suspension,5,A210307000040,Nut,,8,,
SANY p261 L6,4-83,BCB005305384 Main Cylinder Suspension,6,A210110000240,Bolt,,1,,
SANY p261 L7,4-83,BCB005305384 Main Cylinder Suspension,7,A210401000008,Washer,,1,,
SANY p261 L8,4-83,BCB005305384 Main Cylinder Suspension,8,A210307000030,Nut,,1,,
SANY p261 L9,4-83,BCB005305384 Main Cylinder Suspension,9,12595786,Davit,,1,,
SANY p261 L10,4-83,BCB005305384 Main Cylinder Suspension,10,A210401000012,Washer,,1,,
SANY p261 L11,4-83,BCB005305384 Main Cylinder Suspension,11,A210307000010,Nut,,2,,
SANY p261 L12,4-83,BCB005305384 Main Cylinder Suspension,12,14104972,Washer,,2,,
SANY p265 L1,5-3,BCB007023417 Base Structure GP,1,10759673,Outrigger Pad Box,,1,5-10,
SANY p265 L2,5-3,BCB007023417 Base Structure GP,2,BCB006819115,Auxiliary Valve Rack GP,,1,5-12,
SANY p265 L3,5-3,BCB007023417 Base Structure GP,2,BCB006819115WD,auxiliary valve rack,Pure white,,,VARIANT_OF_ROW_ABOVE
SANY p265 L4,5-3,BCB007023417 Base Structure GP,2,BCB006819115GC,auxiliary valve rack,Yellow green,,,VARIANT_OF_ROW_ABOVE
SANY p265 L5,5-3,BCB007023417 Base Structure GP,2,BCB006819115YA,auxiliary valve rack,Sany yellow,,,VARIANT_OF_ROW_ABOVE
SANY p265 L6,5-3,BCB007023417 Base Structure GP,3,BCB006994795,Accumulator Bracket AS,,1,5-14,
SANY p265 L7,5-3,BCB007023417 Base Structure GP,3,BCB006994795YA,Energy storage group components,Sany yellow,,,VARIANT_OF_ROW_ABOVE
SANY p265 L8,5-3,BCB007023417 Base Structure GP,3,BCB006994795WD,Energy storage group components,Pure white,,,VARIANT_OF_ROW_ABOVE
SANY p265 L9,5-3,BCB007023417 Base Structure GP,3,BCB006994795GC,Energy storage group components,Yellow green,,,VARIANT_OF_ROW_ABOVE
SANY p265 L10,5-3,BCB007023417 Base Structure GP,4,BCB007567601,Frame GP,,1,5-18,
SANY p265 L11,5-3,BCB007023417 Base Structure GP,4,BCB007567601YA,support,Sany yellow,,,VARIANT_OF_ROW_ABOVE
SANY p265 L12,5-3,BCB007023417 Base Structure GP,4,BCB007567601WD,support,Pure white,,,VARIANT_OF_ROW_ABOVE
SANY p265 L13,5-3,BCB007023417 Base Structure GP,4,BCB007567601GC,support,Yellow green,,,VARIANT_OF_ROW_ABOVE
SANY p265 L14,5-3,BCB007023417 Base Structure GP,5,BCB006531258,Main Support,,1,5-20,
SANY p265 L15,5-3,BCB007023417 Base Structure GP,6,12570629,Protective Cover,,1,,
SANY p265 L16,5-3,BCB007023417 Base Structure GP,7,A210404000005,Washer,,4,,
SANY p265 L17,5-3,BCB007023417 Base Structure GP,8,A210401000017,Washer,,4,,
SANY p265 L18,5-3,BCB007023417 Base Structure GP,9,A210111000088,Bolt,,4,,
SANY p265 L19,5-3,BCB007023417 Base Structure GP,10,A210111000025,Bolt,,4,,
SANY p265 L20,5-3,BCB007023417 Base Structure GP,11,A210401000001,Washer,,4,,
SANY p265 L21,5-3,BCB007023417 Base Structure GP,12,A210405000011,Washer,,8,,
SANY p265 L22,5-3,BCB007023417 Base Structure GP,13,12674762,Harness Support,,1,,
SANY p267 L1,5-5,BCB007023417 Base Structure GP,12,A210405000011,Washer,,8,,
SANY p267 L2,5-5,BCB007023417 Base Structure GP,14,14421945,Main Valve Mount,,1,5-22,
SANY p267 L3,5-5,BCB007023417 Base Structure GP,15,A210111000205,Bolt,,8,,
SANY p267 L4,5-5,BCB007023417 Base Structure GP,16,A210405000002,Washer,,8,,
SANY p267 L5,5-5,BCB007023417 Base Structure GP,17,13234668,"Support Frame, Air Cooler",,2,,
SANY p267 L6,5-5,BCB007023417 Base Structure GP,18,A210111000125,Bolt,,4,,
SANY p267 L7,5-5,BCB007023417 Base Structure GP,19,13016852,Front Seal Plate,,1,,
SANY p269 L1,5-7,BCB007023417 Base Structure GP,20,BCB004611442,Tail Lamp Support Installation GP,,1,5-24,
SANY p269 L2,5-7,BCB007023417 Base Structure GP,21,BCB006761875,Left Toolbox AS,,1,5-26,
SANY p269 L3,5-7,BCB007023417 Base Structure GP,22,BCB006592606,Air Valve and Oil Filling Pipe GP,,1,5-30,
SANY p269 L4,5-7,BCB007023417 Base Structure GP,24,BCB006590215,"Mounting Frame, Guardrail",,1,5-66,
SANY p271 L1,5-9,BCB007023417 Base Structure GP,23,BCB006367344,Platform and Accessories,,1,5-34,
SANY p273 L1,5-11,10759673 Outrigger Pad Box,1,11503375,Large Outrigger Pad Box AS,,1,,
SANY p273 L2,5-11,10759673 Outrigger Pad Box,2,10759677,Retainer Pin,,1,,
SANY p273 L3,5-11,10759673 Outrigger Pad Box,3,A810301010476,Pin AS,,1,,
SANY p273 L4,5-11,10759673 Outrigger Pad Box,4,A210401000002,Washer,,2,,
SANY p273 L5,5-11,10759673 Outrigger Pad Box,5,A210111000045,Bolt,,2,,
SANY p273 L6,5-11,10759673 Outrigger Pad Box,6,A210307000001,Nut,,2,,
SANY p273 L7,5-11,10759673 Outrigger Pad Box,7,A210491000120,Washer,,4,,
SANY p273 L8,5-11,10759673 Outrigger Pad Box,8,A210111000024,Bolt,,4,,
SANY p275 L1,5-13,BCB006819115 Auxiliary Valve Rack GP,1,A210111000090,Bolt,,6,,
SANY p275 L2,5-13,BCB006819115 Auxiliary Valve Rack GP,2,A210405000007,Washer,,12,,
SANY p275 L3,5-13,BCB006819115 Auxiliary Valve Rack GP,3,BCB006819081,Pipeline Support Plate,Sany yellow,1,,
SANY p275 L4,5-13,BCB006819115 Auxiliary Valve Rack GP,3,BCB006819081WD,Pipeline supporting plate,Pure white,,,VARIANT_OF_ROW_ABOVE
SANY p275 L5,5-13,BCB006819115 Auxiliary Valve Rack GP,3,BCB006819081GC,Pipeline supporting plate,Yellow green,,,VARIANT_OF_ROW_ABOVE
SANY p275 L6,5-13,BCB006819115 Auxiliary Valve Rack GP,4,BCB006781199,Top Plate,Sany yellow,1,,
SANY p275 L7,5-13,BCB006819115 Auxiliary Valve Rack GP,4,BCB006781199WD,top plate,Pure white,,,VARIANT_OF_ROW_ABOVE
SANY p275 L8,5-13,BCB006819115 Auxiliary Valve Rack GP,4,BCB006781199GC,top plate,Yellow green,,,VARIANT_OF_ROW_ABOVE
SANY p275 L9,5-13,BCB006819115 Auxiliary Valve Rack GP,5,BCB006799825,"Weldment, Auxiliary Valve Rack",Sany yellow,1,,
SANY p275 L10,5-13,BCB006819115 Auxiliary Valve Rack GP,5,BCB006799825WD,auxiliary valve rack welding,Pure white,,,VARIANT_OF_ROW_ABOVE
SANY p275 L11,5-13,BCB006819115 Auxiliary Valve Rack GP,5,BCB006799825GC,auxiliary valve rack welding,Yellow green,,,VARIANT_OF_ROW_ABOVE
SANY p275 L12,5-13,BCB006819115 Auxiliary Valve Rack GP,6,A210307000012,Nut,,6,,
SANY p275 L13,5-13,BCB006819115 Auxiliary Valve Rack GP,7,A210405000003,Washer,,8,,
SANY p275 L14,5-13,BCB006819115 Auxiliary Valve Rack GP,8,A210111000263,Bolt,,8,,
SANY p277 L1,5-15,BCB006994795 Accumulator Bracket AS,1,BCB004596415,Accumulator Bracket AS,,1,5-16,
SANY p277 L2,5-15,BCB006994795 Accumulator Bracket AS,1,BCB004596415GC,Accumulator Bracket AS,Yellow green,,,VARIANT_OF_ROW_ABOVE
SANY p277 L3,5-15,BCB006994795 Accumulator Bracket AS,1,BCB004596415WD,Accumulator Bracket AS,Pure white,,,VARIANT_OF_ROW_ABOVE
SANY p277 L4,5-15,BCB006994795 Accumulator Bracket AS,1,BCB004596415YA,Accumulator Bracket AS,Sany yellow,,,VARIANT_OF_ROW_ABOVE
SANY p277 L5,5-15,BCB006994795 Accumulator Bracket AS,2,A210111000024,Bolt,,4,,
SANY p277 L6,5-15,BCB006994795 Accumulator Bracket AS,3,A210405000011,Washer,,8,,
SANY p277 L7,5-15,BCB006994795 Accumulator Bracket AS,4,A210307000017,Nut,,4,,
SANY p279 L1,5-17,BCB004596415 Accumulator Bracket AS,1,BCB004595980,Accumulator Mount Weldment,Sany yellow,1,,
SANY p279 L2,5-17,BCB004596415 Accumulator Bracket AS,1,BCB004595980WD,wellding-Accumulator Bracke,Pure white,,,VARIANT_OF_ROW_ABOVE
SANY p279 L3,5-17,BCB004596415 Accumulator Bracket AS,1,BCB004595980GC,wellding-Accumulator Bracke,Yellow green,,,VARIANT_OF_ROW_ABOVE
SANY p279 L4,5-17,BCB004596415 Accumulator Bracket AS,2,A810201010034,Hoop,,2,,
SANY p279 L5,5-17,BCB004596415 Accumulator Bracket AS,3,A210405000011,Washer,,4,,
SANY p279 L6,5-17,BCB004596415 Accumulator Bracket AS,4,A210401000001,Washer,,4,,
SANY p279 L7,5-17,BCB004596415 Accumulator Bracket AS,5,A210307000017,Nut,,4,,
SANY p281 L1,5-19,BCB007567601 Frame GP,1,BCB007084547,Support,Sany yellow,1,,
SANY p281 L2,5-19,BCB007567601 Frame GP,1,BCB007084547GC,bent plate,Yellow green,,,VARIANT_OF_ROW_ABOVE
SANY p281 L3,5-19,BCB007567601 Frame GP,1,BCB007084547WD,bent plate,Pure white,,,VARIANT_OF_ROW_ABOVE
SANY p281 L4,5-19,BCB007567601 Frame GP,2,A210405000011,Washer,,4,,
SANY p281 L5,5-19,BCB007567601 Frame GP,3,A210401000001,Washer,,4,,
SANY p281 L6,5-19,BCB007567601 Frame GP,4,A210111000018,Bolt,,4,,
SANY p283 L1,5-21,BCB006531258 Main Support,1,BCB006531244,Main Support,,1,,
SANY p283 L2,5-21,BCB006531258 Main Support,2,11763407,Positioning seat,Sany yellow,2,,
SANY p283 L3,5-21,BCB006531258 Main Support,2,11763407WD,Positioning seat,Pure white,,,VARIANT_OF_ROW_ABOVE
SANY p283 L4,5-21,BCB006531258 Main Support,2,11763407GC,Positioning seat,Yellow green,,,VARIANT_OF_ROW_ABOVE
SANY p283 L5,5-21,BCB006531258 Main Support,3,A210405000011,Washer,,14,,
SANY p283 L6,5-21,BCB006531258 Main Support,4,A210111000197,Bolt,,8,,
SANY p283 L7,5-21,BCB006531258 Main Support,5,10940217,Travel switch bracket,Sany yellow,1,,
SANY p283 L8,5-21,BCB006531258 Main Support,5,10940217WD,Travel switch bracket,Pure white,,,VARIANT_OF_ROW_ABOVE
SANY p283 L9,5-21,BCB006531258 Main Support,5,10940217GC,Travel switch bracket,Yellow green,,,VARIANT_OF_ROW_ABOVE
SANY p283 L10,5-21,BCB006531258 Main Support,6,A210307000017,Nut,,1,,
SANY p283 L11,5-21,BCB006531258 Main Support,7,A210111000030,Bolt,,1,,
SANY p283 L12,5-21,BCB006531258 Main Support,8,A210204000341,Screw,,2,,
SANY p283 L13,5-21,BCB006531258 Main Support,9,A210405000007,Washer,,2,,
SANY p283 L14,5-21,BCB006531258 Main Support,10,12642416,buffer pad,,1,,
SANY p283 L15,5-21,BCB006531258 Main Support,11,A210204000181,Screw,,6,,
SANY p283 L16,5-21,BCB006531258 Main Support,12,12351189,Boot,,2,,
SANY p283 L17,5-21,BCB006531258 Main Support,13,A210405000003,Washer,,8,,
SANY p283 L18,5-21,BCB006531258 Main Support,14,A210111000053,Bolt,,8,,
SANY p285 L1,5-23,14421945 Main Valve Mount,1,14328576,Main Valve Block Seat,,1,,
SANY p285 L2,5-23,14421945 Main Valve Mount,2,14499748,Protective Cover,,1,,
SANY p285 L3,5-23,14421945 Main Valve Mount,3,A210405000008,Washer,,4,,
SANY p285 L4,5-23,14421945 Main Valve Mount,4,A210401000006,Washer,,4,,
SANY p285 L5,5-23,14421945 Main Valve Mount,5,A210111000289,Bolt,,4,,
SANY p285 L6,5-23,14421945 Main Valve Mount,6,A210405000003,Washer,,4,,
SANY p285 L7,5-23,14421945 Main Valve Mount,7,A210401000004,Washer,,4,,
SANY p285 L8,5-23,14421945 Main Valve Mount,8,A210111000229,Bolt,,4,,
SANY p285 L9,5-23,14421945 Main Valve Mount,9,A210307000040,Nut,,4,,
SANY p285 L10,5-23,14421945 Main Valve Mount,10,A210405000007,Washer,,4,,
SANY p285 L11,5-23,14421945 Main Valve Mount,11,A210401000017,Washer,,4,,
SANY p285 L12,5-23,14421945 Main Valve Mount,12,A210111000091,Bolt,,4,,
SANY p287 L1,5-25,BCB004611442 Tail Lamp Support Installation GP,1,13574805,Right Support Bar,,1,,
SANY p287 L2,5-25,BCB004611442 Tail Lamp Support Installation GP,2,13574804,Left Support Bar,,1,,
SANY p287 L3,5-25,BCB004611442 Tail Lamp Support Installation GP,3,13574801,Tail Lamp Box,,2,,
SANY p287 L4,5-25,BCB004611442 Tail Lamp Support Installation GP,4,11840956,Plug,,2,,
SANY p289 L1,5-27,BCB006761875 Left Toolbox AS,1,12890687,Toolbox Pad,,4,,
SANY p289 L2,5-27,BCB006761875 Left Toolbox AS,2,BCB005164875,Toolbox Bracket,,2,,
SANY p289 L3,5-27,BCB006761875 Left Toolbox AS,3,BCB005248487,Toolbox GP,,1,5-28,
SANY p289 L4,5-27,BCB006761875 Left Toolbox AS,4,A210113000041,Bolt,,8,,
SANY p289 L5,5-27,BCB006761875 Left Toolbox AS,5,A210405000002,Washer,,8,,
SANY p289 L6,5-27,BCB006761875 Left Toolbox AS,6,A210401000003,Washer,,8,,
SANY p289 L7,5-27,BCB006761875 Left Toolbox AS,7,60108575,Nut,,8,,
SANY p291 L1,5-29,BCB005248487 Toolbox GP,1,BCB005248488,Toolbox Weldment GP,,1,,
SANY p291 L2,5-29,BCB005248487 Toolbox GP,2,HBC004746467,Seal Strip,,1,,
SANY p291 L3,5-29,BCB005248487 Toolbox GP,3,60181006,Hinge,,2,,
SANY p291 L4,5-29,BCB005248487 Toolbox GP,4,A210204000492,Screw,,8,,
SANY p291 L5,5-29,BCB005248487 Toolbox GP,5,A314140000314,Nut,,8,,
SANY p291 L6,5-29,BCB005248487 Toolbox GP,6,HBC004747510,Toolbox Door,,1,,
SANY p291 L7,5-29,BCB005248487 Toolbox GP,7,142904000025A,Lock,,1,,
SANY p293 L1,5-31,BCB006592606 Air Valve and Oil Filling Pipe GP,1,152503010014,Directional Valve,,1,5-32,
SANY p293 L2,5-31,BCB006592606 Air Valve and Oil Filling Pipe GP,2,151208000115A,Fitting,,2,,
SANY p293 L3,5-31,BCB006592606 Air Valve and Oil Filling Pipe GP,3,151208000116A,Elbow Fitting,,2,,
SANY p293 L4,5-31,BCB006592606 Air Valve and Oil Filling Pipe GP,4,60249875,Muffler,,2,,
SANY p293 L5,5-31,BCB006592606 Air Valve and Oil Filling Pipe GP,5,BCB007002663,Air Pipe,,1,,
SANY p293 L6,5-31,BCB006592606 Air Valve and Oil Filling Pipe GP,6,A210210000028,Screw,,4,,
SANY p295 L1,5-33,152503010014 Directional Valve,1,152503010215A001,Coil,,2,,
SANY p295 L2,5-33,152503010014 Directional Valve,2,152503010215A002,Plug,,2,,
SANY p297 L1,5-35,BCB006367344 Platform and Accessories,1,A210111000229,Bolt,,8,,
SANY p297 L2,5-35,BCB006367344 Platform and Accessories,2,A210401000004,Washer,,8,,
SANY p297 L3,5-35,BCB006367344 Platform and Accessories,3,A210405000003,Washer,,8,,
SANY p297 L4,5-35,BCB006367344 Platform and Accessories,4,13265249,Left Lock Plate Weldment GP,,1,,
SANY p297 L5,5-35,BCB006367344 Platform and Accessories,5,BCB006367214,Left Platform,,1,5-38,
SANY p297 L6,5-35,BCB006367344 Platform and Accessories,6,A210111000199,Bolt,,44,,
SANY p297 L7,5-35,BCB006367344 Platform and Accessories,7,A210405000001,Washer,,44,,
SANY p297 L8,5-35,BCB006367344 Platform and Accessories,8,BCB006921644,Right Steps,,1,5-42,
SANY p297 L9,5-35,BCB006367344 Platform and Accessories,9,A210405000007,Washer,,14,,
SANY p297 L10,5-35,BCB006367344 Platform and Accessories,10,A210111000089,Bolt,,8,,
SANY p297 L11,5-35,BCB006367344 Platform and Accessories,11,A210401000017,Washer,,14,,
SANY p297 L12,5-35,BCB006367344 Platform and Accessories,12,13263337,Handrail,,1,,
SANY p297 L13,5-35,BCB006367344 Platform and Accessories,13,60144481,Bolt,,6,,
SANY p297 L14,5-35,BCB006367344 Platform and Accessories,14,A210491000121,Washer,,4,,
SANY p297 L15,5-35,BCB006367344 Platform and Accessories,15,A210111000204,Bolt,,4,,
SANY p297 L16,5-35,BCB006367344 Platform and Accessories,16,A210307000012,Nut,,6,,
SANY p297 L17,5-35,BCB006367344 Platform and Accessories,17,BCB007470443,Mounting Plate,,1,,
SANY p297 L18,5-35,BCB006367344 Platform and Accessories,18,A210307000036,Nut,,6,,
SANY p297 L19,5-35,BCB006367344 Platform and Accessories,19,A210401000001,Washer,,6,,
SANY p297 L20,5-35,BCB006367344 Platform and Accessories,20,A210404000003,Washer,,6,,
SANY p297 L21,5-35,BCB006367344 Platform and Accessories,21,13268795,Right Lock Plate Weldment GP,,1,,
SANY p297 L22,5-35,BCB006367344 Platform and Accessories,22,BCB006904083,Platform Guardrail,,1,,
SANY p297 L23,5-35,BCB006367344 Platform and Accessories,23,A210405000011,Washer,,6,,
SANY p297 L24,5-35,BCB006367344 Platform and Accessories,24,A210111000111,Bolt,,6,,
SANY p297 L25,5-35,BCB006367344 Platform and Accessories,25,BCB006367316,Right Platform,,1,5-44,
SANY p297 L26,5-35,BCB006367344 Platform and Accessories,27,12071343,"Mounting Plate, Operation Box",,1,,
SANY p299 L1,5-37,BCB006367344 Platform and Accessories,26,BCB006142869,Mudguard AS,,1,5-48,
SANY p301 L1,5-39,BCB006367214 Left Platform,1,BCB006367189,Left Panel Component,,1,,
SANY p301 L2,5-39,BCB006367214 Left Platform,2,12889655,Cantilever Beam,,1,,
SANY p301 L3,5-39,BCB006367214 Left Platform,3,BCB004707899,Cantilever Beam,,1,,
SANY p301 L4,5-39,BCB006367214 Left Platform,4,11782905,Cantilever Beam,,3,,
SANY p301 L5,5-39,BCB006367214 Left Platform,6,60144481,Bolt,,67,,
SANY p301 L6,5-39,BCB006367214 Left Platform,7,A210405000007,Washer,,67,,
SANY p301 L7,5-39,BCB006367214 Left Platform,8,A210401000017,Washer,,67,,
SANY p301 L8,5-39,BCB006367214 Left Platform,9,A210307000012,Nut,,67,,
SANY p303 L1,5-41,BCB006367214 Left Platform,5,60200721,Clamp,,21,,
SANY p303 L2,5-41,BCB006367214 Left Platform,6,60144481,Bolt,,67,,
SANY p303 L3,5-41,BCB006367214 Left Platform,7,A210405000007,Washer,,67,,
SANY p303 L4,5-41,BCB006367214 Left Platform,8,A210401000017,Washer,,67,,
SANY p303 L5,5-41,BCB006367214 Left Platform,9,A210307000012,Nut,,67,,
SANY p305 L1,5-43,BCB006921644 Right Steps,1,BCB006921581,Right Steps Weldment,,1,,
SANY p305 L2,5-43,BCB006921644 Right Steps,2,BCB005264027,Right Pedal,,2,,
SANY p305 L3,5-43,BCB006921644 Right Steps,3,BCB005264051,Right Pedal,,1,,
SANY p305 L4,5-43,BCB006921644 Right Steps,4,A210404000009,Washer,,9,,
SANY p305 L5,5-43,BCB006921644 Right Steps,5,A210401000016,Washer,,9,,
SANY p305 L6,5-43,BCB006921644 Right Steps,6,A210111000080,Bolt,,9,,
SANY p305 L7,5-43,BCB006921644 Right Steps,7,A210111000090,Bolt,,3,,
SANY p305 L8,5-43,BCB006921644 Right Steps,8,A210401000017,Washer,,3,,
SANY p305 L9,5-43,BCB006921644 Right Steps,9,A210307000012,Nut,,3,,
SANY p307 L1,5-45,BCB006367316 Right Platform,1,BCB006367277,Right Panel Component,,1,,
SANY p307 L2,5-45,BCB006367316 Right Platform,2,BCB004707900,Cantilever Beam,,1,,
SANY p307 L3,5-45,BCB006367316 Right Platform,3,A210401000017,Washer,,61,,
SANY p307 L4,5-45,BCB006367316 Right Platform,4,A210405000007,Washer,,61,,
SANY p307 L5,5-45,BCB006367316 Right Platform,5,A210307000012,Nut,,61,,
SANY p307 L6,5-45,BCB006367316 Right Platform,6,BCB004707899,Cantilever Beam,,1,,
SANY p307 L7,5-45,BCB006367316 Right Platform,7,11782905,Cantilever Beam,,4,,
SANY p307 L8,5-45,BCB006367316 Right Platform,8,60144481,Bolt,,61,,
SANY p309 L1,5-47,BCB006367316 Right Platform,3,A210401000017,Washer,,61,,
SANY p309 L2,5-47,BCB006367316 Right Platform,4,A210405000007,Washer,,61,,
SANY p309 L3,5-47,BCB006367316 Right Platform,5,A210307000012,Nut,,61,,
SANY p309 L4,5-47,BCB006367316 Right Platform,8,60144481,Bolt,,61,,
SANY p309 L5,5-47,BCB006367316 Right Platform,9,60200721,Clamp,,5,,
SANY p309 L6,5-47,BCB006367316 Right Platform,10,BCB004932583,"Mounting Seat, Horn",,1,,
SANY p311 L1,5-49,BCB006142869 Mudguard AS,1,BCB005909063,Mudguard AS,,1,5-50,
SANY p311 L2,5-49,BCB006142869 Mudguard AS,2,BCB005905158,Mudguard AS,,1,5-54,
SANY p311 L3,5-49,BCB006142869 Mudguard AS,3,BCB005909140,Mudguard AS,,1,5-58,
SANY p311 L4,5-49,BCB006142869 Mudguard AS,4,BCB005908809,Mudguard AS,,1,5-62,
SANY p313 L1,5-51,BCB005909063 Mudguard AS,1,60063102,Mudguard Bracket,,1,,
SANY p313 L2,5-51,BCB005909063 Mudguard AS,2,BCB005768309,Left Mudguard AS,,1,5-52,
SANY p313 L3,5-51,BCB005909063 Mudguard AS,3,14412731,Mudguard Mounting Plate,,1,,
SANY p313 L4,5-51,BCB005909063 Mudguard AS,4,A229900007244,Mudguard Adjustment Pressure Plate,,4,,
SANY p313 L5,5-51,BCB005909063 Mudguard AS,5,A210405000011,Washer,,3,,
SANY p313 L6,5-51,BCB005909063 Mudguard AS,6,A210401000001,Washer,,3,,
SANY p313 L7,5-51,BCB005909063 Mudguard AS,7,A210111000011,Bolt,,3,,
SANY p313 L8,5-51,BCB005909063 Mudguard AS,8,60144481,Bolt,,2,,
SANY p313 L9,5-51,BCB005909063 Mudguard AS,9,A210405000007,Washer,,2,,
SANY p313 L10,5-51,BCB005909063 Mudguard AS,10,A210401000017,Washer,,2,,
SANY p313 L11,5-51,BCB005909063 Mudguard AS,11,A210307000012,Nut,,2,,
SANY p313 L12,5-51,BCB005909063 Mudguard AS,12,168804000004A,Plug,,2,,
SANY p315 L1,5-53,BCB005768309 Left Mudguard AS,1,BCB005770593,Left Mudguard,,1,,
SANY p315 L2,5-53,BCB005768309 Left Mudguard AS,2,BCB005770654,Fender,,1,,
SANY p315 L3,5-53,BCB005768309 Left Mudguard AS,3,BCB005770708,Splash Guard,,1,,
SANY p315 L4,5-53,BCB005768309 Left Mudguard AS,4,A210111000343,Bolt,,7,,
SANY p315 L5,5-53,BCB005768309 Left Mudguard AS,5,24000633,Washer,,7,,
SANY p315 L6,5-53,BCB005768309 Left Mudguard AS,6,A210307000050,Nut,,7,,
SANY p317 L1,5-55,BCB005905158 Mudguard AS,1,60063102,Mudguard Bracket,,1,,
SANY p317 L2,5-55,BCB005905158 Mudguard AS,2,BCB005768309,Left Mudguard AS,,1,5-56,
SANY p317 L3,5-55,BCB005905158 Mudguard AS,3,14412731,Mudguard Mounting Plate,,1,,
SANY p317 L4,5-55,BCB005905158 Mudguard AS,4,A229900007244,Mudguard Adjustment Pressure Plate,,4,,
SANY p317 L5,5-55,BCB005905158 Mudguard AS,5,A210405000011,Washer,,3,,
SANY p317 L6,5-55,BCB005905158 Mudguard AS,6,A210401000001,Washer,,3,,
SANY p317 L7,5-55,BCB005905158 Mudguard AS,7,A210111000011,Bolt,,3,,
SANY p317 L8,5-55,BCB005905158 Mudguard AS,8,60144481,Bolt,,2,,
SANY p317 L9,5-55,BCB005905158 Mudguard AS,9,A210405000007,Washer,,2,,
SANY p317 L10,5-55,BCB005905158 Mudguard AS,10,A210401000017,Washer,,2,,
SANY p317 L11,5-55,BCB005905158 Mudguard AS,11,A210307000012,Nut,,2,,
SANY p317 L12,5-55,BCB005905158 Mudguard AS,12,168804000004A,Plug,,2,,
SANY p319 L1,5-57,BCB005768309 Left Mudguard AS (p5-56),1,BCB005770593,Left Mudguard,,1,,
SANY p319 L2,5-57,BCB005768309 Left Mudguard AS (p5-56),2,BCB005770654,Fender,,1,,
SANY p319 L3,5-57,BCB005768309 Left Mudguard AS (p5-56),3,BCB005770708,Splash Guard,,1,,
SANY p319 L4,5-57,BCB005768309 Left Mudguard AS (p5-56),4,A210111000343,Bolt,,7,,
SANY p319 L5,5-57,BCB005768309 Left Mudguard AS (p5-56),5,24000633,Washer,,7,,
SANY p319 L6,5-57,BCB005768309 Left Mudguard AS (p5-56),6,A210307000050,Nut,,7,,
SANY p321 L1,5-59,BCB005909140 Mudguard AS,1,60063102,Mudguard Bracket,,1,,
SANY p321 L2,5-59,BCB005909140 Mudguard AS,2,BCB005770901,Right Mudguard AS,,1,5-60,
SANY p321 L3,5-59,BCB005909140 Mudguard AS,3,14412731,Mudguard Mounting Plate,,1,,
SANY p321 L4,5-59,BCB005909140 Mudguard AS,4,A229900007244,Mudguard Adjustment Pressure Plate,,4,,
SANY p321 L5,5-59,BCB005909140 Mudguard AS,5,A210405000011,Washer,,3,,
SANY p321 L6,5-59,BCB005909140 Mudguard AS,6,A210401000001,Washer,,3,,
SANY p321 L7,5-59,BCB005909140 Mudguard AS,7,A210111000011,Bolt,,3,,
SANY p321 L8,5-59,BCB005909140 Mudguard AS,8,60144481,Bolt,,2,,
SANY p321 L9,5-59,BCB005909140 Mudguard AS,9,A210405000007,Washer,,2,,
SANY p321 L10,5-59,BCB005909140 Mudguard AS,10,A210401000017,Washer,,2,,
SANY p321 L11,5-59,BCB005909140 Mudguard AS,11,A210307000012,Nut,,2,,
SANY p321 L12,5-59,BCB005909140 Mudguard AS,12,168804000004A,Plug,,2,,
SANY p323 L1,5-61,BCB005770901 Right Mudguard AS,1,BCB005770738,Right Mudguard,,1,,
SANY p323 L2,5-61,BCB005770901 Right Mudguard AS,2,BCB005770654,Fender,,1,,
SANY p323 L3,5-61,BCB005770901 Right Mudguard AS,3,BCB005770708,Splash Guard,,1,,
SANY p323 L4,5-61,BCB005770901 Right Mudguard AS,4,A210111000343,Bolt,,7,,
SANY p323 L5,5-61,BCB005770901 Right Mudguard AS,5,24000633,Washer,,7,,
SANY p323 L6,5-61,BCB005770901 Right Mudguard AS,6,A210307000050,Nut,,7,,
SANY p325 L1,5-63,BCB005908809 Mudguard AS,1,60063102,Mudguard Bracket,,1,,
SANY p325 L2,5-63,BCB005908809 Mudguard AS,2,BCB005770901,Right Mudguard AS,,1,5-60,
SANY p325 L3,5-63,BCB005908809 Mudguard AS,3,14412731,Mudguard Mounting Plate,,1,,
SANY p325 L4,5-63,BCB005908809 Mudguard AS,4,A229900007244,Mudguard Adjustment Pressure Plate,,4,,
SANY p325 L5,5-63,BCB005908809 Mudguard AS,5,A210405000011,Washer,,3,,
SANY p325 L6,5-63,BCB005908809 Mudguard AS,6,A210401000001,Washer,,3,,
SANY p325 L7,5-63,BCB005908809 Mudguard AS,7,A210111000011,Bolt,,3,,
SANY p325 L8,5-63,BCB005908809 Mudguard AS,8,60144481,Bolt,,2,,
SANY p325 L9,5-63,BCB005908809 Mudguard AS,9,A210405000007,Washer,,2,,
SANY p325 L10,5-63,BCB005908809 Mudguard AS,10,A210401000017,Washer,,2,,
SANY p325 L11,5-63,BCB005908809 Mudguard AS,11,A210307000012,Nut,,2,,
SANY p325 L12,5-63,BCB005908809 Mudguard AS,12,168804000004A,Plug,,2,,
SANY p327 L1,5-65,BCB005770901 Right Mudguard AS (p5-64),1,BCB005770738,Right Mudguard,,1,,
SANY p327 L2,5-65,BCB005770901 Right Mudguard AS (p5-64),2,BCB005770654,Fender,,1,,
SANY p327 L3,5-65,BCB005770901 Right Mudguard AS (p5-64),3,BCB005770708,Splash Guard,,1,,
SANY p327 L4,5-65,BCB005770901 Right Mudguard AS (p5-64),4,A210111000343,Bolt,,7,,
SANY p327 L5,5-65,BCB005770901 Right Mudguard AS (p5-64),5,24000633,Washer,,7,,
SANY p327 L6,5-65,BCB005770901 Right Mudguard AS (p5-64),6,A210307000050,Nut,,7,,
SANY p329 L1,5-67,"BCB006590215 Mounting Frame, Guardrail",1,13571059,Cross Beam,,2,,
SANY p329 L2,5-67,"BCB006590215 Mounting Frame, Guardrail",2,14431539,Mounting Seat,,2,,
SANY p329 L3,5-67,"BCB006590215 Mounting Frame, Guardrail",3,BCB004637282,Front Guard,,1,,
SANY p329 L4,5-67,"BCB006590215 Mounting Frame, Guardrail",4,A210405000007,Washer,,36,,
SANY p329 L5,5-67,"BCB006590215 Mounting Frame, Guardrail",5,A210401000017,Washer,,36,,
SANY p329 L6,5-67,"BCB006590215 Mounting Frame, Guardrail",6,A210111000090,Bolt,,20,,
SANY p329 L7,5-67,"BCB006590215 Mounting Frame, Guardrail",7,13603219,support,,4,,
SANY p329 L8,5-67,"BCB006590215 Mounting Frame, Guardrail",8,14099775,mounting seat,,8,,
SANY p329 L9,5-67,"BCB006590215 Mounting Frame, Guardrail",9,A210307000012,Nut,,16,,
SANY p331 L1,5-69,"BCB006590215 Mounting Frame, Guardrail",4,A210405000007,Washer,,36,,
SANY p331 L2,5-69,"BCB006590215 Mounting Frame, Guardrail",5,A210401000017,Washer,,36,,
SANY p331 L3,5-69,"BCB006590215 Mounting Frame, Guardrail",6,A210111000090,Bolt,,20,,
SANY p331 L4,5-69,"BCB006590215 Mounting Frame, Guardrail",7,13603219,support,,4,,
SANY p331 L5,5-69,"BCB006590215 Mounting Frame, Guardrail",8,14099775,mounting seat,,8,,
SANY p331 L6,5-69,"BCB006590215 Mounting Frame, Guardrail",9,A210307000012,Nut,,16,,
SANY p331 L7,5-69,"BCB006590215 Mounting Frame, Guardrail",10,BCB004638621,Front Guard,,1,,
SANY p331 L8,5-69,"BCB006590215 Mounting Frame, Guardrail",11,13418990,Cross Beam,,2,,
SANY p335 L1,6-3,BCB007019461 Chassis GP,1,BCB007018834,Chassis Refit,,2,,
SANY p335 L2,6-3,BCB007019461 Chassis GP,2,BCB006595059,Chassis Refashionment,,2,6-6,
SANY p337 L1,6-5,BCB007019461 Chassis GP,3,BCB004831270,"Hanger GP, Transfer Case",,2,6-8,
SANY p337 L2,6-5,BCB007019461 Chassis GP,4,BCB005504055,Transfer Case and Oil Pump Parts,,2,6-12,
SANY p337 L3,6-5,BCB007019461 Chassis GP,5,BCB006597138,Transmission System,,2,6-38,
SANY p337 L4,6-5,BCB007019461 Chassis GP,6,BCB006543723,Air Circuit AS for Transfer Case,,2,6-40,
SANY p339 L1,6-7,BCB006595059 Chassis Refashionment,1,131202000122A,Chassis,,1,,
SANY p341 L1,6-9,"BCB004831270 Hanger GP, Transfer Case",1,21005186,Bolt,,16,,
SANY p341 L2,6-9,"BCB004831270 Hanger GP, Transfer Case",2,60207169,Rubber Seat,,8,,
SANY p341 L3,6-9,"BCB004831270 Hanger GP, Transfer Case",3,13194643,Right Hanger,,1,,
SANY p341 L4,6-9,"BCB004831270 Hanger GP, Transfer Case",4,A210404000003,Washer,,16,,
SANY p341 L5,6-9,"BCB004831270 Hanger GP, Transfer Case",5,A210401000001,Washer,,16,,
SANY p341 L6,6-9,"BCB004831270 Hanger GP, Transfer Case",6,A210307000017,Nut,,16,,
SANY p341 L7,6-9,"BCB004831270 Hanger GP, Transfer Case",7,23000158,Bolt,,12,,
SANY p341 L8,6-9,"BCB004831270 Hanger GP, Transfer Case",8,A210405000001,Washer,,16,,
SANY p341 L9,6-9,"BCB004831270 Hanger GP, Transfer Case",9,12784170,Bracket GP,,2,,
SANY p341 L10,6-9,"BCB004831270 Hanger GP, Transfer Case",10,12783818,Guide Rail,,2,,
SANY p341 L11,6-9,"BCB004831270 Hanger GP, Transfer Case",11,A210405000008,Washer,,10,,
SANY p341 L12,6-9,"BCB004831270 Hanger GP, Transfer Case",12,A210401000006,Washer,,10,,
SANY p341 L13,6-9,"BCB004831270 Hanger GP, Transfer Case",13,A210111000062,Bolt,,10,,
SANY p341 L14,6-9,"BCB004831270 Hanger GP, Transfer Case",14,12784103,"Bracket, Boom Extension",,2,,
SANY p341 L15,6-9,"BCB004831270 Hanger GP, Transfer Case",15,12783786,Guide Rail,,2,,
SANY p343 L1,6-11,"BCB004831270 Hanger GP, Transfer Case",1,21005186,Bolt,,16,,
SANY p343 L2,6-11,"BCB004831270 Hanger GP, Transfer Case",2,60207169,Rubber Seat,,8,,
SANY p343 L3,6-11,"BCB004831270 Hanger GP, Transfer Case",4,A210404000003,Washer,,16,,
SANY p343 L4,6-11,"BCB004831270 Hanger GP, Transfer Case",5,A210401000001,Washer,,16,,
SANY p343 L5,6-11,"BCB004831270 Hanger GP, Transfer Case",6,A210307000017,Nut,,16,,
SANY p343 L6,6-11,"BCB004831270 Hanger GP, Transfer Case",7,23000158,Bolt,,12,,
SANY p343 L7,6-11,"BCB004831270 Hanger GP, Transfer Case",8,A210405000001,Washer,,16,,
SANY p343 L8,6-11,"BCB004831270 Hanger GP, Transfer Case",9,12784170,Bracket GP,,2,,
SANY p343 L9,6-11,"BCB004831270 Hanger GP, Transfer Case",10,12783818,Guide Rail,,2,,
SANY p343 L10,6-11,"BCB004831270 Hanger GP, Transfer Case",11,A210405000008,Washer,,10,,
SANY p343 L11,6-11,"BCB004831270 Hanger GP, Transfer Case",12,A210401000006,Washer,,10,,
SANY p343 L12,6-11,"BCB004831270 Hanger GP, Transfer Case",13,A210111000062,Bolt,,10,,
SANY p343 L13,6-11,"BCB004831270 Hanger GP, Transfer Case",14,12784103,"Bracket, Boom Extension",,2,,
SANY p343 L14,6-11,"BCB004831270 Hanger GP, Transfer Case",15,12783786,Guide Rail,,2,,
SANY p343 L15,6-11,"BCB004831270 Hanger GP, Transfer Case",16,13651361,Oil Pump Hanger,,1,,
SANY p343 L16,6-11,"BCB004831270 Hanger GP, Transfer Case",17,13196387,Left Hanger,,1,,
SANY p343 L17,6-11,"BCB004831270 Hanger GP, Transfer Case",18,A210405000002,Washer,,2,,
SANY p343 L18,6-11,"BCB004831270 Hanger GP, Transfer Case",19,21018263,Bolt,,2,,
SANY p343 L19,6-11,"BCB004831270 Hanger GP, Transfer Case",20,A210401000003,Washer,,2,,
SANY p343 L20,6-11,"BCB004831270 Hanger GP, Transfer Case",21,A210307000002,Nut,,2,,
SANY p343 L21,6-11,"BCB004831270 Hanger GP, Transfer Case",22,A210111000277,Bolt,,2,,
SANY p343 L22,6-11,"BCB004831270 Hanger GP, Transfer Case",23,A210307000001,Nut,,4,,
SANY p345 L1,6-13,BCB005504055 Transfer Case and Oil Pump Parts,1,BCB005309045,Transfer Case,,1,6-16,
SANY p345 L2,6-13,BCB005504055 Transfer Case and Oil Pump Parts,2,A210608000320,O-ring,,1,,
SANY p345 L3,6-13,BCB005504055 Transfer Case and Oil Pump Parts,3,B220301000165,Open-type Plunger Pump,,1,6-26,
SANY p345 L4,6-13,BCB005504055 Transfer Case and Oil Pump Parts,4,A210401000002,Washer,,4,,
SANY p345 L5,6-13,BCB005504055 Transfer Case and Oil Pump Parts,5,A210204000226,Screw,,4,,
SANY p345 L6,6-13,BCB005504055 Transfer Case and Oil Pump Parts,6,A210609000015,O-ring,,2,,
SANY p345 L7,6-13,BCB005504055 Transfer Case and Oil Pump Parts,7,B220304000083,Open-type Plunger Pump,,2,6-28,
SANY p345 L8,6-13,BCB005504055 Transfer Case and Oil Pump Parts,8,10809191,Flange,,1,,
SANY p345 L9,6-13,BCB005504055 Transfer Case and Oil Pump Parts,9,B221700000011,Splined Adapter Sleeve,,1,,
SANY p345 L10,6-13,BCB005504055 Transfer Case and Oil Pump Parts,10,A210609000303,O-ring,,1,,
SANY p345 L11,6-13,BCB005504055 Transfer Case and Oil Pump Parts,11,A210401000006,Washer,,8,,
SANY p345 L12,6-13,BCB005504055 Transfer Case and Oil Pump Parts,12,A210111000222,Bolt,,8,,
SANY p345 L13,6-13,BCB005504055 Transfer Case and Oil Pump Parts,13,A210401000004,Washer,,4,,
SANY p345 L14,6-13,BCB005504055 Transfer Case and Oil Pump Parts,14,A210204000238,Screw,,4,,
SANY p347 L1,6-15,BCB005504055 Transfer Case and Oil Pump Parts,15,BCB005304038,Main Pump AS,,1,6-34,
SANY p347 L2,6-15,BCB005504055 Transfer Case and Oil Pump Parts,16,BCB005316659,Boom Pump AS,,1,6-36,
SANY p349 L1,6-17,BCB005309045 Transfer Case,1,12244344,Housing,,1,6-22,
SANY p349 L2,6-17,BCB005309045 Transfer Case,11,A820201000678,Cover,,2,,
SANY p349 L3,6-17,BCB005309045 Transfer Case,12,B230101001726,Oil Seal,,2,,
SANY p349 L4,6-17,BCB005309045 Transfer Case,27,139999000430A,Retainer Ring,,2,,
SANY p349 L5,6-17,BCB005309045 Transfer Case,28,A820203001630,Connection Disk,,2,,
SANY p349 L6,6-17,BCB005309045 Transfer Case,29,A820299000907,Washer,,2,,
SANY p349 L7,6-17,BCB005309045 Transfer Case,30,A820204000477,nut,,2,,
SANY p349 L8,6-17,BCB005309045 Transfer Case,33,A820405000022,Small Guide Bush,,1,,
SANY p349 L9,6-17,BCB005309045 Transfer Case,34,A820601991077,Thermal Insulation Pad,,1,,
SANY p349 L10,6-17,BCB005309045 Transfer Case,42,60250883,O-ring,,3,,
SANY p349 L11,6-17,BCB005309045 Transfer Case,43,60250884,O-RING,,2,,
SANY p349 L12,6-17,BCB005309045 Transfer Case,44,60250885,O-ring,,2,,
SANY p349 L13,6-17,BCB005309045 Transfer Case,47,60250888,O-ring,,2,,
SANY p349 L14,6-17,BCB005309045 Transfer Case,48,BCB005302752,Gasket,,2,,
SANY p349 L15,6-17,BCB005309045 Transfer Case,49,BCB005548560,Magnetic Screw Plug,,1,,
SANY p349 L16,6-17,BCB005309045 Transfer Case,50,11081592,Connection Plate,,1,,
SANY p349 L17,6-17,BCB005309045 Transfer Case,51,11081590,Pressure Ring,,1,,
SANY p349 L18,6-17,BCB005309045 Transfer Case,52,A210507000021,Pin,,2,,
SANY p349 L19,6-17,BCB005309045 Transfer Case,54,11081595,protective cover,,1,,
SANY p349 L20,6-17,BCB005309045 Transfer Case,57,BCB005302753,Magnetic Filter,,1,,
SANY p349 L21,6-17,BCB005309045 Transfer Case,59,A210307000001,Nut,,2,,
SANY p349 L22,6-17,BCB005309045 Transfer Case,60,A210405000006,Washer,,3,,
SANY p349 L23,6-17,BCB005309045 Transfer Case,61,A210401000016,Washer,,3,,
SANY p349 L24,6-17,BCB005309045 Transfer Case,62,A210401000013,Washer,,4,,
SANY p349 L25,6-17,BCB005309045 Transfer Case,65,A210401000002,Washer,,5,,
SANY p349 L26,6-17,BCB005309045 Transfer Case,66,A210204000225,Screw,,16,,
SANY p349 L27,6-17,BCB005309045 Transfer Case,68,A210204000019,Screw,,2,,
SANY p349 L28,6-17,BCB005309045 Transfer Case,69,A210210000030,Screw,,4,,
SANY p349 L29,6-17,BCB005309045 Transfer Case,70,A210204000133,Screw,,3,,
SANY p349 L30,6-17,BCB005309045 Transfer Case,72,BCB005970848,Fender Cover,,2,,
SANY p349 L31,6-17,BCB005309045 Transfer Case,73,60034039,Stroke (Limit) Switch,,2,,
SANY p349 L32,6-17,BCB005309045 Transfer Case,74,BCB006843795,Transfer Case Switch Harness,,2,,
SANY p351 L1,6-19,BCB005309045 Transfer Case,2,120301010293A,Roller Bearing,,1,,
SANY p351 L2,6-19,BCB005309045 Transfer Case,3,A820301022121,Third Shaft,,1,,
SANY p351 L3,6-19,BCB005309045 Transfer Case,4,120201010206A,Key,,2,,
SANY p351 L4,6-19,BCB005309045 Transfer Case,5,A820210000223,Gear,,1,,
SANY p351 L5,6-19,BCB005309045 Transfer Case,6,B221500000055,Roller Bearing,,1,,
SANY p351 L6,6-19,BCB005309045 Transfer Case,7,A820202005048,Splined Adapter Sleeve,,1,,
SANY p351 L7,6-19,BCB005309045 Transfer Case,8,B221500000196,Roller Bearing,,2,,
SANY p351 L8,6-19,BCB005309045 Transfer Case,9,A820302020039,second shaft,,1,,
SANY p351 L9,6-19,BCB005309045 Transfer Case,10,A820210000222,Gear,,1,,
SANY p351 L10,6-19,BCB005309045 Transfer Case,13,B221500000200,Roller Bearing,,3,,
SANY p351 L11,6-19,BCB005309045 Transfer Case,14,11108629,Output Shaft,,1,,
SANY p351 L12,6-19,BCB005309045 Transfer Case,15,B221500000236,Roller Bearing,,1,,
SANY p351 L13,6-19,BCB005309045 Transfer Case,16,B221500000199,Roller Bearing,,1,,
SANY p351 L14,6-19,BCB005309045 Transfer Case,17,A820301020617,Input Shaft,,1,,
SANY p351 L15,6-19,BCB005309045 Transfer Case,18,A820210000172,Gear,,1,,
SANY p351 L16,6-19,BCB005309045 Transfer Case,19,B221500000197,Roller Bearing,,2,,
SANY p351 L17,6-19,BCB005309045 Transfer Case,20,A820299000909,Retainer Ring,,1,,
SANY p351 L18,6-19,BCB005309045 Transfer Case,21,A820210000221,GEAR,,1,,
SANY p351 L19,6-19,BCB005309045 Transfer Case,22,A210416000039,Retainer Ring,,1,,
SANY p351 L20,6-19,BCB005309045 Transfer Case,23,A210414000102,Retainer Ring,,2,,
SANY p351 L21,6-19,BCB005309045 Transfer Case,24,A210416000035,Retainer Ring,,1,,
SANY p351 L22,6-19,BCB005309045 Transfer Case,25,A210419000014,Retainer Ring,,2,,
SANY p351 L23,6-19,BCB005309045 Transfer Case,26,A820202003672,Bushing,,1,,
SANY p351 L24,6-19,BCB005309045 Transfer Case,31,13325464,Shift Fork AS,,1,6-24,
SANY p351 L25,6-19,BCB005309045 Transfer Case,32,A820202003028,Positioning Sleeve,,1,,
SANY p351 L26,6-19,BCB005309045 Transfer Case,53,A210414000010,Retainer Ring,,1,,
SANY p351 L27,6-19,BCB005309045 Transfer Case,55,11108631,Key,,1,,
SANY p351 L28,6-19,BCB005309045 Transfer Case,56,11108630,Gear Ring,,1,,
SANY p353 L1,6-21,BCB005309045 Transfer Case,11,A820201000678,Cover,,2,,
SANY p353 L2,6-21,BCB005309045 Transfer Case,12,B230101001726,Oil Seal,,2,,
SANY p353 L3,6-21,BCB005309045 Transfer Case,27,139999000430A,Retainer Ring,,2,,
SANY p353 L4,6-21,BCB005309045 Transfer Case,28,A820203001630,Connection Disk,,2,,
SANY p353 L5,6-21,BCB005309045 Transfer Case,29,A820299000907,Washer,,2,,
SANY p353 L6,6-21,BCB005309045 Transfer Case,30,A820204000477,nut,,2,,
SANY p353 L7,6-21,BCB005309045 Transfer Case,35,A820405000024,Guide Bush,,1,,
SANY p353 L8,6-21,BCB005309045 Transfer Case,36,10449367,Piston Body,,1,,
SANY p353 L9,6-21,BCB005309045 Transfer Case,37,A820405000020,Air Cylinder Body,,1,,
SANY p353 L10,6-21,BCB005309045 Transfer Case,38,A820405000086,End Cover,,1,,
SANY p353 L11,6-21,BCB005309045 Transfer Case,39,A820201000679,End Cover,,1,,
SANY p353 L12,6-21,BCB005309045 Transfer Case,40,A210609000002,O-ring,,1,,
SANY p353 L13,6-21,BCB005309045 Transfer Case,41,60250882,O-ring,,3,,
SANY p353 L14,6-21,BCB005309045 Transfer Case,42,60250883,O-ring,,3,,
SANY p353 L15,6-21,BCB005309045 Transfer Case,43,60250884,O-RING,,2,,
SANY p353 L16,6-21,BCB005309045 Transfer Case,44,60250885,O-ring,,2,,
SANY p353 L17,6-21,BCB005309045 Transfer Case,45,60250886,O-ring,,1,,
SANY p353 L18,6-21,BCB005309045 Transfer Case,46,60250887,O-ring,,1,,
SANY p353 L19,6-21,BCB005309045 Transfer Case,48,BCB005302752,Gasket,,2,,
SANY p353 L20,6-21,BCB005309045 Transfer Case,52,A210507000021,Pin,,2,,
SANY p353 L21,6-21,BCB005309045 Transfer Case,58,A210405000011,Washer,,1,,
SANY p353 L22,6-21,BCB005309045 Transfer Case,63,A210314000009,Nut,,1,,
SANY p353 L23,6-21,BCB005309045 Transfer Case,64,A210204000352,Screw,,4,,
SANY p353 L24,6-21,BCB005309045 Transfer Case,66,A210204000225,Screw,,16,,
SANY p353 L25,6-21,BCB005309045 Transfer Case,67,A210491000121,Washer,,14,,
SANY p353 L26,6-21,BCB005309045 Transfer Case,71,A210204000025,Screw,,18,,
SANY p353 L27,6-21,BCB005309045 Transfer Case,72,BCB005970848,Fender Cover,,2,,
SANY p353 L28,6-21,BCB005309045 Transfer Case,75,139999000835A,Cap,,1,,
SANY p355 L1,6-23,12244344 Housing,1,11126550,Tank Body,,1,,
SANY p355 L2,6-23,12244344 Housing,2,A820405000025,Tank Cover,,1,,
SANY p355 L3,6-23,12244344 Housing,3,21051708,Pin,,2,,
SANY p355 L4,6-23,12244344 Housing,4,A210405000001,Washer,,2,,
SANY p355 L5,6-23,12244344 Housing,5,A210204000025,Screw,,2,,
SANY p357 L1,6-25,13325464 Shift Fork AS,1,A820404000090,Shift Fork,,1,,
SANY p357 L2,6-25,13325464 Shift Fork AS,2,11081591,"Lever, Shift Fork",,1,,
SANY p357 L3,6-25,13325464 Shift Fork AS,3,A210507000009,Pin,,2,,
SANY p359 L1,6-27,B220301000165 Open-type Plunger Pump,1,B230101001170,Oil Seal,,1,,
SANY p361 L1,6-29,B220304000083 Open-type Plunger Pump,1,60147959,Housing,,1,,
SANY p361 L2,6-29,B220304000083 Open-type Plunger Pump,2,60147989,O-RING,,1,,
SANY p361 L3,6-29,B220304000083 Open-type Plunger Pump,3,60147975,Locknut,,2,,
SANY p361 L4,6-29,B220304000083 Open-type Plunger Pump,4,60147963,Screw,,2,,
SANY p361 L5,6-29,B220304000083 Open-type Plunger Pump,5,60147908,Return Ejector Rob AS,,1,,
SANY p361 L6,6-29,B220304000083 Open-type Plunger Pump,6,60147911,Slaving Ejector Rob AS,,1,,
SANY p361 L7,6-29,B220304000083 Open-type Plunger Pump,7,B229900000324,Control Valve,,1,6-30,
SANY p361 L8,6-29,B220304000083 Open-type Plunger Pump,8,60147949,Cylinder Cover AS,,1,,
SANY p361 L9,6-29,B220304000083 Open-type Plunger Pump,9,60147916,Charging Turbine,,1,,
SANY p361 L10,6-29,B220304000083 Open-type Plunger Pump,10,60147922,Bearing,,1,,
SANY p361 L11,6-29,B220304000083 Open-type Plunger Pump,11,60147945,End Cover,,1,,
SANY p361 L12,6-29,B220304000083 Open-type Plunger Pump,12,60147935,Retainer Ring,,2,,
SANY p361 L13,6-29,B220304000083 Open-type Plunger Pump,13,B220301000129,Thrust Plate,,1,,
SANY p361 L14,6-29,B220304000083 Open-type Plunger Pump,14,B220301000124,Piston,,9,,
SANY p361 L15,6-29,B220304000083 Open-type Plunger Pump,15,60010417,Cylinder Body,,1,,
SANY p361 L16,6-29,B220304000083 Open-type Plunger Pump,16,B229900000328,Return Disk,,1,,
SANY p361 L17,6-29,B220304000083 Open-type Plunger Pump,17,60147979,Pressure Disk,,2,,
SANY p361 L18,6-29,B220304000083 Open-type Plunger Pump,18,60147962,Screw,,4,,
SANY p361 L19,6-29,B220304000083 Open-type Plunger Pump,19,60010421,Thrust Ball,,1,,
SANY p361 L20,6-29,B220304000083 Open-type Plunger Pump,20,60123230,Bearing,,1,,
SANY p361 L21,6-29,B220304000083 Open-type Plunger Pump,21,B229900005792,Main Shaft,,1,,
SANY p361 L22,6-29,B220304000083 Open-type Plunger Pump,22,60147940,Retainer Ring,,1,,
SANY p361 L23,6-29,B220304000083 Open-type Plunger Pump,23,60147938,Retainer Ring,,1,,
SANY p361 L24,6-29,B220304000083 Open-type Plunger Pump,24,60147907,Cover,,1,,
SANY p361 L25,6-29,B220304000083 Open-type Plunger Pump,25,B230101000176,Oil Seal,,1,,
SANY p361 L26,6-29,B220304000083 Open-type Plunger Pump,26,60147990,O-ring,,1,,
SANY p361 L27,6-29,B220304000083 Open-type Plunger Pump,27,B229900005789,Swash Plate,,1,,
SANY p361 L28,6-29,B220304000083 Open-type Plunger Pump,28,60147929,Spring,,20,,
SANY p361 L29,6-29,B220304000083 Open-type Plunger Pump,29,60010556,Crescent Bearing,,2,,
SANY p363 L1,6-31,B229900000324 Control Valve,1,B220400000280,Proportional Solenoid Valve AS,,1,6-32,
SANY p363 L2,6-31,B229900000324 Control Valve,2,60030461,O-ring,,1,,
SANY p365 L1,6-33,B220400000280 Proportional Solenoid Valve AS,1,150101080020B014,Coil,,1,,
SANY p365 L2,6-33,B220400000280 Proportional Solenoid Valve AS,2,150101080020B015,O-ring,,1,,
SANY p367 L1,6-35,BCB005304038 Main Pump AS,1,B210780000052,Adapter Fitting,,2,,
SANY p367 L2,6-35,BCB005304038 Main Pump AS,2,11699665,Flange,,1,,
SANY p367 L3,6-35,BCB005304038 Main Pump AS,3,B210780000015,Tee Joint,,1,,
SANY p367 L4,6-35,BCB005304038 Main Pump AS,4,A820205001923,Screw Plug,,1,,
SANY p367 L5,6-35,BCB005304038 Main Pump AS,5,24002739,O-ring,,1,,
SANY p367 L6,6-35,BCB005304038 Main Pump AS,6,A210204000232,Screw,,4,,
SANY p367 L7,6-35,BCB005304038 Main Pump AS,7,B230101000348,O-ring,,1,,
SANY p367 L8,6-35,BCB005304038 Main Pump AS,8,B210780000838,Elbow Fitting,,1,,
SANY p367 L9,6-35,BCB005304038 Main Pump AS,9,151008060063A,Hose,,1,,
SANY p367 L10,6-35,BCB005304038 Main Pump AS,10,B210780001225,Tee Joint,,1,,
SANY p367 L11,6-35,BCB005304038 Main Pump AS,11,B230103003914,Hose,,1,,
SANY p367 L12,6-35,BCB005304038 Main Pump AS,12,B210780000636,Elbow Fitting,,1,,
SANY p367 L13,6-35,BCB005304038 Main Pump AS,13,A820205001372,Union,,2,,
SANY p367 L14,6-35,BCB005304038 Main Pump AS,14,B210780001749,Pressure-measuring Fitting,,2,,
SANY p369 L1,6-37,BCB005316659 Boom Pump AS,1,60250880,O-ring,,1,,
SANY p369 L2,6-37,BCB005316659 Boom Pump AS,2,10781530,Flange,,1,,
SANY p369 L3,6-37,BCB005316659 Boom Pump AS,3,A210401000002,Washer,,4,,
SANY p369 L4,6-37,BCB005316659 Boom Pump AS,4,A210204000206,Screw,,4,,
SANY p369 L5,6-37,BCB005316659 Boom Pump AS,5,A210405000001,Washer,,4,,
SANY p369 L6,6-37,BCB005316659 Boom Pump AS,6,B210780000056,Flange Connection,,1,,
SANY p369 L7,6-37,BCB005316659 Boom Pump AS,7,B210780001286,Adapter Fitting,,1,,
SANY p369 L8,6-37,BCB005316659 Boom Pump AS,8,60185722,Filter Fitting,,1,,
SANY p371 L1,6-39,BCB006597138 Transmission System,1,BCB006595970,Front Transmission Shaft,,1,,
SANY p371 L2,6-39,BCB006597138 Transmission System,2,14541476,Front Transmission Shaft,,1,,
SANY p371 L3,6-39,BCB006597138 Transmission System,3,BCB007315468,Transmission Shaft,,1,,
SANY p371 L4,6-39,BCB006597138 Transmission System,4,A210113000255,Bolt,,8,,
SANY p371 L5,6-39,BCB006597138 Transmission System,5,A210405000002,Washer,,8,,
SANY p371 L6,6-39,BCB006597138 Transmission System,6,A210319000019,Nut,,8,,
SANY p373 L1,6-41,BCB006543723 Air Circuit AS for Transfer Case,1,151208000116A,Elbow Fitting,,2,,
SANY p373 L2,6-41,BCB006543723 Air Circuit AS for Transfer Case,2,BCB007002664,Air Pipe,,1,,
SANY p373 L3,6-41,BCB006543723 Air Circuit AS for Transfer Case,3,A820205000597,Connector,,1,,
SANY p377 L1,7-3,BCB006456592 Hydraulic System,1,BCB005324544,"Hydraulic System, Boom",,1,7-6,
SANY p377 L2,7-3,BCB006456592 Hydraulic System,2,BCB006456519,"Hydraulic System, Revolving Tower",,1,7-62,
SANY p377 L3,7-3,BCB006456592 Hydraulic System,3,BCB006526020,Flushing System,,1,7-100,
SANY p379 L1,7-5,BCB006456592 Hydraulic System,4,BCB006456157,"Hydraulic System, Pumping Unit",,1,7-110,
SANY p379 L2,7-5,BCB006456592 Hydraulic System,5,BCB006525279,"Hydraulic System, Auxiliary Beam",,1,7-158,
SANY p379 L3,7-5,BCB006456592 Hydraulic System,6,BCB006593349,"Hydraulic System, Outrigger",,1,7-190,
SANY p381 L1,7-7,"BCB005324544 Hydraulic System, Boom",1,BCB005323616,"Hydraulic System, Arm 1",,1,7-10,
SANY p381 L2,7-7,"BCB005324544 Hydraulic System, Boom",2,BCB005324465,"Hydraulic System, Arm 2",,1,7-22,
SANY p381 L3,7-7,"BCB005324544 Hydraulic System, Boom",3,BCB005321509,"Hydraulic System, Arm 3",,1,7-32,
SANY p381 L4,7-7,"BCB005324544 Hydraulic System, Boom",4,BCB005323424,"Hydraulic System, Arm 4",,1,7-42,
SANY p383 L1,7-9,"BCB005324544 Hydraulic System, Boom",5,BCB005320989,"Hydraulic System, Arm 1 Cylinder",,1,7-46,
SANY p383 L2,7-9,"BCB005324544 Hydraulic System, Boom",6,BCB005321065,"Hydraulic System, Arm 4 Cylinder",,1,7-48,
SANY p383 L3,7-9,"BCB005324544 Hydraulic System, Boom",7,BCB005321030,"Hydraulic System, Arm 2 Cylinder",,1,7-52,
SANY p383 L4,7-9,"BCB005324544 Hydraulic System, Boom",8,BCB005321071,"Hydraulic System, Arm 5 Cylinder",,1,7-54,
SANY p383 L5,7-9,"BCB005324544 Hydraulic System, Boom",9,BCB005321034,"Hydraulic System, Arm 3 Cylinder",,1,7-58,
SANY p385 L1,7-11,"BCB005323616 Hydraulic System, Arm 1",1,13430482,"Guide Rail, 4-comb Clamp",Sany red,5,,
SANY p385 L2,7-11,"BCB005323616 Hydraulic System, Arm 1",9,60195076,FSR Seal Ring,,7,,
SANY p385 L3,7-11,"BCB005323616 Hydraulic System, Arm 1",11,60195077,FSR Seal Ring,,59,,
SANY p385 L4,7-11,"BCB005323616 Hydraulic System, Arm 1",14,B210780001185,Fitting,,15,,
SANY p385 L5,7-11,"BCB005323616 Hydraulic System, Arm 1",15,13589764,Oil Tube,Sany red,6,,
SANY p385 L6,7-11,"BCB005323616 Hydraulic System, Arm 1",16,13590525,Oil Tube,Sany red,1,,
SANY p385 L7,7-11,"BCB005323616 Hydraulic System, Arm 1",24,60253601,Clamp,,36,,
SANY p385 L8,7-11,"BCB005323616 Hydraulic System, Arm 1",25,60253606,Clamp Cover Plate,,13,,
SANY p385 L9,7-11,"BCB005323616 Hydraulic System, Arm 1",26,60193368,Clamp,,5,,
SANY p385 L10,7-11,"BCB005323616 Hydraulic System, Arm 1",27,60014663,Clamp Welding Plate,,15,,
SANY p385 L11,7-11,"BCB005323616 Hydraulic System, Arm 1",28,A229900007235,Screw,,26,,
SANY p385 L12,7-11,"BCB005323616 Hydraulic System, Arm 1",29,A210405000001,Washer,,10,,
SANY p385 L13,7-11,"BCB005323616 Hydraulic System, Arm 1",30,A210401000002,Washer,,10,,
SANY p385 L14,7-11,"BCB005323616 Hydraulic System, Arm 1",31,A210204000020,Screw,,10,,
SANY p385 L15,7-11,"BCB005323616 Hydraulic System, Arm 1",32,60263259,Hose Protective Sleeve,,1,,
SANY p385 L16,7-11,"BCB005323616 Hydraulic System, Arm 1",33,12965623,Connection Plate,Sany red,1,,
SANY p385 L17,7-11,"BCB005323616 Hydraulic System, Arm 1",34,12966137,Plate,Sany red,1,,
SANY p385 L18,7-11,"BCB005323616 Hydraulic System, Arm 1",35,12966276,U-type Bolt,,1,,
SANY p385 L19,7-11,"BCB005323616 Hydraulic System, Arm 1",36,A210307000001,Nut,,2,,
SANY p385 L20,7-11,"BCB005323616 Hydraulic System, Arm 1",37,A210319000017,Nut,,2,,
SANY p385 L21,7-11,"BCB005323616 Hydraulic System, Arm 1",44,B230103000155,Hose,,6,,
SANY p385 L22,7-11,"BCB005323616 Hydraulic System, Arm 1",45,B230103000085,Hose,,1,,
SANY p387 L1,7-13,"BCB005323616 Hydraulic System, Arm 1",1,13430482,"Guide Rail, 4-comb Clamp",Sany red,5,,
SANY p387 L2,7-13,"BCB005323616 Hydraulic System, Arm 1",9,60195076,FSR Seal Ring,,7,,
SANY p387 L3,7-13,"BCB005323616 Hydraulic System, Arm 1",10,B210780000118,Tee Joint,,2,,
SANY p387 L4,7-13,"BCB005323616 Hydraulic System, Arm 1",11,60195077,FSR Seal Ring,,59,,
SANY p387 L5,7-13,"BCB005323616 Hydraulic System, Arm 1",12,13590308,Oil Tube,Sany red,1,,
SANY p387 L6,7-13,"BCB005323616 Hydraulic System, Arm 1",13,13589011,Oil Tube,Sany red,6,,
SANY p387 L7,7-13,"BCB005323616 Hydraulic System, Arm 1",14,B210780001185,Fitting,,15,,
SANY p387 L8,7-13,"BCB005323616 Hydraulic System, Arm 1",15,13589764,Oil Tube,Sany red,6,,
SANY p387 L9,7-13,"BCB005323616 Hydraulic System, Arm 1",16,13590525,Oil Tube,Sany red,1,,
SANY p387 L10,7-13,"BCB005323616 Hydraulic System, Arm 1",24,60253601,Clamp,,36,,
SANY p387 L11,7-13,"BCB005323616 Hydraulic System, Arm 1",25,60253606,Clamp Cover Plate,,13,,
SANY p387 L12,7-13,"BCB005323616 Hydraulic System, Arm 1",26,60193368,Clamp,,5,,
SANY p387 L13,7-13,"BCB005323616 Hydraulic System, Arm 1",27,60014663,Clamp Welding Plate,,15,,
SANY p387 L14,7-13,"BCB005323616 Hydraulic System, Arm 1",28,A229900007235,Screw,,26,,
SANY p387 L15,7-13,"BCB005323616 Hydraulic System, Arm 1",29,A210405000001,Washer,,10,,
SANY p387 L16,7-13,"BCB005323616 Hydraulic System, Arm 1",30,A210401000002,Washer,,10,,
SANY p387 L17,7-13,"BCB005323616 Hydraulic System, Arm 1",31,A210204000020,Screw,,10,,
SANY p387 L18,7-13,"BCB005323616 Hydraulic System, Arm 1",43,13054811,Hose,,1,,
SANY p389 L1,7-15,"BCB005323616 Hydraulic System, Arm 1",1,13430482,"Guide Rail, 4-comb Clamp",Sany red,5,,
SANY p389 L2,7-15,"BCB005323616 Hydraulic System, Arm 1",11,60195077,FSR Seal Ring,,59,,
SANY p389 L3,7-15,"BCB005323616 Hydraulic System, Arm 1",14,B210780001185,Fitting,,15,,
SANY p389 L4,7-15,"BCB005323616 Hydraulic System, Arm 1",17,13590173,Oil Tube,Sany red,1,,
SANY p389 L5,7-15,"BCB005323616 Hydraulic System, Arm 1",18,13590227,Oil Tube,Sany red,1,,
SANY p389 L6,7-15,"BCB005323616 Hydraulic System, Arm 1",22,21027059,Adapter,,2,,
SANY p389 L7,7-15,"BCB005323616 Hydraulic System, Arm 1",24,60253601,Clamp,,36,,
SANY p389 L8,7-15,"BCB005323616 Hydraulic System, Arm 1",25,60253606,Clamp Cover Plate,,13,,
SANY p389 L9,7-15,"BCB005323616 Hydraulic System, Arm 1",26,60193368,Clamp,,5,,
SANY p389 L10,7-15,"BCB005323616 Hydraulic System, Arm 1",27,60014663,Clamp Welding Plate,,15,,
SANY p389 L11,7-15,"BCB005323616 Hydraulic System, Arm 1",28,A229900007235,Screw,,26,,
SANY p389 L12,7-15,"BCB005323616 Hydraulic System, Arm 1",29,A210405000001,Washer,,10,,
SANY p389 L13,7-15,"BCB005323616 Hydraulic System, Arm 1",30,A210401000002,Washer,,10,,
SANY p389 L14,7-15,"BCB005323616 Hydraulic System, Arm 1",31,A210204000020,Screw,,10,,
SANY p389 L15,7-15,"BCB005323616 Hydraulic System, Arm 1",41,60119876,Hose,,1,,
SANY p389 L16,7-15,"BCB005323616 Hydraulic System, Arm 1",42,12922284,Hose,,1,,
SANY p391 L1,7-17,"BCB005323616 Hydraulic System, Arm 1",1,13430482,"Guide Rail, 4-comb Clamp",Sany red,5,,
SANY p391 L2,7-17,"BCB005323616 Hydraulic System, Arm 1",12,13590308,Oil Tube,Sany red,1,,
SANY p391 L3,7-17,"BCB005323616 Hydraulic System, Arm 1",13,13589011,Oil Tube,Sany red,6,,
SANY p391 L4,7-17,"BCB005323616 Hydraulic System, Arm 1",17,13590173,Oil Tube,Sany red,1,,
SANY p391 L5,7-17,"BCB005323616 Hydraulic System, Arm 1",18,13590227,Oil Tube,Sany red,1,,
SANY p391 L6,7-17,"BCB005323616 Hydraulic System, Arm 1",24,60253601,Clamp,,36,,
SANY p391 L7,7-17,"BCB005323616 Hydraulic System, Arm 1",25,60253606,Clamp Cover Plate,,13,,
SANY p391 L8,7-17,"BCB005323616 Hydraulic System, Arm 1",26,60193368,Clamp,,5,,
SANY p391 L9,7-17,"BCB005323616 Hydraulic System, Arm 1",27,60014663,Clamp Welding Plate,,15,,
SANY p391 L10,7-17,"BCB005323616 Hydraulic System, Arm 1",28,A229900007235,Screw,,26,,
SANY p391 L11,7-17,"BCB005323616 Hydraulic System, Arm 1",29,A210405000001,Washer,,10,,
SANY p391 L12,7-17,"BCB005323616 Hydraulic System, Arm 1",30,A210401000002,Washer,,10,,
SANY p391 L13,7-17,"BCB005323616 Hydraulic System, Arm 1",31,A210204000020,Screw,,10,,
SANY p393 L1,7-19,"BCB005323616 Hydraulic System, Arm 1",3,B210780000655,Bulkhead Fitting,,6,,
SANY p393 L2,7-19,"BCB005323616 Hydraulic System, Arm 1",4,B210780000996,Bulkhead Fitting,,4,,
SANY p393 L3,7-19,"BCB005323616 Hydraulic System, Arm 1",5,B210780000115,Bulkhead Fitting,,1,,
SANY p393 L4,7-19,"BCB005323616 Hydraulic System, Arm 1",8,13590252,Oil Tube,Sany red,1,,
SANY p393 L5,7-19,"BCB005323616 Hydraulic System, Arm 1",9,60195076,FSR Seal Ring,,7,,
SANY p393 L6,7-19,"BCB005323616 Hydraulic System, Arm 1",10,B210780000118,Tee Joint,,2,,
SANY p393 L7,7-19,"BCB005323616 Hydraulic System, Arm 1",11,60195077,FSR Seal Ring,,59,,
SANY p393 L8,7-19,"BCB005323616 Hydraulic System, Arm 1",12,13590308,Oil Tube,Sany red,1,,
SANY p393 L9,7-19,"BCB005323616 Hydraulic System, Arm 1",13,13589011,Oil Tube,Sany red,6,,
SANY p393 L10,7-19,"BCB005323616 Hydraulic System, Arm 1",17,13590173,Oil Tube,Sany red,1,,
SANY p393 L11,7-19,"BCB005323616 Hydraulic System, Arm 1",18,13590227,Oil Tube,Sany red,1,,
SANY p393 L12,7-19,"BCB005323616 Hydraulic System, Arm 1",40,60028228,Hose,,1,,
SANY p393 L13,7-19,"BCB005323616 Hydraulic System, Arm 1",46,60101726,Reducer Union,,4,,
SANY p395 L1,7-21,"BCB005323616 Hydraulic System, Arm 1",2,11701409,Connector Plate,,1,,
SANY p395 L2,7-21,"BCB005323616 Hydraulic System, Arm 1",4,B210780000996,Bulkhead Fitting,,4,,
SANY p395 L3,7-21,"BCB005323616 Hydraulic System, Arm 1",6,13589776,Oil Tube,Sany red,1,,
SANY p395 L4,7-21,"BCB005323616 Hydraulic System, Arm 1",7,13590128,Oil Tube,Sany red,1,,
SANY p395 L5,7-21,"BCB005323616 Hydraulic System, Arm 1",11,60195077,FSR Seal Ring,,59,,
SANY p395 L6,7-21,"BCB005323616 Hydraulic System, Arm 1",14,B210780001185,Fitting,,15,,
SANY p395 L7,7-21,"BCB005323616 Hydraulic System, Arm 1",19,A210111000226,Bolt,,2,,
SANY p395 L8,7-21,"BCB005323616 Hydraulic System, Arm 1",20,A210405000003,Washer,,2,,
SANY p395 L9,7-21,"BCB005323616 Hydraulic System, Arm 1",21,A210401000004,Washer,,2,,
SANY p395 L10,7-21,"BCB005323616 Hydraulic System, Arm 1",22,21027059,Adapter,,2,,
SANY p395 L11,7-21,"BCB005323616 Hydraulic System, Arm 1",23,B210780001153,Elbow Fitting,,1,,
SANY p395 L12,7-21,"BCB005323616 Hydraulic System, Arm 1",38,151005260349A,Hose,,1,,
SANY p395 L13,7-21,"BCB005323616 Hydraulic System, Arm 1",39,12922218,Hose,,1,,
SANY p395 L14,7-21,"BCB005323616 Hydraulic System, Arm 1",46,60101726,Reducer Union,,4,,
SANY p395 L15,7-21,"BCB005323616 Hydraulic System, Arm 1",47,B210780000122,Elbow Fitting,,1,,
SANY p397 L1,7-23,"BCB005324465 Hydraulic System, Arm 2",1,13429863,"Guide Rail, 3-comb Clamp",Sany red,5,,
SANY p397 L2,7-23,"BCB005324465 Hydraulic System, Arm 2",3,60253601,Clamp,,32,,
SANY p397 L3,7-23,"BCB005324465 Hydraulic System, Arm 2",4,60253606,Clamp Cover Plate,,16,,
SANY p397 L4,7-23,"BCB005324465 Hydraulic System, Arm 2",5,60014663,Clamp Welding Plate,,16,,
SANY p397 L5,7-23,"BCB005324465 Hydraulic System, Arm 2",6,A229900007235,Screw,,16,,
SANY p397 L6,7-23,"BCB005324465 Hydraulic System, Arm 2",8,60195076,FSR Seal Ring,,4,,
SANY p397 L7,7-23,"BCB005324465 Hydraulic System, Arm 2",10,13592226,Oil Tube,Sany red,1,,
SANY p397 L8,7-23,"BCB005324465 Hydraulic System, Arm 2",12,60195077,FSR Seal Ring,,20,,
SANY p397 L9,7-23,"BCB005324465 Hydraulic System, Arm 2",13,B210780001185,Fitting,,17,,
SANY p397 L10,7-23,"BCB005324465 Hydraulic System, Arm 2",14,13599376,Oil Tube,Sany red,4,,
SANY p397 L11,7-23,"BCB005324465 Hydraulic System, Arm 2",15,B210780001183,Fitting,,2,,
SANY p397 L12,7-23,"BCB005324465 Hydraulic System, Arm 2",16,60263261,Hose Protective Sleeve,,1,,
SANY p397 L13,7-23,"BCB005324465 Hydraulic System, Arm 2",17,A210204000182,Screw,,20,,
SANY p397 L14,7-23,"BCB005324465 Hydraulic System, Arm 2",18,A210204000020,Screw,,12,,
SANY p397 L15,7-23,"BCB005324465 Hydraulic System, Arm 2",20,B230103003882,Hose,,4,,
SANY p397 L16,7-23,"BCB005324465 Hydraulic System, Arm 2",21,60209251,Hose,,1,,
SANY p397 L17,7-23,"BCB005324465 Hydraulic System, Arm 2",23,60193368,Clamp,,6,,
SANY p399 L1,7-25,"BCB005324465 Hydraulic System, Arm 2",1,13429863,"Guide Rail, 3-comb Clamp",Sany red,5,,
SANY p399 L2,7-25,"BCB005324465 Hydraulic System, Arm 2",3,60253601,Clamp,,32,,
SANY p399 L3,7-25,"BCB005324465 Hydraulic System, Arm 2",4,60253606,Clamp Cover Plate,,16,,
SANY p399 L4,7-25,"BCB005324465 Hydraulic System, Arm 2",5,60014663,Clamp Welding Plate,,16,,
SANY p399 L5,7-25,"BCB005324465 Hydraulic System, Arm 2",6,A229900007235,Screw,,16,,
SANY p399 L6,7-25,"BCB005324465 Hydraulic System, Arm 2",10,13592226,Oil Tube,Sany red,1,,
SANY p399 L7,7-25,"BCB005324465 Hydraulic System, Arm 2",12,60195077,FSR Seal Ring,,20,,
SANY p399 L8,7-25,"BCB005324465 Hydraulic System, Arm 2",13,B210780001185,Fitting,,17,,
SANY p399 L9,7-25,"BCB005324465 Hydraulic System, Arm 2",14,13599376,Oil Tube,Sany red,4,,
SANY p399 L10,7-25,"BCB005324465 Hydraulic System, Arm 2",17,A210204000182,Screw,,20,,
SANY p399 L11,7-25,"BCB005324465 Hydraulic System, Arm 2",18,A210204000020,Screw,,12,,
SANY p399 L12,7-25,"BCB005324465 Hydraulic System, Arm 2",23,60193368,Clamp,,6,,
SANY p399 L13,7-25,"BCB005324465 Hydraulic System, Arm 2",24,13592154,Oil Tube,,4,,
SANY p401 L1,7-27,"BCB005324465 Hydraulic System, Arm 2",1,13429863,"Guide Rail, 3-comb Clamp",Sany red,5,,
SANY p401 L2,7-27,"BCB005324465 Hydraulic System, Arm 2",3,60253601,Clamp,,32,,
SANY p401 L3,7-27,"BCB005324465 Hydraulic System, Arm 2",4,60253606,Clamp Cover Plate,,16,,
SANY p401 L4,7-27,"BCB005324465 Hydraulic System, Arm 2",5,60014663,Clamp Welding Plate,,16,,
SANY p401 L5,7-27,"BCB005324465 Hydraulic System, Arm 2",6,A229900007235,Screw,,16,,
SANY p401 L6,7-27,"BCB005324465 Hydraulic System, Arm 2",7,13592193,Oil Tube,Sany red,1,,
SANY p401 L7,7-27,"BCB005324465 Hydraulic System, Arm 2",8,60195076,FSR Seal Ring,,4,,
SANY p401 L8,7-27,"BCB005324465 Hydraulic System, Arm 2",9,B210780000118,Tee Joint,,1,,
SANY p401 L9,7-27,"BCB005324465 Hydraulic System, Arm 2",10,13592226,Oil Tube,Sany red,1,,
SANY p401 L10,7-27,"BCB005324465 Hydraulic System, Arm 2",11,13592171,Oil Tube,Sany red,2,,
SANY p401 L11,7-27,"BCB005324465 Hydraulic System, Arm 2",12,60195077,FSR Seal Ring,,20,,
SANY p401 L12,7-27,"BCB005324465 Hydraulic System, Arm 2",13,B210780001185,Fitting,,17,,
SANY p401 L13,7-27,"BCB005324465 Hydraulic System, Arm 2",17,A210204000182,Screw,,20,,
SANY p401 L14,7-27,"BCB005324465 Hydraulic System, Arm 2",18,A210204000020,Screw,,12,,
SANY p401 L15,7-27,"BCB005324465 Hydraulic System, Arm 2",19,B230103000084,Hose,,1,,
SANY p401 L16,7-27,"BCB005324465 Hydraulic System, Arm 2",22,B230103003885,Hose,,2,,
SANY p401 L17,7-27,"BCB005324465 Hydraulic System, Arm 2",23,60193368,Clamp,,6,,
SANY p401 L18,7-27,"BCB005324465 Hydraulic System, Arm 2",24,13592154,Oil Tube,,4,,
SANY p403 L1,7-29,"BCB005324465 Hydraulic System, Arm 2",1,13429863,"Guide Rail, 3-comb Clamp",Sany red,5,,
SANY p403 L2,7-29,"BCB005324465 Hydraulic System, Arm 2",2,13430482,"Guide Rail, 4-comb Clamp",Sany red,1,,
SANY p403 L3,7-29,"BCB005324465 Hydraulic System, Arm 2",3,60253601,Clamp,,32,,
SANY p403 L4,7-29,"BCB005324465 Hydraulic System, Arm 2",4,60253606,Clamp Cover Plate,,16,,
SANY p403 L5,7-29,"BCB005324465 Hydraulic System, Arm 2",5,60014663,Clamp Welding Plate,,16,,
SANY p403 L6,7-29,"BCB005324465 Hydraulic System, Arm 2",6,A229900007235,Screw,,16,,
SANY p403 L7,7-29,"BCB005324465 Hydraulic System, Arm 2",7,13592193,Oil Tube,Sany red,1,,
SANY p403 L8,7-29,"BCB005324465 Hydraulic System, Arm 2",11,13592171,Oil Tube,Sany red,2,,
SANY p403 L9,7-29,"BCB005324465 Hydraulic System, Arm 2",17,A210204000182,Screw,,20,,
SANY p403 L10,7-29,"BCB005324465 Hydraulic System, Arm 2",18,A210204000020,Screw,,12,,
SANY p403 L11,7-29,"BCB005324465 Hydraulic System, Arm 2",23,60193368,Clamp,,6,,
SANY p403 L12,7-29,"BCB005324465 Hydraulic System, Arm 2",24,13592154,Oil Tube,,4,,
SANY p405 L1,7-31,"BCB005324465 Hydraulic System, Arm 2",1,13429863,"Guide Rail, 3-comb Clamp",Sany red,5,,
SANY p405 L2,7-31,"BCB005324465 Hydraulic System, Arm 2",3,60253601,Clamp,,32,,
SANY p405 L3,7-31,"BCB005324465 Hydraulic System, Arm 2",4,60253606,Clamp Cover Plate,,16,,
SANY p405 L4,7-31,"BCB005324465 Hydraulic System, Arm 2",5,60014663,Clamp Welding Plate,,16,,
SANY p405 L5,7-31,"BCB005324465 Hydraulic System, Arm 2",6,A229900007235,Screw,,16,,
SANY p405 L6,7-31,"BCB005324465 Hydraulic System, Arm 2",7,13592193,Oil Tube,Sany red,1,,
SANY p405 L7,7-31,"BCB005324465 Hydraulic System, Arm 2",8,60195076,FSR Seal Ring,,4,,
SANY p405 L8,7-31,"BCB005324465 Hydraulic System, Arm 2",11,13592171,Oil Tube,Sany red,2,,
SANY p405 L9,7-31,"BCB005324465 Hydraulic System, Arm 2",12,60195077,FSR Seal Ring,,20,,
SANY p405 L10,7-31,"BCB005324465 Hydraulic System, Arm 2",13,B210780001185,Fitting,,17,,
SANY p405 L11,7-31,"BCB005324465 Hydraulic System, Arm 2",15,B210780001183,Fitting,,2,,
SANY p405 L12,7-31,"BCB005324465 Hydraulic System, Arm 2",17,A210204000182,Screw,,20,,
SANY p405 L13,7-31,"BCB005324465 Hydraulic System, Arm 2",18,A210204000020,Screw,,12,,
SANY p405 L14,7-31,"BCB005324465 Hydraulic System, Arm 2",23,60193368,Clamp,,6,,
SANY p405 L15,7-31,"BCB005324465 Hydraulic System, Arm 2",24,13592154,Oil Tube,,4,,
SANY p407 L1,7-33,"BCB005321509 Hydraulic System, Arm 3",5,60195077,FSR Seal Ring,,18,,
SANY p407 L2,7-33,"BCB005321509 Hydraulic System, Arm 3",6,B210780001185,Fitting,,11,,
SANY p407 L3,7-33,"BCB005321509 Hydraulic System, Arm 3",8,B210852000002,Clamp,,13,,
SANY p407 L4,7-33,"BCB005321509 Hydraulic System, Arm 3",9,B210851000002,Clamp,,4,,
SANY p407 L5,7-33,"BCB005321509 Hydraulic System, Arm 3",11,13588718,Oil Tube,Sany red,1,,
SANY p407 L6,7-33,"BCB005321509 Hydraulic System, Arm 3",12,12782345,Fitting,,2,,
SANY p407 L7,7-33,"BCB005321509 Hydraulic System, Arm 3",15,60101295,Hose,,1,,
SANY p407 L8,7-33,"BCB005321509 Hydraulic System, Arm 3",16,B230103003881,Hose,,2,,
SANY p407 L9,7-33,"BCB005321509 Hydraulic System, Arm 3",18,60263263,Hose Protective Sleeve,,1,,
SANY p407 L10,7-33,"BCB005321509 Hydraulic System, Arm 3",20,13595779,Oil Tube,Sany red,1,,
SANY p407 L11,7-33,"BCB005321509 Hydraulic System, Arm 3",21,13595032,Oil Tube,Sany red,1,,
SANY p409 L1,7-35,"BCB005321509 Hydraulic System, Arm 3",5,60195077,FSR Seal Ring,,18,,
SANY p409 L2,7-35,"BCB005321509 Hydraulic System, Arm 3",7,13596981,Oil Tube,Sany red,1,,
SANY p409 L3,7-35,"BCB005321509 Hydraulic System, Arm 3",8,B210852000002,Clamp,,13,,
SANY p409 L4,7-35,"BCB005321509 Hydraulic System, Arm 3",9,B210851000002,Clamp,,4,,
SANY p409 L5,7-35,"BCB005321509 Hydraulic System, Arm 3",10,60208876,Tee Joint,,1,,
SANY p409 L6,7-35,"BCB005321509 Hydraulic System, Arm 3",11,13588718,Oil Tube,Sany red,1,,
SANY p409 L7,7-35,"BCB005321509 Hydraulic System, Arm 3",17,B230103004472,Hose,,1,,
SANY p409 L8,7-35,"BCB005321509 Hydraulic System, Arm 3",20,13595779,Oil Tube,Sany red,1,,
SANY p409 L9,7-35,"BCB005321509 Hydraulic System, Arm 3",21,13595032,Oil Tube,Sany red,1,,
SANY p411 L1,7-37,"BCB005321509 Hydraulic System, Arm 3",1,13592196,Oil Tube,Sany red,1,,
SANY p411 L2,7-37,"BCB005321509 Hydraulic System, Arm 3",2,13592231,Oil Tube,Sany red,1,,
SANY p411 L3,7-37,"BCB005321509 Hydraulic System, Arm 3",5,60195077,FSR Seal Ring,,18,,
SANY p411 L4,7-37,"BCB005321509 Hydraulic System, Arm 3",6,B210780001185,Fitting,,11,,
SANY p411 L5,7-37,"BCB005321509 Hydraulic System, Arm 3",8,B210852000002,Clamp,,13,,
SANY p411 L6,7-37,"BCB005321509 Hydraulic System, Arm 3",9,B210851000002,Clamp,,4,,
SANY p411 L7,7-37,"BCB005321509 Hydraulic System, Arm 3",13,12955860,Hose,,1,,
SANY p411 L8,7-37,"BCB005321509 Hydraulic System, Arm 3",14,60216476,Hose,,1,,
SANY p413 L1,7-39,"BCB005321509 Hydraulic System, Arm 3",1,13592196,Oil Tube,Sany red,1,,
SANY p413 L2,7-39,"BCB005321509 Hydraulic System, Arm 3",2,13592231,Oil Tube,Sany red,1,,
SANY p413 L3,7-39,"BCB005321509 Hydraulic System, Arm 3",3,13785789,Oil Tube,Sany red,1,,
SANY p413 L4,7-39,"BCB005321509 Hydraulic System, Arm 3",4,13588700,Oil Tube,Sany red,1,,
SANY p413 L5,7-39,"BCB005321509 Hydraulic System, Arm 3",5,60195077,FSR Seal Ring,,18,,
SANY p413 L6,7-39,"BCB005321509 Hydraulic System, Arm 3",6,B210780001185,Fitting,,11,,
SANY p413 L7,7-39,"BCB005321509 Hydraulic System, Arm 3",7,13596981,Oil Tube,Sany red,1,,
SANY p413 L8,7-39,"BCB005321509 Hydraulic System, Arm 3",8,B210852000002,Clamp,,13,,
SANY p413 L9,7-39,"BCB005321509 Hydraulic System, Arm 3",19,13784375,Oil Tube,,1,,
SANY p413 L10,7-39,"BCB005321509 Hydraulic System, Arm 3",20,13595779,Oil Tube,Sany red,1,,
SANY p413 L11,7-39,"BCB005321509 Hydraulic System, Arm 3",21,13595032,Oil Tube,Sany red,1,,
SANY p415 L1,7-41,"BCB005321509 Hydraulic System, Arm 3",1,13592196,Oil Tube,Sany red,1,,
SANY p415 L2,7-41,"BCB005321509 Hydraulic System, Arm 3",2,13592231,Oil Tube,Sany red,1,,
SANY p415 L3,7-41,"BCB005321509 Hydraulic System, Arm 3",3,13785789,Oil Tube,Sany red,1,,
SANY p415 L4,7-41,"BCB005321509 Hydraulic System, Arm 3",4,13588700,Oil Tube,Sany red,1,,
SANY p415 L5,7-41,"BCB005321509 Hydraulic System, Arm 3",5,60195077,FSR Seal Ring,,18,,
SANY p415 L6,7-41,"BCB005321509 Hydraulic System, Arm 3",6,B210780001185,Fitting,,11,,
SANY p415 L7,7-41,"BCB005321509 Hydraulic System, Arm 3",8,B210852000002,Clamp,,13,,
SANY p415 L8,7-41,"BCB005321509 Hydraulic System, Arm 3",12,12782345,Fitting,,2,,
SANY p415 L9,7-41,"BCB005321509 Hydraulic System, Arm 3",19,13784375,Oil Tube,,1,,
SANY p417 L1,7-43,"BCB005323424 Hydraulic System, Arm 4",1,151004260260A,Hose,,2,,
SANY p417 L2,7-43,"BCB005323424 Hydraulic System, Arm 4",2,B230103003866,Hose,,1,,
SANY p417 L3,7-43,"BCB005323424 Hydraulic System, Arm 4",3,B210851000002,Clamp,,7,,
SANY p417 L4,7-43,"BCB005323424 Hydraulic System, Arm 4",6,B210780001185,Fitting,,5,,
SANY p417 L5,7-43,"BCB005323424 Hydraulic System, Arm 4",7,60195077,FSR Seal Ring,,12,,
SANY p417 L6,7-43,"BCB005323424 Hydraulic System, Arm 4",8,13595084,Oil Tube,Sany red,1,,
SANY p417 L7,7-43,"BCB005323424 Hydraulic System, Arm 4",9,13595027,Oil Tube,Sany red,1,,
SANY p417 L8,7-43,"BCB005323424 Hydraulic System, Arm 4",10,13597048,Oil Tube,Sany red,1,,
SANY p417 L9,7-43,"BCB005323424 Hydraulic System, Arm 4",11,12782345,Fitting,,4,,
SANY p417 L10,7-43,"BCB005323424 Hydraulic System, Arm 4",12,B210852000002,Clamp,,7,,
SANY p419 L1,7-45,"BCB005323424 Hydraulic System, Arm 4",3,B210851000002,Clamp,,7,,
SANY p419 L2,7-45,"BCB005323424 Hydraulic System, Arm 4",4,13589011,Oil Tube,Sany red,2,,
SANY p419 L3,7-45,"BCB005323424 Hydraulic System, Arm 4",5,13597026,Oil Tube,Sany red,1,,
SANY p419 L4,7-45,"BCB005323424 Hydraulic System, Arm 4",6,B210780001185,Fitting,,5,,
SANY p419 L5,7-45,"BCB005323424 Hydraulic System, Arm 4",7,60195077,FSR Seal Ring,,12,,
SANY p419 L6,7-45,"BCB005323424 Hydraulic System, Arm 4",11,12782345,Fitting,,4,,
SANY p419 L7,7-45,"BCB005323424 Hydraulic System, Arm 4",12,B210852000002,Clamp,,7,,
SANY p421 L1,7-47,"BCB005320989 Hydraulic System, Arm 1 Cylinder",1,60358677,Balancing Valve,,2,,
SANY p421 L2,7-47,"BCB005320989 Hydraulic System, Arm 1 Cylinder",2,B210780000047,Adapter Fitting,,1,,
SANY p421 L3,7-47,"BCB005320989 Hydraulic System, Arm 1 Cylinder",3,B210780000799,Screw Plug,,1,,
SANY p421 L4,7-47,"BCB005320989 Hydraulic System, Arm 1 Cylinder",4,B210780000037,Adapter Fitting,,2,,
SANY p421 L5,7-47,"BCB005320989 Hydraulic System, Arm 1 Cylinder",5,B210780000024,Elbow Fitting,,2,,
SANY p421 L6,7-47,"BCB005320989 Hydraulic System, Arm 1 Cylinder",6,A820205000223,Fitting,,2,,
SANY p421 L7,7-47,"BCB005320989 Hydraulic System, Arm 1 Cylinder",7,B210780000020,Tee Joint,,1,,
SANY p421 L8,7-47,"BCB005320989 Hydraulic System, Arm 1 Cylinder",8,B210780000736,Elbow Fitting,,2,,
SANY p421 L9,7-47,"BCB005320989 Hydraulic System, Arm 1 Cylinder",9,B210780000180,Adapter Fitting,,2,,
SANY p421 L10,7-47,"BCB005320989 Hydraulic System, Arm 1 Cylinder",10,B210780000016,Tee Joint,,1,,
SANY p421 L11,7-47,"BCB005320989 Hydraulic System, Arm 1 Cylinder",11,13588734,Oil Tube,Black,1,,
SANY p421 L12,7-47,"BCB005320989 Hydraulic System, Arm 1 Cylinder",12,13589965,Oil Tube,Black,1,,
SANY p421 L13,7-47,"BCB005320989 Hydraulic System, Arm 1 Cylinder",13,13597017,Oil Tube,Black,1,,
SANY p421 L14,7-47,"BCB005320989 Hydraulic System, Arm 1 Cylinder",14,60195076,FSR Seal Ring,,5,,
SANY p421 L15,7-47,"BCB005320989 Hydraulic System, Arm 1 Cylinder",15,60195077,FSR Seal Ring,,2,,
SANY p421 L16,7-47,"BCB005320989 Hydraulic System, Arm 1 Cylinder",16,A210855000059,Clamp,,2,,
SANY p421 L17,7-47,"BCB005320989 Hydraulic System, Arm 1 Cylinder",17,12638380,Clamp,Black,4,,
SANY p421 L18,7-47,"BCB005320989 Hydraulic System, Arm 1 Cylinder",17,12638380HC,Clamp,Silver grey,,,VARIANT_OF_ROW_ABOVE
SANY p421 L19,7-47,"BCB005320989 Hydraulic System, Arm 1 Cylinder",17,12638380WE,Clamp,Polar white,,,VARIANT_OF_ROW_ABOVE
SANY p421 L20,7-47,"BCB005320989 Hydraulic System, Arm 1 Cylinder",17,12638380YB,Clamp,Light ivory,,,VARIANT_OF_ROW_ABOVE
SANY p421 L21,7-47,"BCB005320989 Hydraulic System, Arm 1 Cylinder",17,12638380GC,Clamp,Yellow green,,,VARIANT_OF_ROW_ABOVE
SANY p421 L22,7-47,"BCB005320989 Hydraulic System, Arm 1 Cylinder",17,12638380RE,Clamp,Sany red,,,VARIANT_OF_ROW_ABOVE
SANY p421 L23,7-47,"BCB005320989 Hydraulic System, Arm 1 Cylinder",17,12638380YA,Clamp,Sany yellow,,,VARIANT_OF_ROW_ABOVE
SANY p421 L24,7-47,"BCB005320989 Hydraulic System, Arm 1 Cylinder",17,12638380YC,Clamp,Sulfur yellow,,,VARIANT_OF_ROW_ABOVE
SANY p421 L25,7-47,"BCB005320989 Hydraulic System, Arm 1 Cylinder",17,12638380BC,Clamp,Light blue,,,VARIANT_OF_ROW_ABOVE
SANY p421 L26,7-47,"BCB005320989 Hydraulic System, Arm 1 Cylinder",18,12638409,Clamp,,2,,
SANY p421 L27,7-47,"BCB005320989 Hydraulic System, Arm 1 Cylinder",19,60257685,O-ring,,4,,
SANY p421 L28,7-47,"BCB005320989 Hydraulic System, Arm 1 Cylinder",20,14174566,Articulated Bolt,,2,,
SANY p423 L1,7-49,"BCB005321065 Hydraulic System, Arm 4 Cylinder",1,B210780000736,Elbow Fitting,,4,,
SANY p423 L2,7-49,"BCB005321065 Hydraulic System, Arm 4 Cylinder",2,60195077,FSR Seal Ring,,2,,
SANY p423 L3,7-49,"BCB005321065 Hydraulic System, Arm 4 Cylinder",3,B210780000024,Elbow Fitting,,2,,
SANY p423 L4,7-49,"BCB005321065 Hydraulic System, Arm 4 Cylinder",4,60195076,FSR Seal Ring,,4,,
SANY p423 L5,7-49,"BCB005321065 Hydraulic System, Arm 4 Cylinder",5,A820205000223,Fitting,,4,,
SANY p423 L6,7-49,"BCB005321065 Hydraulic System, Arm 4 Cylinder",6,B210780000037,Adapter Fitting,,2,,
SANY p423 L7,7-49,"BCB005321065 Hydraulic System, Arm 4 Cylinder",7,60257687,O-ring,,4,,
SANY p423 L8,7-49,"BCB005321065 Hydraulic System, Arm 4 Cylinder",8,60048668,"Damper Valve, One-way",,2,,
SANY p423 L9,7-49,"BCB005321065 Hydraulic System, Arm 4 Cylinder",9,60358674,Balancing Valve,,2,7-50,
SANY p423 L10,7-49,"BCB005321065 Hydraulic System, Arm 4 Cylinder",10,B210780000180,Adapter Fitting,,2,,
SANY p423 L11,7-49,"BCB005321065 Hydraulic System, Arm 4 Cylinder",11,B210780000016,Tee Joint,,1,,
SANY p423 L12,7-49,"BCB005321065 Hydraulic System, Arm 4 Cylinder",12,13592162,Oil Tube,Black,1,,
SANY p423 L13,7-49,"BCB005321065 Hydraulic System, Arm 4 Cylinder",13,13787766,Oil Tube,Black,1,,
SANY p423 L14,7-49,"BCB005321065 Hydraulic System, Arm 4 Cylinder",14,13787486,Oil Tube,Black,1,,
SANY p423 L15,7-49,"BCB005321065 Hydraulic System, Arm 4 Cylinder",15,12638409,Clamp,,1,,
SANY p423 L16,7-49,"BCB005321065 Hydraulic System, Arm 4 Cylinder",16,12638380,Clamp,Black,2,,
SANY p423 L17,7-49,"BCB005321065 Hydraulic System, Arm 4 Cylinder",16,12638380HC,Clamp,Silver grey,,,VARIANT_OF_ROW_ABOVE
SANY p423 L18,7-49,"BCB005321065 Hydraulic System, Arm 4 Cylinder",16,12638380WE,Clamp,Polar white,,,VARIANT_OF_ROW_ABOVE
SANY p423 L19,7-49,"BCB005321065 Hydraulic System, Arm 4 Cylinder",16,12638380YB,Clamp,Light ivory,,,VARIANT_OF_ROW_ABOVE
SANY p423 L20,7-49,"BCB005321065 Hydraulic System, Arm 4 Cylinder",16,12638380GC,Clamp,Yellow green,,,VARIANT_OF_ROW_ABOVE
SANY p423 L21,7-49,"BCB005321065 Hydraulic System, Arm 4 Cylinder",16,12638380RE,Clamp,Sany red,,,VARIANT_OF_ROW_ABOVE
SANY p423 L22,7-49,"BCB005321065 Hydraulic System, Arm 4 Cylinder",16,12638380YA,Clamp,Sany yellow,,,VARIANT_OF_ROW_ABOVE
SANY p423 L23,7-49,"BCB005321065 Hydraulic System, Arm 4 Cylinder",16,12638380YC,Clamp,Sulfur yellow,,,VARIANT_OF_ROW_ABOVE
SANY p423 L24,7-49,"BCB005321065 Hydraulic System, Arm 4 Cylinder",16,12638380BC,Clamp,Light blue,,,VARIANT_OF_ROW_ABOVE
SANY p423 L25,7-49,"BCB005321065 Hydraulic System, Arm 4 Cylinder",17,A210855000058,Clamp,,1,,
SANY p425 L1,7-51,60358674 Balancing Valve,1,150504050029A001,Balancing Valve,,1,,
SANY p425 L2,7-51,60358674 Balancing Valve,2,150504050029A002,O-ring,,1,,
SANY p425 L3,7-51,60358674 Balancing Valve,3,150504050029A003,Overflow Valve,,1,,
SANY p425 L4,7-51,60358674 Balancing Valve,4,150504050029A004,O-ring,,1,,
SANY p425 L5,7-51,60358674 Balancing Valve,5,150504050029A006,Connector,,1,,
SANY p425 L6,7-51,60358674 Balancing Valve,6,150504050029A005,Plug,,4,,
SANY p427 L1,7-53,"BCB005321030 Hydraulic System, Arm 2 Cylinder",1,60358677,Balancing Valve,,2,,
SANY p427 L2,7-53,"BCB005321030 Hydraulic System, Arm 2 Cylinder",2,B210780000047,Adapter Fitting,,1,,
SANY p427 L3,7-53,"BCB005321030 Hydraulic System, Arm 2 Cylinder",3,A820205000223,Fitting,,2,,
SANY p427 L4,7-53,"BCB005321030 Hydraulic System, Arm 2 Cylinder",4,B210780000020,Tee Joint,,1,,
SANY p427 L5,7-53,"BCB005321030 Hydraulic System, Arm 2 Cylinder",5,B210780000037,Adapter Fitting,,1,,
SANY p427 L6,7-53,"BCB005321030 Hydraulic System, Arm 2 Cylinder",6,B210780000024,Elbow Fitting,,1,,
SANY p427 L7,7-53,"BCB005321030 Hydraulic System, Arm 2 Cylinder",7,B210780000736,Elbow Fitting,,2,,
SANY p427 L8,7-53,"BCB005321030 Hydraulic System, Arm 2 Cylinder",8,B210780000180,Adapter Fitting,,2,,
SANY p427 L9,7-53,"BCB005321030 Hydraulic System, Arm 2 Cylinder",9,B210780000016,Tee Joint,,1,,
SANY p427 L10,7-53,"BCB005321030 Hydraulic System, Arm 2 Cylinder",10,13591140,Oil Tube,Black,1,,
SANY p427 L11,7-53,"BCB005321030 Hydraulic System, Arm 2 Cylinder",11,13588695,Oil Tube,Black,1,,
SANY p427 L12,7-53,"BCB005321030 Hydraulic System, Arm 2 Cylinder",12,13588705,Oil Tube,Black,1,,
SANY p427 L13,7-53,"BCB005321030 Hydraulic System, Arm 2 Cylinder",13,60195076,FSR Seal Ring,,4,,
SANY p427 L14,7-53,"BCB005321030 Hydraulic System, Arm 2 Cylinder",14,60195077,FSR Seal Ring,,2,,
SANY p427 L15,7-53,"BCB005321030 Hydraulic System, Arm 2 Cylinder",15,12638380,Clamp,Black,4,,
SANY p427 L16,7-53,"BCB005321030 Hydraulic System, Arm 2 Cylinder",15,12638380HC,Clamp,Silver grey,,,VARIANT_OF_ROW_ABOVE
SANY p427 L17,7-53,"BCB005321030 Hydraulic System, Arm 2 Cylinder",15,12638380WE,Clamp,Polar white,,,VARIANT_OF_ROW_ABOVE
SANY p427 L18,7-53,"BCB005321030 Hydraulic System, Arm 2 Cylinder",15,12638380YB,Clamp,Light ivory,,,VARIANT_OF_ROW_ABOVE
SANY p427 L19,7-53,"BCB005321030 Hydraulic System, Arm 2 Cylinder",15,12638380GC,Clamp,Yellow green,,,VARIANT_OF_ROW_ABOVE
SANY p427 L20,7-53,"BCB005321030 Hydraulic System, Arm 2 Cylinder",15,12638380RE,Clamp,Sany red,,,VARIANT_OF_ROW_ABOVE
SANY p427 L21,7-53,"BCB005321030 Hydraulic System, Arm 2 Cylinder",15,12638380YA,Clamp,Sany yellow,,,VARIANT_OF_ROW_ABOVE
SANY p427 L22,7-53,"BCB005321030 Hydraulic System, Arm 2 Cylinder",15,12638380YC,Clamp,Sulfur yellow,,,VARIANT_OF_ROW_ABOVE
SANY p427 L23,7-53,"BCB005321030 Hydraulic System, Arm 2 Cylinder",15,12638380BC,Clamp,Light blue,,,VARIANT_OF_ROW_ABOVE
SANY p427 L24,7-53,"BCB005321030 Hydraulic System, Arm 2 Cylinder",16,A210855000059,Clamp,,2,,
SANY p427 L25,7-53,"BCB005321030 Hydraulic System, Arm 2 Cylinder",17,60257685,O-ring,,4,,
SANY p427 L26,7-53,"BCB005321030 Hydraulic System, Arm 2 Cylinder",18,12638409,Clamp,,2,,
SANY p427 L27,7-53,"BCB005321030 Hydraulic System, Arm 2 Cylinder",19,14174566,Articulated Bolt,,2,,
SANY p427 L28,7-53,"BCB005321030 Hydraulic System, Arm 2 Cylinder",20,B210780000799,Screw Plug,,1,,
SANY p427 L29,7-53,"BCB005321030 Hydraulic System, Arm 2 Cylinder",21,B210780000099,Hinge,,1,,
SANY p429 L1,7-55,"BCB005321071 Hydraulic System, Arm 5 Cylinder",1,60358674,Balancing Valve,,2,7-56,
SANY p429 L2,7-55,"BCB005321071 Hydraulic System, Arm 5 Cylinder",2,60048668,"Damper Valve, One-way",,2,,
SANY p429 L3,7-55,"BCB005321071 Hydraulic System, Arm 5 Cylinder",3,B210780000180,Adapter Fitting,,2,,
SANY p429 L4,7-55,"BCB005321071 Hydraulic System, Arm 5 Cylinder",4,B210780000016,Tee Joint,,1,,
SANY p429 L5,7-55,"BCB005321071 Hydraulic System, Arm 5 Cylinder",5,B210780000099,Hinge,,5,,
SANY p429 L6,7-55,"BCB005321071 Hydraulic System, Arm 5 Cylinder",6,B210780000037,Adapter Fitting,,1,,
SANY p429 L7,7-55,"BCB005321071 Hydraulic System, Arm 5 Cylinder",7,B210780000024,Elbow Fitting,,1,,
SANY p429 L8,7-55,"BCB005321071 Hydraulic System, Arm 5 Cylinder",8,13590119,Oil Tube,Black,1,,
SANY p429 L9,7-55,"BCB005321071 Hydraulic System, Arm 5 Cylinder",9,13591117,Oil Tube,Black,1,,
SANY p429 L10,7-55,"BCB005321071 Hydraulic System, Arm 5 Cylinder",10,13591127,Oil Tube,Black,1,,
SANY p429 L11,7-55,"BCB005321071 Hydraulic System, Arm 5 Cylinder",11,12638380,Clamp,Black,3,,
SANY p429 L12,7-55,"BCB005321071 Hydraulic System, Arm 5 Cylinder",11,12638380HC,Clamp,Silver grey,,,VARIANT_OF_ROW_ABOVE
SANY p429 L13,7-55,"BCB005321071 Hydraulic System, Arm 5 Cylinder",11,12638380WE,Clamp,Polar white,,,VARIANT_OF_ROW_ABOVE
SANY p429 L14,7-55,"BCB005321071 Hydraulic System, Arm 5 Cylinder",11,12638380YB,Clamp,Light ivory,,,VARIANT_OF_ROW_ABOVE
SANY p429 L15,7-55,"BCB005321071 Hydraulic System, Arm 5 Cylinder",11,12638380GC,Clamp,Yellow green,,,VARIANT_OF_ROW_ABOVE
SANY p429 L16,7-55,"BCB005321071 Hydraulic System, Arm 5 Cylinder",11,12638380RE,Clamp,Sany red,,,VARIANT_OF_ROW_ABOVE
SANY p429 L17,7-55,"BCB005321071 Hydraulic System, Arm 5 Cylinder",11,12638380YA,Clamp,Sany yellow,,,VARIANT_OF_ROW_ABOVE
SANY p429 L18,7-55,"BCB005321071 Hydraulic System, Arm 5 Cylinder",11,12638380YC,Clamp,Sulfur yellow,,,VARIANT_OF_ROW_ABOVE
SANY p429 L19,7-55,"BCB005321071 Hydraulic System, Arm 5 Cylinder",11,12638380BC,Clamp,Light blue,,,VARIANT_OF_ROW_ABOVE
SANY p429 L20,7-55,"BCB005321071 Hydraulic System, Arm 5 Cylinder",12,A210855000056,Clamp,,1,,
SANY p429 L21,7-55,"BCB005321071 Hydraulic System, Arm 5 Cylinder",13,60195076,FSR Seal Ring,,6,,
SANY p429 L22,7-55,"BCB005321071 Hydraulic System, Arm 5 Cylinder",14,60257687,O-ring,,4,,
SANY p431 L1,7-57,60358674 Balancing Valve (p7-56),1,150504050029A001,Balancing Valve,,1,,
SANY p431 L2,7-57,60358674 Balancing Valve (p7-56),2,150504050029A002,O-ring,,1,,
SANY p431 L3,7-57,60358674 Balancing Valve (p7-56),3,150504050029A003,Overflow Valve,,1,,
SANY p431 L4,7-57,60358674 Balancing Valve (p7-56),4,150504050029A004,O-ring,,1,,
SANY p431 L5,7-57,60358674 Balancing Valve (p7-56),5,150504050029A006,Connector,,1,,
SANY p431 L6,7-57,60358674 Balancing Valve (p7-56),6,150504050029A005,Plug,,4,,
SANY p433 L1,7-59,"BCB005321034 Hydraulic System, Arm 3 Cylinder",1,60358674,Balancing Valve,,2,7-60,
SANY p433 L2,7-59,"BCB005321034 Hydraulic System, Arm 3 Cylinder",2,B210780000037,Adapter Fitting,,1,,
SANY p433 L3,7-59,"BCB005321034 Hydraulic System, Arm 3 Cylinder",3,B210780000024,Elbow Fitting,,2,,
SANY p433 L4,7-59,"BCB005321034 Hydraulic System, Arm 3 Cylinder",4,B210780000180,Adapter Fitting,,2,,
SANY p433 L5,7-59,"BCB005321034 Hydraulic System, Arm 3 Cylinder",5,B210399000002,Screw Plug,,1,,
SANY p433 L6,7-59,"BCB005321034 Hydraulic System, Arm 3 Cylinder",6,B210780000016,Tee Joint,,1,,
SANY p433 L7,7-59,"BCB005321034 Hydraulic System, Arm 3 Cylinder",7,A820205000223,Fitting,,3,,
SANY p433 L8,7-59,"BCB005321034 Hydraulic System, Arm 3 Cylinder",8,B210780000020,Tee Joint,,1,,
SANY p433 L9,7-59,"BCB005321034 Hydraulic System, Arm 3 Cylinder",9,B210780000736,Elbow Fitting,,2,,
SANY p433 L10,7-59,"BCB005321034 Hydraulic System, Arm 3 Cylinder",10,60048668,"Damper Valve, One-way",,1,,
SANY p433 L11,7-59,"BCB005321034 Hydraulic System, Arm 3 Cylinder",11,60048669,"Damper Valve, One-way",,1,,
SANY p433 L12,7-59,"BCB005321034 Hydraulic System, Arm 3 Cylinder",12,13588924,Oil Tube,Black,1,,
SANY p433 L13,7-59,"BCB005321034 Hydraulic System, Arm 3 Cylinder",13,13588630,Oil Tube,Black,1,,
SANY p433 L14,7-59,"BCB005321034 Hydraulic System, Arm 3 Cylinder",14,13588736,Oil Tube,Black,1,,
SANY p433 L15,7-59,"BCB005321034 Hydraulic System, Arm 3 Cylinder",15,60195076,FSR Seal Ring,,4,,
SANY p433 L16,7-59,"BCB005321034 Hydraulic System, Arm 3 Cylinder",16,60195077,FSR Seal Ring,,2,,
SANY p433 L17,7-59,"BCB005321034 Hydraulic System, Arm 3 Cylinder",17,12638380,Clamp,Black,2,,
SANY p433 L18,7-59,"BCB005321034 Hydraulic System, Arm 3 Cylinder",17,12638380HC,Clamp,Silver grey,,,VARIANT_OF_ROW_ABOVE
SANY p433 L19,7-59,"BCB005321034 Hydraulic System, Arm 3 Cylinder",17,12638380WE,Clamp,Polar white,,,VARIANT_OF_ROW_ABOVE
SANY p433 L20,7-59,"BCB005321034 Hydraulic System, Arm 3 Cylinder",17,12638380YB,Clamp,Light ivory,,,VARIANT_OF_ROW_ABOVE
SANY p433 L21,7-59,"BCB005321034 Hydraulic System, Arm 3 Cylinder",17,12638380GC,Clamp,Yellow green,,,VARIANT_OF_ROW_ABOVE
SANY p433 L22,7-59,"BCB005321034 Hydraulic System, Arm 3 Cylinder",17,12638380RE,Clamp,Sany red,,,VARIANT_OF_ROW_ABOVE
SANY p433 L23,7-59,"BCB005321034 Hydraulic System, Arm 3 Cylinder",17,12638380YA,Clamp,Sany yellow,,,VARIANT_OF_ROW_ABOVE
SANY p433 L24,7-59,"BCB005321034 Hydraulic System, Arm 3 Cylinder",17,12638380YC,Clamp,Sulfur yellow,,,VARIANT_OF_ROW_ABOVE
SANY p433 L25,7-59,"BCB005321034 Hydraulic System, Arm 3 Cylinder",17,12638380BC,Clamp,Light blue,,,VARIANT_OF_ROW_ABOVE
SANY p433 L26,7-59,"BCB005321034 Hydraulic System, Arm 3 Cylinder",18,12638409,Clamp,,1,,
SANY p433 L27,7-59,"BCB005321034 Hydraulic System, Arm 3 Cylinder",19,A210855000057,Clamp,,1,,
SANY p433 L28,7-59,"BCB005321034 Hydraulic System, Arm 3 Cylinder",20,60257687,O-ring,,4,,
SANY p433 L29,7-59,"BCB005321034 Hydraulic System, Arm 3 Cylinder",21,B210780000099,Hinge,,1,,
SANY p435 L1,7-61,60358674 Balancing Valve (p7-60),1,150504050029A001,Balancing Valve,,1,,
SANY p435 L2,7-61,60358674 Balancing Valve (p7-60),2,150504050029A002,O-ring,,1,,
SANY p435 L3,7-61,60358674 Balancing Valve (p7-60),3,150504050029A003,Overflow Valve,,1,,
SANY p435 L4,7-61,60358674 Balancing Valve (p7-60),4,150504050029A004,O-ring,,1,,
SANY p435 L5,7-61,60358674 Balancing Valve (p7-60),5,150504050029A006,Connector,,1,,
SANY p435 L6,7-61,60358674 Balancing Valve (p7-60),6,150504050029A005,Plug,,4,,
SANY p437 L1,7-63,"BCB006456519 Hydraulic System, Revolving Tower",1,BCB007272199,"Hydraulic System, Rotary Unit",,1,7-64,
SANY p437 L2,7-63,"BCB006456519 Hydraulic System, Revolving Tower",2,BCB006515004,"Hydraulic System, Boom Pump",,1,7-70,
SANY p437 L3,7-63,"BCB006456519 Hydraulic System, Revolving Tower",3,BCB006575075,"Hydraulic System, Boom Multiple Unit Valve",,1,7-76,
SANY p439 L1,7-65,"BCB007272199 Hydraulic System, Rotary Unit",1,13663919,Rotary Valve GP,,1,7-66,
SANY p439 L2,7-65,"BCB007272199 Hydraulic System, Rotary Unit",2,A210307000016,Nut,,3,,
SANY p439 L3,7-65,"BCB007272199 Hydraulic System, Rotary Unit",3,A210401000016,Washer,,3,,
SANY p439 L4,7-65,"BCB007272199 Hydraulic System, Rotary Unit",4,B210780000016,Tee Joint,,1,,
SANY p439 L5,7-65,"BCB007272199 Hydraulic System, Rotary Unit",5,A210405000006,Washer,,3,,
SANY p439 L6,7-65,"BCB007272199 Hydraulic System, Rotary Unit",6,A210204000352,Screw,,3,,
SANY p439 L7,7-65,"BCB007272199 Hydraulic System, Rotary Unit",7,B210780000024,Elbow Fitting,,3,,
SANY p439 L8,7-65,"BCB007272199 Hydraulic System, Rotary Unit",8,B230103004190,Hose,,1,,
SANY p439 L9,7-65,"BCB007272199 Hydraulic System, Rotary Unit",9,12936787,Hose,,2,,
SANY p439 L10,7-65,"BCB007272199 Hydraulic System, Rotary Unit",10,B210780000179,Adapter Fitting,,2,,
SANY p439 L11,7-65,"BCB007272199 Hydraulic System, Rotary Unit",11,B210780000847,Adapter Fitting,,1,,
SANY p439 L12,7-65,"BCB007272199 Hydraulic System, Rotary Unit",12,60211065,Hose,,1,,
SANY p441 L1,7-67,13663919 Rotary Valve GP,1,13663859,Valve Block,,1,,
SANY p441 L2,7-67,13663919 Rotary Valve GP,2,B210399000003,Screw Plug,,30,,
SANY p441 L3,7-67,13663919 Rotary Valve GP,3,B210780000037,Adapter Fitting,,6,,
SANY p441 L4,7-67,13663919 Rotary Valve GP,4,60207738,Balancing Valve,,2,,
SANY p441 L5,7-67,13663919 Rotary Valve GP,5,B220401001276,Shuttle Valve,,1,,
SANY p441 L6,7-67,13663919 Rotary Valve GP,6,60154111,Directional Solenoid Valve,,1,7-68,
SANY p441 L7,7-67,13663919 Rotary Valve GP,7,A210204000168,Screw,,8,,
SANY p441 L8,7-67,13663919 Rotary Valve GP,8,60321115,Directional Solenoid Valve,,1,,
SANY p441 L9,7-67,13663919 Rotary Valve GP,9,B220400000072,Check Valve,,1,,
SANY p441 L10,7-67,13663919 Rotary Valve GP,10,12801611,Damping Plug,,1,,
SANY p441 L11,7-67,13663919 Rotary Valve GP,11,B220401000727,Pressure Relief Valve,,1,,
SANY p443 L1,7-69,60154111 Directional Solenoid Valve,1,60175963,Coil,,1,,
SANY p443 L2,7-69,60154111 Directional Solenoid Valve,2,150401010048B002,O-ring,,1,,
SANY p443 L3,7-69,60154111 Directional Solenoid Valve,3,150401010048B003,Dust Ring,,1,,
SANY p443 L4,7-69,60154111 Directional Solenoid Valve,4,150401010048B004,O-ring,,1,,
SANY p443 L5,7-69,60154111 Directional Solenoid Valve,5,150401010048B005,Dust Ring,,1,,
SANY p445 L1,7-71,"BCB006515004 Hydraulic System, Boom Pump",1,B210780000036,Adapter Fitting,,1,,
SANY p445 L2,7-71,"BCB006515004 Hydraulic System, Boom Pump",2,B230103000123,Hose,,1,,
SANY p445 L3,7-71,"BCB006515004 Hydraulic System, Boom Pump",3,B210780000055,Adapter Fitting,,1,,
SANY p445 L4,7-71,"BCB006515004 Hydraulic System, Boom Pump",4,21050783,Elbow Fitting,,1,,
SANY p445 L5,7-71,"BCB006515004 Hydraulic System, Boom Pump",5,A832711090000,Hose,,1,,
SANY p445 L6,7-71,"BCB006515004 Hydraulic System, Boom Pump",6,151007260314A,Hose,,1,,
SANY p445 L7,7-71,"BCB006515004 Hydraulic System, Boom Pump",7,13148837,Hose,,1,,
SANY p445 L8,7-71,"BCB006515004 Hydraulic System, Boom Pump",8,21008727,Fitting,,2,,
SANY p445 L9,7-71,"BCB006515004 Hydraulic System, Boom Pump",9,60195076,FSR Seal Ring,,2,,
SANY p445 L10,7-71,"BCB006515004 Hydraulic System, Boom Pump",10,BCB007026315,Oil Tube,,1,,
SANY p445 L11,7-71,"BCB006515004 Hydraulic System, Boom Pump",11,B210851000001,Clamp,,2,,
SANY p445 L12,7-71,"BCB006515004 Hydraulic System, Boom Pump",12,60233034,Hose,,1,,
SANY p445 L13,7-71,"BCB006515004 Hydraulic System, Boom Pump",24,151010060092A,Hose,,1,,
SANY p447 L1,7-73,"BCB006515004 Hydraulic System, Boom Pump",13,B210851000013,Clamp,,3,,
SANY p447 L2,7-73,"BCB006515004 Hydraulic System, Boom Pump",14,BCB006446200,Oil Tube,,1,,
SANY p447 L3,7-73,"BCB006515004 Hydraulic System, Boom Pump",15,151008210213A,Hose,,1,,
SANY p447 L4,7-73,"BCB006515004 Hydraulic System, Boom Pump",16,A210204000454,Screw,,8,,
SANY p447 L5,7-73,"BCB006515004 Hydraulic System, Boom Pump",17,A210405000002,Washer,,8,,
SANY p447 L6,7-73,"BCB006515004 Hydraulic System, Boom Pump",18,B210780000693,Split Flange,,4,,
SANY p447 L7,7-73,"BCB006515004 Hydraulic System, Boom Pump",19,B230101002071,O-ring,,2,,
SANY p447 L8,7-73,"BCB006515004 Hydraulic System, Boom Pump",20,151501000052A,High-pressure Filter,,1,7-74,
SANY p447 L9,7-73,"BCB006515004 Hydraulic System, Boom Pump",21,151008260718A,Hose,,1,,
SANY p447 L10,7-73,"BCB006515004 Hydraulic System, Boom Pump",22,B210780000837,Bulkhead Fitting,,1,,
SANY p447 L11,7-73,"BCB006515004 Hydraulic System, Boom Pump",23,151007210586A,Hose,,1,,
SANY p449 L1,7-75,151501000052A High-pressure Filter,1,151501000052A001,Signaler,,1,,
SANY p449 L2,7-75,151501000052A High-pressure Filter,2,60283940,Hydraulic Filter Core,,1,,
SANY p449 L3,7-75,151501000052A High-pressure Filter,3,151501000052A003,O-ring,,1,,
SANY p449 L4,7-75,151501000052A High-pressure Filter,4,151501000052A004,Retainer Ring,,1,,
SANY p449 L5,7-75,151501000052A High-pressure Filter,5,151501000052A005,Filter Head,,1,,
SANY p451 L1,7-77,"BCB006575075 Hydraulic System, Boom Multiple Unit Valve",1,11805684,Hose Protective Sleeve,,1,,
SANY p451 L2,7-77,"BCB006575075 Hydraulic System, Boom Multiple Unit Valve",2,B230103003922,Hose,,6,,
SANY p451 L3,7-77,"BCB006575075 Hydraulic System, Boom Multiple Unit Valve",3,B230103003920,Hose,,4,,
SANY p451 L4,7-77,"BCB006575075 Hydraulic System, Boom Multiple Unit Valve",4,60156803,Hose,,1,,
SANY p451 L5,7-77,"BCB006575075 Hydraulic System, Boom Multiple Unit Valve",5,A210111000202,Bolt,,4,,
SANY p451 L6,7-77,"BCB006575075 Hydraulic System, Boom Multiple Unit Valve",6,A210405000001,Washer,,4,,
SANY p451 L7,7-77,"BCB006575075 Hydraulic System, Boom Multiple Unit Valve",7,11573129,Hose Fitting Seat,Sany yellow,1,,
SANY p451 L8,7-77,"BCB006575075 Hydraulic System, Boom Multiple Unit Valve",8,B210780000655,Bulkhead Fitting,,6,,
SANY p451 L9,7-77,"BCB006575075 Hydraulic System, Boom Multiple Unit Valve",9,B210780000996,Bulkhead Fitting,,4,,
SANY p451 L10,7-77,"BCB006575075 Hydraulic System, Boom Multiple Unit Valve",10,B210780000647,Bulkhead Fitting,,1,,
SANY p453 L1,7-79,"BCB006575075 Hydraulic System, Boom Multiple Unit Valve",11,60228754,Pressure Gauge,,1,,
SANY p453 L2,7-79,"BCB006575075 Hydraulic System, Boom Multiple Unit Valve",12,60240396,Piezometer Hose,,1,,
SANY p453 L3,7-79,"BCB006575075 Hydraulic System, Boom Multiple Unit Valve",13,60216038,Hose,,3,,
SANY p453 L4,7-79,"BCB006575075 Hydraulic System, Boom Multiple Unit Valve",14,60216040,Hose,,2,,
SANY p453 L5,7-79,"BCB006575075 Hydraulic System, Boom Multiple Unit Valve",15,B210780000015,Tee Joint,,1,,
SANY p453 L6,7-79,"BCB006575075 Hydraulic System, Boom Multiple Unit Valve",16,60216036,Hose,,1,,
SANY p453 L7,7-79,"BCB006575075 Hydraulic System, Boom Multiple Unit Valve",17,B210780001310,Elbow Fitting,,1,,
SANY p453 L8,7-79,"BCB006575075 Hydraulic System, Boom Multiple Unit Valve",18,B230103000398,Hose,,1,,
SANY p453 L9,7-79,"BCB006575075 Hydraulic System, Boom Multiple Unit Valve",19,B210780000157,Bulkhead Fitting,,1,,
SANY p453 L10,7-79,"BCB006575075 Hydraulic System, Boom Multiple Unit Valve",20,B210780001394,Adapter Fitting,,1,,
SANY p453 L11,7-79,"BCB006575075 Hydraulic System, Boom Multiple Unit Valve",21,13300438,Pressure Valve,,1,,
SANY p453 L12,7-79,"BCB006575075 Hydraulic System, Boom Multiple Unit Valve",22,B230103003982,Hose,,1,,
SANY p453 L13,7-79,"BCB006575075 Hydraulic System, Boom Multiple Unit Valve",23,13412109,Hose,,2,,
SANY p453 L14,7-79,"BCB006575075 Hydraulic System, Boom Multiple Unit Valve",24,60216035,Hose,,3,,
SANY p455 L1,7-81,"BCB006575075 Hydraulic System, Boom Multiple Unit Valve",25,B220400000377,Electrical Multiple Unit Valve,,1,7-84,
SANY p455 L2,7-81,"BCB006575075 Hydraulic System, Boom Multiple Unit Valve",26,60156805,Hose,,1,,
SANY p455 L3,7-81,"BCB006575075 Hydraulic System, Boom Multiple Unit Valve",27,14214459,Hose,,1,,
SANY p455 L4,7-81,"BCB006575075 Hydraulic System, Boom Multiple Unit Valve",28,151004160118A,Hose,,2,,
SANY p455 L5,7-81,"BCB006575075 Hydraulic System, Boom Multiple Unit Valve",29,A229900006820,Clamp,,1,,
SANY p455 L6,7-81,"BCB006575075 Hydraulic System, Boom Multiple Unit Valve",30,B230103004472,Hose,,1,,
SANY p455 L7,7-81,"BCB006575075 Hydraulic System, Boom Multiple Unit Valve",31,A229900002420,Clamp,,3,,
SANY p455 L8,7-81,"BCB006575075 Hydraulic System, Boom Multiple Unit Valve",32,BCB006575050,Oil Tube,,1,,
SANY p455 L9,7-81,"BCB006575075 Hydraulic System, Boom Multiple Unit Valve",33,B230103000383,Hose,,1,,
SANY p457 L1,7-83,"BCB006575075 Hydraulic System, Boom Multiple Unit Valve",34,BCB006573265,Boom Multiple Unit Valve AS,,1,7-98,
SANY p457 L2,7-83,"BCB006575075 Hydraulic System, Boom Multiple Unit Valve",35,11765669,Threading tube GP,,1,,
SANY p457 L3,7-83,"BCB006575075 Hydraulic System, Boom Multiple Unit Valve",36,B210851000013,Clamp,,1,,
SANY p459 L1,7-85,B220400000377 Electrical Multiple Unit Valve,1,B229900001978,Control Block,,1,,
SANY p459 L2,7-85,B220400000377 Electrical Multiple Unit Valve,2,60172580,"Directional Valve, Outrigger Unit",,1,7-86,
SANY p459 L3,7-85,B220400000377 Electrical Multiple Unit Valve,3,B220401000505,Directional Valve Core,,1,7-88,
SANY p459 L4,7-85,B220400000377 Electrical Multiple Unit Valve,4,B220401000506,Directional Valve,,2,7-90,
SANY p459 L5,7-85,B220400000377 Electrical Multiple Unit Valve,5,B220401000507,Directional Valve,,1,7-92,
SANY p459 L6,7-85,B220400000377 Electrical Multiple Unit Valve,6,60172578,Directional Valve,,1,7-94,
SANY p459 L7,7-85,B220400000377 Electrical Multiple Unit Valve,7,60180840,Directional Valve,,1,7-96,
SANY p459 L8,7-85,B220400000377 Electrical Multiple Unit Valve,8,B220401000311,Directional Solenoid Valve,,1,,
SANY p459 L9,7-85,B220400000377 Electrical Multiple Unit Valve,9,B220401000555,Electrical Proportional Valve,,7,,
SANY p459 L10,7-85,B220400000377 Electrical Multiple Unit Valve,10,B229900002352,"Repair Kit, Multiple Unit Valve",,1,,
SANY p461 L1,7-87,"60172580 Directional Valve, Outrigger Unit",1,150699000019A001,multi way valve handle,,1,,
SANY p463 L1,7-89,B220401000505 Directional Valve Core,1,150699000019A001,multi way valve handle,,1,,
SANY p465 L1,7-91,B220401000506 Directional Valve,1,150699000019A001,multi way valve handle,,1,,
SANY p467 L1,7-93,B220401000507 Directional Valve,1,150699000019A001,multi way valve handle,,1,,
SANY p469 L1,7-95,60172578 Directional Valve,1,150699000019A001,multi way valve handle,,1,,
SANY p471 L1,7-97,60180840 Directional Valve,1,150699000019A001,multi way valve handle,,1,,
SANY p473 L1,7-99,BCB006573265 Boom Multiple Unit Valve AS,1,B210780000733,Adapter Fitting,,3,,
SANY p473 L2,7-99,BCB006573265 Boom Multiple Unit Valve AS,2,B210780000184,Adapter Fitting,,1,,
SANY p473 L3,7-99,BCB006573265 Boom Multiple Unit Valve AS,3,B210780000141,Adapter Fitting,,1,,
SANY p473 L4,7-99,BCB006573265 Boom Multiple Unit Valve AS,4,B210780001307,Adapter Fitting,,2,,
SANY p473 L5,7-99,BCB006573265 Boom Multiple Unit Valve AS,5,B210780000048,Adapter Fitting,,5,,
SANY p473 L6,7-99,BCB006573265 Boom Multiple Unit Valve AS,6,B210780000209,Adapter Fitting,,6,,
SANY p473 L7,7-99,BCB006573265 Boom Multiple Unit Valve AS,7,B210780000179,Adapter Fitting,,1,,
SANY p473 L8,7-99,BCB006573265 Boom Multiple Unit Valve AS,8,12736883,Mounting Plate,Black,1,,
SANY p473 L9,7-99,BCB006573265 Boom Multiple Unit Valve AS,9,A210204000162,Screw,,8,,
SANY p473 L10,7-99,BCB006573265 Boom Multiple Unit Valve AS,10,A210405000007,Washer,,8,,
SANY p473 L11,7-99,BCB006573265 Boom Multiple Unit Valve AS,11,A210401000017,Washer,,8,,
SANY p473 L12,7-99,BCB006573265 Boom Multiple Unit Valve AS,12,BCB004985503,Marker Plate,,1,,
SANY p473 L13,7-99,BCB006573265 Boom Multiple Unit Valve AS,13,A210307000012,Nut,,8,,
SANY p475 L1,7-101,BCB006526020 Flushing System,1,11845046,Water Pump Device,,1,7-104,
SANY p475 L2,7-101,BCB006526020 Flushing System,2,A820219000013,Water Pipe,,2,,
SANY p475 L3,7-101,BCB006526020 Flushing System,3,A210770000326,Elbow,,2,,
SANY p475 L4,7-101,BCB006526020 Flushing System,4,BCB006976270,Connection Pipe,,1,,
SANY p475 L5,7-101,BCB006526020 Flushing System,5,A220401000187,Ball Valve,,1,,
SANY p475 L6,7-101,BCB006526020 Flushing System,6,BCB006976261,Water Pipe,,1,,
SANY p475 L7,7-101,BCB006526020 Flushing System,7,A210110000341,Bolt,,2,,
SANY p475 L8,7-101,BCB006526020 Flushing System,8,A210401000003,Washer,,2,,
SANY p475 L9,7-101,BCB006526020 Flushing System,9,A210307000025,Nut,,2,,
SANY p475 L10,7-101,BCB006526020 Flushing System,10,10038030,Transition Fitting,,1,,
SANY p475 L11,7-101,BCB006526020 Flushing System,11,11517038,Filter,Sany yellow,2,,
SANY p475 L12,7-101,BCB006526020 Flushing System,11,11517038WD,Filter,Pure white,,,VARIANT_OF_ROW_ABOVE
SANY p475 L13,7-101,BCB006526020 Flushing System,11,11517038GC,Filter,Yellow green,,,VARIANT_OF_ROW_ABOVE
SANY p475 L14,7-101,BCB006526020 Flushing System,12,A210401000001,Washer,,8,,
SANY p475 L15,7-101,BCB006526020 Flushing System,13,A210111000011,Bolt,,8,,
SANY p475 L16,7-101,BCB006526020 Flushing System,14,14520545,Hose,,1,,
SANY p475 L17,7-101,BCB006526020 Flushing System,15,BCB006384700,Water Pipe,,1,,
SANY p475 L18,7-101,BCB006526020 Flushing System,16,A229900002422,Clamp,,1,,
SANY p475 L19,7-101,BCB006526020 Flushing System,17,21051021,Tee Joint,,1,,
SANY p475 L20,7-101,BCB006526020 Flushing System,18,B230103001172,Hose,,1,,
SANY p475 L21,7-101,BCB006526020 Flushing System,19,B230103000404,Hose,,1,,
SANY p477 L1,7-103,BCB006526020 Flushing System,20,21008728,Adapter,,6,,
SANY p477 L2,7-103,BCB006526020 Flushing System,21,60013369,Hose,,1,,
SANY p477 L3,7-103,BCB006526020 Flushing System,22,B210780000131,Adapter Fitting,,1,,
SANY p477 L4,7-103,BCB006526020 Flushing System,23,A229900002420,Clamp,,2,,
SANY p477 L5,7-103,BCB006526020 Flushing System,24,151006160161A,Hose,,1,,
SANY p477 L6,7-103,BCB006526020 Flushing System,25,151006160092A,Hose,,1,,
SANY p477 L7,7-103,BCB006526020 Flushing System,26,12922615,Hose,,1,,
SANY p477 L8,7-103,BCB006526020 Flushing System,27,B230103003513,Hose,,1,,
SANY p477 L9,7-103,BCB006526020 Flushing System,28,B230103000440,Hose,,1,,
SANY p477 L10,7-103,BCB006526020 Flushing System,29,B210780001310,Elbow Fitting,,1,,
SANY p477 L11,7-103,BCB006526020 Flushing System,30,A229900006820,Clamp,,2,,
SANY p477 L12,7-103,BCB006526020 Flushing System,31,60050358,BALL VALVE,,1,,
SANY p477 L13,7-103,BCB006526020 Flushing System,32,BCB006544029,Oil Tube,,1,,
SANY p477 L14,7-103,BCB006526020 Flushing System,33,60195078,FSR Seal Ring,,4,,
SANY p477 L15,7-103,BCB006526020 Flushing System,34,BCB006544088,Oil Tube,,1,,
SANY p477 L16,7-103,BCB006526020 Flushing System,35,BCB005309086,Oil Tube,,1,,
SANY p477 L17,7-103,BCB006526020 Flushing System,36,B210780001394,Adapter Fitting,,1,,
SANY p477 L18,7-103,BCB006526020 Flushing System,37,B210780000036,Adapter Fitting,,3,,
SANY p479 L1,7-105,11845046 Water Pump Device,1,A210111000038,Bolt,,6,,
SANY p479 L2,7-105,11845046 Water Pump Device,2,A210401000002,Washer,,6,,
SANY p479 L3,7-105,11845046 Water Pump Device,3,A810502020216,Cover,,1,,
SANY p479 L4,7-105,11845046 Water Pump Device,4,B210780000131,Adapter Fitting,,1,,
SANY p479 L5,7-105,11845046 Water Pump Device,5,60185393,Gear Motor,,1,7-106,
SANY p479 L6,7-105,11845046 Water Pump Device,6,13622586,Mounting Plate,,1,,
SANY p479 L7,7-105,11845046 Water Pump Device,7,A210401000017,Washer,,2,,
SANY p479 L8,7-105,11845046 Water Pump Device,8,A820301018184,Bolt,,2,,
SANY p479 L9,7-105,11845046 Water Pump Device,9,11845035,Water Pump Seat,,1,,
SANY p479 L10,7-105,11845046 Water Pump Device,10,A880801010064,Screw,,2,,
SANY p479 L11,7-105,11845046 Water Pump Device,11,11845005,Half Coupling,,1,,
SANY p479 L12,7-105,11845046 Water Pump Device,12,A820606030096,Elastic Pad,,1,,
SANY p479 L13,7-105,11845046 Water Pump Device,13,A820202000712,Half Coupling (I),,1,,
SANY p479 L14,7-105,11845046 Water Pump Device,14,A820202000390,Bushing,,1,,
SANY p479 L15,7-105,11845046 Water Pump Device,15,B220304000004,Water Pump,,1,7-108,
SANY p479 L16,7-105,11845046 Water Pump Device,16,BCB006935705,Damping Joint,,1,,
SANY p481 L1,7-107,60185393 Gear Motor,1,150204010016A002,Seal Ring,,2,,
SANY p481 L2,7-107,60185393 Gear Motor,2,150204010016A003,Gasket,,2,,
SANY p481 L3,7-107,60185393 Gear Motor,3,150204010016A004,Inner Seal Ring,,2,,
SANY p481 L4,7-107,60185393 Gear Motor,4,150204010016A005,Oil Seal,,1,,
SANY p481 L5,7-107,60185393 Gear Motor,5,150204010016A006,Oil Seal,,1,,
SANY p481 L6,7-107,60185393 Gear Motor,6,150204010016A007,Gasket,,2,,
SANY p483 L1,7-109,B220304000004 Water Pump,1,150799000073A001,Bearing,,2,,
SANY p483 L2,7-109,B220304000004 Water Pump,2,150799000073A002,Mechanical Seal,,2,,
SANY p483 L3,7-109,B220304000004 Water Pump,3,150799000073A003,Bolt,,6,,
SANY p483 L4,7-109,B220304000004 Water Pump,4,150799000073A004,O-ring,,1,,
SANY p483 L5,7-109,B220304000004 Water Pump,5,150799000073A005,Roller,,8,,
SANY p485 L1,7-111,"BCB006456157 Hydraulic System, Pumping Unit",1,BCB006449884,"Hydraulic System, Main Pump",,1,7-114,
SANY p485 L2,7-111,"BCB006456157 Hydraulic System, Pumping Unit",2,BCB006449887,"Hydraulic System, Main Valve",,1,7-118,
SANY p485 L3,7-111,"BCB006456157 Hydraulic System, Pumping Unit",3,BCB006456119,Control Pipeline,,1,7-138,
SANY p487 L1,7-113,"BCB006456157 Hydraulic System, Pumping Unit",4,BCB006449889,"Hydraulic System, Main Cylinder",,1,7-152,
SANY p489 L1,7-115,"BCB006449884 Hydraulic System, Main Pump",1,151009210359A,Hose,,1,,
SANY p489 L2,7-115,"BCB006449884 Hydraulic System, Main Pump",2,B230101002071,O-ring,,2,,
SANY p489 L3,7-115,"BCB006449884 Hydraulic System, Main Pump",3,A210204000312,Screw,,8,,
SANY p489 L4,7-115,"BCB006449884 Hydraulic System, Main Pump",4,B210780000005,Split Flange,,4,,
SANY p489 L5,7-115,"BCB006449884 Hydraulic System, Main Pump",5,BCB007469140,Oil Suction Tube,,1,,
SANY p489 L6,7-115,"BCB006449884 Hydraulic System, Main Pump",6,A210204000198,Screw,,8,,
SANY p489 L7,7-115,"BCB006449884 Hydraulic System, Main Pump",7,151009210366A,Hose,,1,,
SANY p489 L8,7-115,"BCB006449884 Hydraulic System, Main Pump",8,A210608000319,O-RING,,2,,
SANY p489 L9,7-115,"BCB006449884 Hydraulic System, Main Pump",9,A229900001659,T-type Clamp,,16,,
SANY p489 L10,7-115,"BCB006449884 Hydraulic System, Main Pump",10,A820606030922,Oil Suction Hose,,2,,
SANY p489 L11,7-115,"BCB006449884 Hydraulic System, Main Pump",11,BCB007469102,Oil Suction Tube,,1,,
SANY p489 L12,7-115,"BCB006449884 Hydraulic System, Main Pump",12,B210780000052,Adapter Fitting,,1,,
SANY p489 L13,7-115,"BCB006449884 Hydraulic System, Main Pump",13,13900443,Hose,,1,,
SANY p489 L14,7-115,"BCB006449884 Hydraulic System, Main Pump",14,B230103003027,Hose,,1,,
SANY p491 L1,7-117,"BCB006449884 Hydraulic System, Main Pump",9,A229900001659,T-type Clamp,,16,,
SANY p491 L2,7-117,"BCB006449884 Hydraulic System, Main Pump",15,A210307000001,Nut,,4,,
SANY p491 L3,7-117,"BCB006449884 Hydraulic System, Main Pump",16,A210405000001,Washer,,4,,
SANY p491 L4,7-117,"BCB006449884 Hydraulic System, Main Pump",17,A210114000006,Bolt,,4,,
SANY p491 L5,7-117,"BCB006449884 Hydraulic System, Main Pump",18,A210405000003,Washer,,4,,
SANY p491 L6,7-117,"BCB006449884 Hydraulic System, Main Pump",19,A210401000004,Washer,,4,,
SANY p491 L7,7-117,"BCB006449884 Hydraulic System, Main Pump",20,BCB007469211,Positioning Seat,,2,,
SANY p491 L8,7-117,"BCB006449884 Hydraulic System, Main Pump",21,BCB007469319,Oil Suction Pipe,,1,,
SANY p491 L9,7-117,"BCB006449884 Hydraulic System, Main Pump",22,A810301040477,U-clamp,,2,,
SANY p491 L10,7-117,"BCB006449884 Hydraulic System, Main Pump",23,BCB007469241,Oil Suction Pipe,,1,,
SANY p491 L11,7-117,"BCB006449884 Hydraulic System, Main Pump",24,10932914,Oil Suction Hose,,2,,
SANY p491 L12,7-117,"BCB006449884 Hydraulic System, Main Pump",25,BCB007469049,Oil Suction Tube,,1,,
SANY p493 L1,7-119,"BCB006449887 Hydraulic System, Main Valve",1,152300000015,Valve Block,,1,7-126,
SANY p493 L2,7-119,"BCB006449887 Hydraulic System, Main Valve",2,B210780000036,Adapter Fitting,,6,,
SANY p493 L3,7-119,"BCB006449887 Hydraulic System, Main Valve",3,151003210305A,Hose,,1,,
SANY p493 L4,7-119,"BCB006449887 Hydraulic System, Main Valve",4,151003210012,Hose,,1,,
SANY p493 L5,7-119,"BCB006449887 Hydraulic System, Main Valve",5,151301990314B,Transition Flange,,4,,
SANY p493 L6,7-119,"BCB006449887 Hydraulic System, Main Valve",6,B230101000348,O-ring,,12,,
SANY p493 L7,7-119,"BCB006449887 Hydraulic System, Main Valve",7,B210780000005,Split Flange,,24,,
SANY p493 L8,7-119,"BCB006449887 Hydraulic System, Main Valve",8,21053592,Screw,,16,,
SANY p493 L9,7-119,"BCB006449887 Hydraulic System, Main Valve",9,A210204000312,Screw,,16,,
SANY p493 L10,7-119,"BCB006449887 Hydraulic System, Main Valve",10,12922946,Hose,,2,,
SANY p493 L11,7-119,"BCB006449887 Hydraulic System, Main Valve",11,13315806,Hose,,2,,
SANY p495 L1,7-121,"BCB006449887 Hydraulic System, Main Valve",2,B210780000036,Adapter Fitting,,6,,
SANY p495 L2,7-121,"BCB006449887 Hydraulic System, Main Valve",6,B230101000348,O-ring,,12,,
SANY p495 L3,7-121,"BCB006449887 Hydraulic System, Main Valve",7,B210780000005,Split Flange,,24,,
SANY p495 L4,7-121,"BCB006449887 Hydraulic System, Main Valve",12,151010260049A,Hose,,2,,
SANY p495 L5,7-121,"BCB006449887 Hydraulic System, Main Valve",13,60228754,Pressure Gauge,,1,,
SANY p495 L6,7-121,"BCB006449887 Hydraulic System, Main Valve",14,60029802,Piezometer Hose,,1,,
SANY p495 L7,7-121,"BCB006449887 Hydraulic System, Main Valve",19,21005036,Screw,,16,,
SANY p495 L8,7-121,"BCB006449887 Hydraulic System, Main Valve",20,B210780000015,Tee Joint,,1,,
SANY p495 L9,7-121,"BCB006449887 Hydraulic System, Main Valve",21,A229900002966,Clamp,,4,,
SANY p495 L10,7-121,"BCB006449887 Hydraulic System, Main Valve",22,13267524,Polyurethane Sleeve,,2,,
SANY p497 L1,7-123,"BCB006449887 Hydraulic System, Main Valve",15,BCB004897113,Flange,,1,,
SANY p497 L2,7-123,"BCB006449887 Hydraulic System, Main Valve",16,A210204000450,Screw,,4,,
SANY p497 L3,7-123,"BCB006449887 Hydraulic System, Main Valve",17,B210780000004,Split Flange,,4,,
SANY p497 L4,7-123,"BCB006449887 Hydraulic System, Main Valve",18,A210204000462,Screw,,8,,
SANY p497 L5,7-123,"BCB006449887 Hydraulic System, Main Valve",23,151011060033A,Hose,,1,,
SANY p497 L6,7-123,"BCB006449887 Hydraulic System, Main Valve",24,120104010498A,Screw,,3,,
SANY p497 L7,7-123,"BCB006449887 Hydraulic System, Main Valve",29,B210780000741,Split Flange,,6,,
SANY p497 L8,7-123,"BCB006449887 Hydraulic System, Main Valve",30,A210204000466,Screw,,12,,
SANY p497 L9,7-123,"BCB006449887 Hydraulic System, Main Valve",31,60024155,Split Flange,,2,,
SANY p497 L10,7-123,"BCB006449887 Hydraulic System, Main Valve",32,A210204000023,Screw,,4,,
SANY p497 L11,7-123,"BCB006449887 Hydraulic System, Main Valve",34,151011210023A,Hose,,1,,
SANY p497 L12,7-123,"BCB006449887 Hydraulic System, Main Valve",38,BCB005305212,Flange,,1,,
SANY p497 L13,7-123,"BCB006449887 Hydraulic System, Main Valve",42,A210609000387,O-ring,,1,,
SANY p497 L14,7-123,"BCB006449887 Hydraulic System, Main Valve",43,B230101000235,O-ring,,3,,
SANY p497 L15,7-123,"BCB006449887 Hydraulic System, Main Valve",45,60196689,Check Valve,,1,,
SANY p499 L1,7-125,"BCB006449887 Hydraulic System, Main Valve",25,B210780001388,Tee Joint,,1,,
SANY p499 L2,7-125,"BCB006449887 Hydraulic System, Main Valve",26,B210780000055,Adapter Fitting,,1,,
SANY p499 L3,7-125,"BCB006449887 Hydraulic System, Main Valve",27,B230103000601,Hose,,1,,
SANY p499 L4,7-125,"BCB006449887 Hydraulic System, Main Valve",28,21050783,Elbow Fitting,,1,,
SANY p499 L5,7-125,"BCB006449887 Hydraulic System, Main Valve",33,B230103001842,Hose,,1,,
SANY p499 L6,7-125,"BCB006449887 Hydraulic System, Main Valve",35,13028294,Hose,,1,,
SANY p499 L7,7-125,"BCB006449887 Hydraulic System, Main Valve",36,B230103007032,Hose,,1,,
SANY p499 L8,7-125,"BCB006449887 Hydraulic System, Main Valve",37,B210780001026,Adapter Fitting,,1,,
SANY p499 L9,7-125,"BCB006449887 Hydraulic System, Main Valve",39,BCB006449886,Cooling System,,1,7-132,
SANY p499 L10,7-125,"BCB006449887 Hydraulic System, Main Valve",40,B210851000016,Clamp,,2,,
SANY p499 L11,7-125,"BCB006449887 Hydraulic System, Main Valve",41,BCB005312930,Oil Tube,,1,,
SANY p499 L12,7-125,"BCB006449887 Hydraulic System, Main Valve",44,BCB005347424,Damping Joint,,1,,
SANY p501 L1,7-127,152300000015 Valve Block,1,152300000064B001,Main Valve Core,,2,,
SANY p501 L2,7-127,152300000015 Valve Block,2,152300000064B002,End Cover AS,,2,,
SANY p501 L3,7-127,152300000015 Valve Block,3,152300000064B003,Safety valve,,1,,
SANY p501 L4,7-127,152300000015 Valve Block,4,152300000064B004,"Valve AS, Pressure Relief",,1,,
SANY p501 L5,7-127,152300000015 Valve Block,5,61020189,Check Valve,,5,,
SANY p501 L6,7-127,152300000015 Valve Block,6,60275748,Directional Solenoid Valve,,5,7-128,
SANY p501 L7,7-127,152300000015 Valve Block,7,60275751,Directional Solenoid Valve,,1,7-130,
SANY p503 L1,7-129,60275748 Directional Solenoid Valve,1,150401020024A001,Coil,,1,,
SANY p503 L2,7-129,60275748 Directional Solenoid Valve,2,150401020024A004,O-ring,,1,,
SANY p503 L3,7-129,60275748 Directional Solenoid Valve,3,150401020024A002,O-ring,,4,,
SANY p505 L1,7-131,60275751 Directional Solenoid Valve,1,150401010041B001,Solenoid Coil,,1,,
SANY p505 L2,7-131,60275751 Directional Solenoid Valve,2,B230101000677,O-ring,,1,,
SANY p507 L1,7-133,BCB006449886 Cooling System,1,B210780000200,Adapter Fitting,,2,,
SANY p507 L2,7-133,BCB006449886 Cooling System,2,60306671,Radiator,Black,1,7-134,
SANY p507 L3,7-133,BCB006449886 Cooling System,2,60306671WD,Radiator,Pure white,,,VARIANT_OF_ROW_ABOVE
SANY p507 L4,7-133,BCB006449886 Cooling System,2,60306671GC,Radiator,Yellow green,,,VARIANT_OF_ROW_ABOVE
SANY p507 L5,7-133,BCB006449886 Cooling System,3,A210314000008,Nut,,2,,
SANY p507 L6,7-133,BCB006449886 Cooling System,4,A210111000297,Bolt,,8,,
SANY p507 L7,7-133,BCB006449886 Cooling System,5,A210401000001,Washer,,8,,
SANY p507 L8,7-133,BCB006449886 Cooling System,6,A210405000011,Washer,,8,,
SANY p507 L9,7-133,BCB006449886 Cooling System,7,12302980,Plate,,2,,
SANY p507 L10,7-133,BCB006449886 Cooling System,8,B210780000131,Adapter Fitting,,2,,
SANY p507 L11,7-133,BCB006449886 Cooling System,9,B210780000036,Adapter Fitting,,1,,
SANY p507 L12,7-133,BCB006449886 Cooling System,10,A210204000184,Screw,,2,,
SANY p507 L13,7-133,BCB006449886 Cooling System,11,A210405000007,Washer,,2,,
SANY p507 L14,7-133,BCB006449886 Cooling System,12,A210401000017,Washer,,2,,
SANY p507 L15,7-133,BCB006449886 Cooling System,13,60277674,Gear Motor,,1,7-136,
SANY p509 L1,7-135,60306671 Radiator,1,151601010022B003,Fan Grille,,1,,
SANY p509 L2,7-135,60306671 Radiator,2,151601010022B001,Housing,,1,,
SANY p509 L3,7-135,60306671 Radiator,3,151601010022B002,Blade AS,,1,,
SANY p509 L4,7-135,60306671 Radiator,4,151601010022B004,Radiator Fin,,1,,
SANY p511 L1,7-137,60277674 Gear Motor,1,150204010018A003,Solenoid valve,,1,,
SANY p511 L2,7-137,60277674 Gear Motor,2,150204010018A002,Solenoid valve coil,,1,,
SANY p511 L3,7-137,60277674 Gear Motor,3,150204010018A001,Oil sealer,,1,,
SANY p513 L1,7-139,BCB006456119 Control Pipeline,1,B210780000015,Tee Joint,,6,,
SANY p513 L2,7-139,BCB006456119 Control Pipeline,2,B230103003875,Hose,,2,,
SANY p513 L3,7-139,BCB006456119 Control Pipeline,3,B210851000001,Clamp,,7,,
SANY p513 L4,7-139,BCB006456119 Control Pipeline,4,60156806,Hose,,1,,
SANY p513 L5,7-139,BCB006456119 Control Pipeline,5,BCB005305634,"Installation, Waterproof Valve",,1,7-146,
SANY p513 L6,7-139,BCB006456119 Control Pipeline,6,B210780000024,Elbow Fitting,,5,,
SANY p513 L7,7-139,BCB006456119 Control Pipeline,7,60210216,Hose,,1,,
SANY p513 L8,7-139,BCB006456119 Control Pipeline,8,21008727,Fitting,,11,,
SANY p513 L9,7-139,BCB006456119 Control Pipeline,9,60195076,FSR Seal Ring,,14,,
SANY p513 L10,7-139,BCB006456119 Control Pipeline,25,60019596,Hose,,3,,
SANY p513 L11,7-139,BCB006456119 Control Pipeline,33,BCB006524171,Oil Tube,,1,,
SANY p515 L1,7-141,BCB006456119 Control Pipeline,1,B210780000015,Tee Joint,,6,,
SANY p515 L2,7-141,BCB006456119 Control Pipeline,6,B210780000024,Elbow Fitting,,5,,
SANY p515 L3,7-141,BCB006456119 Control Pipeline,8,21008727,Fitting,,11,,
SANY p515 L4,7-141,BCB006456119 Control Pipeline,9,60195076,FSR Seal Ring,,14,,
SANY p515 L5,7-141,BCB006456119 Control Pipeline,17,B230103003984,Hose,,1,,
SANY p515 L6,7-141,BCB006456119 Control Pipeline,18,B230103000482,Hose,,1,,
SANY p515 L7,7-141,BCB006456119 Control Pipeline,19,B230103000121,Hose,,1,,
SANY p515 L8,7-141,BCB006456119 Control Pipeline,20,B210780000636,Elbow Fitting,,1,,
SANY p515 L9,7-141,BCB006456119 Control Pipeline,21,21030627,Hose,,1,,
SANY p515 L10,7-141,BCB006456119 Control Pipeline,26,B230103003877,Hose,,3,,
SANY p517 L1,7-143,BCB006456119 Control Pipeline,3,B210851000001,Clamp,,7,,
SANY p517 L2,7-143,BCB006456119 Control Pipeline,8,21008727,Fitting,,11,,
SANY p517 L3,7-143,BCB006456119 Control Pipeline,9,60195076,FSR Seal Ring,,14,,
SANY p517 L4,7-143,BCB006456119 Control Pipeline,10,B210780000036,Adapter Fitting,,9,,
SANY p517 L5,7-143,BCB006456119 Control Pipeline,11,BCB006447880,Oil Tube,,1,,
SANY p517 L6,7-143,BCB006456119 Control Pipeline,12,60253600,Clamp,,10,,
SANY p517 L7,7-143,BCB006456119 Control Pipeline,13,BCB006446889,Oil Tube,,1,,
SANY p517 L8,7-143,BCB006456119 Control Pipeline,14,BCB006449891,Oil Tube,,1,,
SANY p517 L9,7-143,BCB006456119 Control Pipeline,15,BCB006524347,Oil Tube,,1,,
SANY p517 L10,7-143,BCB006456119 Control Pipeline,16,BCB006524344,Oil Tube,,1,,
SANY p517 L11,7-143,BCB006456119 Control Pipeline,26,B230103003877,Hose,,3,,
SANY p519 L1,7-145,BCB006456119 Control Pipeline,1,B210780000015,Tee Joint,,6,,
SANY p519 L2,7-145,BCB006456119 Control Pipeline,6,B210780000024,Elbow Fitting,,5,,
SANY p519 L3,7-145,BCB006456119 Control Pipeline,8,21008727,Fitting,,11,,
SANY p519 L4,7-145,BCB006456119 Control Pipeline,9,60195076,FSR Seal Ring,,14,,
SANY p519 L5,7-145,BCB006456119 Control Pipeline,10,B210780000036,Adapter Fitting,,9,,
SANY p519 L6,7-145,BCB006456119 Control Pipeline,22,60236041,Hose,,1,,
SANY p519 L7,7-145,BCB006456119 Control Pipeline,23,60340278,Hose,,1,,
SANY p519 L8,7-145,BCB006456119 Control Pipeline,24,B210780000631,Tee Joint,,2,,
SANY p519 L9,7-145,BCB006456119 Control Pipeline,25,60019596,Hose,,3,,
SANY p519 L10,7-145,BCB006456119 Control Pipeline,26,B230103003877,Hose,,3,,
SANY p519 L11,7-145,BCB006456119 Control Pipeline,27,B210780001748,Pressure-measuring Fitting,,1,,
SANY p519 L12,7-145,BCB006456119 Control Pipeline,28,60122597,Pressure Relief Valve GP,,1,,
SANY p519 L13,7-145,BCB006456119 Control Pipeline,29,60156805,Hose,,1,,
SANY p519 L14,7-145,BCB006456119 Control Pipeline,30,B210780000201,Screw Plug,,1,,
SANY p519 L15,7-145,BCB006456119 Control Pipeline,31,60088705,Hose,,1,,
SANY p519 L16,7-145,BCB006456119 Control Pipeline,32,14296953,Piston-exit Control Valve GP,,1,7-148,
SANY p521 L1,7-147,"BCB005305634 Installation, Waterproof Valve",1,152300000013,Waterproof Valve,,1,,
SANY p521 L2,7-147,"BCB005305634 Installation, Waterproof Valve",2,B210780000036,Adapter Fitting,,1,,
SANY p521 L3,7-147,"BCB005305634 Installation, Waterproof Valve",3,B210780000012,Adapter Fitting,,1,,
SANY p521 L4,7-147,"BCB005305634 Installation, Waterproof Valve",4,A220401000753,Ball Valve,,1,,
SANY p521 L5,7-147,"BCB005305634 Installation, Waterproof Valve",5,B210780001749,Pressure-measuring Fitting,,1,,
SANY p521 L6,7-147,"BCB005305634 Installation, Waterproof Valve",6,A229900002434,Fitting,,2,,
SANY p521 L7,7-147,"BCB005305634 Installation, Waterproof Valve",7,11036715,"Drainage Pipe, Waterproof Valve",,1,,
SANY p521 L8,7-147,"BCB005305634 Installation, Waterproof Valve",8,60185722,Filter Fitting,,1,,
SANY p523 L1,7-149,14296953 Piston-exit Control Valve GP,1,A820103010849,Cylinder Control Valve Block,,1,,
SANY p523 L2,7-149,14296953 Piston-exit Control Valve GP,2,60283589,Directional Solenoid Valve,,1,7-150,
SANY p523 L3,7-149,14296953 Piston-exit Control Valve GP,3,A210204000168,Screw,,4,,
SANY p523 L4,7-149,14296953 Piston-exit Control Valve GP,4,B210780000201,Screw Plug,,1,,
SANY p525 L1,7-151,60283589 Directional Solenoid Valve,1,150401020024A002,O-ring,,4,,
SANY p525 L2,7-151,60283589 Directional Solenoid Valve,2,150401020024A001,Coil,,2,,
SANY p525 L3,7-151,60283589 Directional Solenoid Valve,3,150401020024A004,O-ring,,2,,
SANY p527 L1,7-153,"BCB006449889 Hydraulic System, Main Cylinder",1,A210609000387,O-ring,,2,,
SANY p527 L2,7-153,"BCB006449889 Hydraulic System, Main Cylinder",2,B210780000036,Adapter Fitting,,4,,
SANY p527 L3,7-153,"BCB006449889 Hydraulic System, Main Cylinder",3,13315059,Flange,,1,,
SANY p527 L4,7-153,"BCB006449889 Hydraulic System, Main Cylinder",4,A210204000216,Screw,,8,,
SANY p527 L5,7-153,"BCB006449889 Hydraulic System, Main Cylinder",5,13315050,Flange,,1,,
SANY p527 L6,7-153,"BCB006449889 Hydraulic System, Main Cylinder",6,13300439,Oil Feeding Valve,,4,,
SANY p527 L7,7-153,"BCB006449889 Hydraulic System, Main Cylinder",7,13169433,Protective Cover GP,,2,,
SANY p527 L8,7-153,"BCB006449889 Hydraulic System, Main Cylinder",8,B230103003914,Hose,,2,,
SANY p527 L9,7-153,"BCB006449889 Hydraulic System, Main Cylinder",9,11737448,Cylinder Connection Valve,,1,7-154,
SANY p527 L10,7-153,"BCB006449889 Hydraulic System, Main Cylinder",10,B210780000636,Elbow Fitting,,2,,
SANY p527 L11,7-153,"BCB006449889 Hydraulic System, Main Cylinder",11,A820205002338,Damping Joint,,2,,
SANY p527 L12,7-153,"BCB006449889 Hydraulic System, Main Cylinder",12,24002742,O-RING,,2,,
SANY p527 L13,7-153,"BCB006449889 Hydraulic System, Main Cylinder",13,A210204000250,Screw,,8,,
SANY p527 L14,7-153,"BCB006449889 Hydraulic System, Main Cylinder",14,B210780000015,Tee Joint,,1,,
SANY p527 L15,7-153,"BCB006449889 Hydraulic System, Main Cylinder",15,B230103000474,Hose,,1,,
SANY p529 L1,7-155,11737448 Cylinder Connection Valve,1,11701629,Cylinder Connection Valve Block,,1,,
SANY p529 L2,7-155,11737448 Cylinder Connection Valve,2,12004486,Check Valve Core AS,,2,7-156,
SANY p529 L3,7-155,11737448 Cylinder Connection Valve,3,11696403,Check Valve Spring,,2,,
SANY p529 L4,7-155,11737448 Cylinder Connection Valve,4,A210609000321,O-RING,,2,,
SANY p529 L5,7-155,11737448 Cylinder Connection Valve,5,11706258,Check Valve Cover Plate,,2,,
SANY p529 L6,7-155,11737448 Cylinder Connection Valve,6,A210204000233,Screw,,8,,
SANY p531 L1,7-157,12004486 Check Valve Core AS,1,11662442,Check Valve Core,,1,,
SANY p531 L2,7-157,12004486 Check Valve Core AS,2,B230101000191,OK Seal Ring,,1,,
SANY p533 L1,7-159,"BCB006525279 Hydraulic System, Auxiliary Beam",1,BCB006593887,"Hydraulic System, Swing Cylinder",,1,7-162,
SANY p533 L2,7-159,"BCB006525279 Hydraulic System, Auxiliary Beam",2,BCB006594025,"Hydraulic System, Mixing System",,1,7-180,
SANY p533 L3,7-159,"BCB006525279 Hydraulic System, Auxiliary Beam",3,BCB006525262,"Hydraulic System, Lubrication Unit",,1,7-184,
SANY p535 L1,7-161,"BCB006525279 Hydraulic System, Auxiliary Beam",4,BCB006594062,"Hydraulic System, Gear Pump",,1,7-186,
SANY p537 L1,7-163,"BCB006593887 Hydraulic System, Swing Cylinder",1,BCB005199841,Accumulator AS,,1,7-170,
SANY p537 L2,7-163,"BCB006593887 Hydraulic System, Swing Cylinder",2,60240396,Piezometer Hose,,1,,
SANY p537 L3,7-163,"BCB006593887 Hydraulic System, Swing Cylinder",3,B250202000006,Pressure Gauge,,1,,
SANY p537 L4,7-163,"BCB006593887 Hydraulic System, Swing Cylinder",4,B210780000029,Elbow Fitting,,1,,
SANY p537 L5,7-163,"BCB006593887 Hydraulic System, Swing Cylinder",5,B230103008010,Hose,,1,,
SANY p537 L6,7-163,"BCB006593887 Hydraulic System, Swing Cylinder",6,BCB006916642,Swing Valve AS,,1,7-176,
SANY p537 L7,7-163,"BCB006593887 Hydraulic System, Swing Cylinder",7,21032658,60 Degree Taper Sleeve Joint,,2,,
SANY p537 L8,7-163,"BCB006593887 Hydraulic System, Swing Cylinder",8,151008210251A,Hose,,2,,
SANY p537 L9,7-163,"BCB006593887 Hydraulic System, Swing Cylinder",9,A229900006484,Adapter Fitting,,2,,
SANY p539 L1,7-165,"BCB006593887 Hydraulic System, Swing Cylinder",7,21032658,60 Degree Taper Sleeve Joint,,2,,
SANY p539 L2,7-165,"BCB006593887 Hydraulic System, Swing Cylinder",10,B230103003511,Hose,,1,,
SANY p539 L3,7-165,"BCB006593887 Hydraulic System, Swing Cylinder",11,21008728,Adapter,,4,,
SANY p539 L4,7-165,"BCB006593887 Hydraulic System, Swing Cylinder",12,60195078,FSR Seal Ring,,5,,
SANY p539 L5,7-165,"BCB006593887 Hydraulic System, Swing Cylinder",13,A229900002420,Clamp,,12,,
SANY p539 L6,7-165,"BCB006593887 Hydraulic System, Swing Cylinder",14,A820205001264,Oil Filter Fitting,,2,,
SANY p539 L7,7-165,"BCB006593887 Hydraulic System, Swing Cylinder",15,B230103007878,Hose,,1,,
SANY p539 L8,7-165,"BCB006593887 Hydraulic System, Swing Cylinder",16,B210780001310,Elbow Fitting,,1,,
SANY p539 L9,7-165,"BCB006593887 Hydraulic System, Swing Cylinder",17,60283939,High-pressure Filter,,1,7-178,
SANY p539 L10,7-165,"BCB006593887 Hydraulic System, Swing Cylinder",18,A210111000101,Bolt,,1,,
SANY p539 L11,7-165,"BCB006593887 Hydraulic System, Swing Cylinder",19,B250202000005,Pressure Gauge,,1,,
SANY p539 L12,7-165,"BCB006593887 Hydraulic System, Swing Cylinder",20,60251255,Piezometer Hose,,1,,
SANY p539 L13,7-165,"BCB006593887 Hydraulic System, Swing Cylinder",21,B230103003978,Hose,,1,,
SANY p539 L14,7-165,"BCB006593887 Hydraulic System, Swing Cylinder",22,B210780000015,Tee Joint,,1,,
SANY p539 L15,7-165,"BCB006593887 Hydraulic System, Swing Cylinder",32,BCB006545160,Oil Tube,,1,,
SANY p541 L1,7-167,"BCB006593887 Hydraulic System, Swing Cylinder",23,B210780000052,Adapter Fitting,,3,,
SANY p541 L2,7-167,"BCB006593887 Hydraulic System, Swing Cylinder",24,13106648,Hose,,1,,
SANY p541 L3,7-167,"BCB006593887 Hydraulic System, Swing Cylinder",25,12127381,Upper Clamp,,6,,
SANY p541 L4,7-167,"BCB006593887 Hydraulic System, Swing Cylinder",26,12127357,Lower Clamp,,6,,
SANY p541 L5,7-167,"BCB006593887 Hydraulic System, Swing Cylinder",27,151008210876A,Hose,,1,,
SANY p541 L6,7-167,"BCB006593887 Hydraulic System, Swing Cylinder",30,BCB006550379,Oil Tube,,1,,
SANY p543 L1,7-169,"BCB006593887 Hydraulic System, Swing Cylinder",11,21008728,Adapter,,4,,
SANY p543 L2,7-169,"BCB006593887 Hydraulic System, Swing Cylinder",12,60195078,FSR Seal Ring,,5,,
SANY p543 L3,7-169,"BCB006593887 Hydraulic System, Swing Cylinder",13,A229900002420,Clamp,,12,,
SANY p543 L4,7-169,"BCB006593887 Hydraulic System, Swing Cylinder",23,B210780000052,Adapter Fitting,,3,,
SANY p543 L5,7-169,"BCB006593887 Hydraulic System, Swing Cylinder",28,A820205000022,Articulated Bolt,,1,,
SANY p543 L6,7-169,"BCB006593887 Hydraulic System, Swing Cylinder",29,BCB006441425,Oil Tube,,1,,
SANY p543 L7,7-169,"BCB006593887 Hydraulic System, Swing Cylinder",31,21002856,Adapter Fitting,,1,,
SANY p543 L8,7-169,"BCB006593887 Hydraulic System, Swing Cylinder",33,151006160011,Hose,,1,,
SANY p543 L9,7-169,"BCB006593887 Hydraulic System, Swing Cylinder",34,13044306,Hose,,1,,
SANY p543 L10,7-169,"BCB006593887 Hydraulic System, Swing Cylinder",35,60019593,Hose,,1,,
SANY p543 L11,7-169,"BCB006593887 Hydraulic System, Swing Cylinder",36,B210780001007,Tee Joint,,1,,
SANY p545 L1,7-171,BCB005199841 Accumulator AS,1,A820606010001,Pad,,1,,
SANY p545 L2,7-171,BCB005199841 Accumulator AS,2,B229900003708,Accumulator,,1,7-172,
SANY p545 L3,7-171,BCB005199841 Accumulator AS,3,B230101001046,O-ring,,1,,
SANY p545 L4,7-171,BCB005199841 Accumulator AS,4,A820205001687,Accumulator Fitting,,1,,
SANY p545 L5,7-171,BCB005199841 Accumulator AS,5,B230101000348,O-ring,,1,,
SANY p547 L1,7-173,B229900003708 Accumulator,1,151702000010C010,Accumulator Capsule AS,,1,7-174,
SANY p547 L2,7-173,B229900003708 Accumulator,2,151702000010C009,O-ring,,1,,
SANY p547 L3,7-173,B229900003708 Accumulator,3,151702000010C008,Retainer Ring,,1,,
SANY p547 L4,7-173,B229900003708 Accumulator,4,151702000010C007,O-ring,,1,,
SANY p547 L5,7-173,B229900003708 Accumulator,5,151702000010C012,Rubber Washer,,1,,
SANY p547 L6,7-173,B229900003708 Accumulator,6,151702000010C006,Filling Valve,,1,,
SANY p549 L1,7-175,151702000010C010 Accumulator Capsule AS,1,151702000010C005,"Gap,Intake Valve",,1,,
SANY p549 L2,7-175,151702000010C010 Accumulator Capsule AS,2,151702000010C004,Intake Valve,,1,,
SANY p549 L3,7-175,151702000010C010 Accumulator Capsule AS,3,151702000010C011,Accumulator Capsule,,1,,
SANY p551 L1,7-177,BCB006916642 Swing Valve AS,1,152301000320B,Swing Valve,,1,,
SANY p551 L2,7-177,BCB006916642 Swing Valve AS,2,B210780000053,Adapter Fitting,,2,,
SANY p551 L3,7-177,BCB006916642 Swing Valve AS,3,B210780000051,Adapter Fitting,,1,,
SANY p551 L4,7-177,BCB006916642 Swing Valve AS,4,A229900002892,Adapter Fitting,,1,,
SANY p551 L5,7-177,BCB006916642 Swing Valve AS,5,B210780000036,Adapter Fitting,,1,,
SANY p551 L6,7-177,BCB006916642 Swing Valve AS,6,B210780000131,Adapter Fitting,,6,,
SANY p551 L7,7-177,BCB006916642 Swing Valve AS,7,B210780000631,Tee Joint,,1,,
SANY p551 L8,7-177,BCB006916642 Swing Valve AS,8,B210780000733,Adapter Fitting,,1,,
SANY p553 L1,7-179,60283939 High-pressure Filter,1,151501000052A001,Signaler,,1,,
SANY p553 L2,7-179,60283939 High-pressure Filter,2,60283940,Hydraulic Filter Core,,1,,
SANY p553 L3,7-179,60283939 High-pressure Filter,3,151501000052A003,O-ring,,1,,
SANY p553 L4,7-179,60283939 High-pressure Filter,4,151501000052A004,Retainer Ring,,1,,
SANY p555 L1,7-181,"BCB006594025 Hydraulic System, Mixing System",1,A820205000197,Fitting,,1,,
SANY p555 L2,7-181,"BCB006594025 Hydraulic System, Mixing System",2,60098744,Adapter Fitting,,2,,
SANY p555 L3,7-181,"BCB006594025 Hydraulic System, Mixing System",3,B230103003978,Hose,,1,,
SANY p555 L4,7-181,"BCB006594025 Hydraulic System, Mixing System",4,151006160011,Hose,,2,,
SANY p555 L5,7-181,"BCB006594025 Hydraulic System, Mixing System",5,12922615,Hose,,1,,
SANY p555 L6,7-181,"BCB006594025 Hydraulic System, Mixing System",6,12638346,Mounting Plate,Sany yellow,1,,
SANY p555 L7,7-181,"BCB006594025 Hydraulic System, Mixing System",6,12638346WD,"Plate, set",Pure white,,,VARIANT_OF_ROW_ABOVE
SANY p555 L8,7-181,"BCB006594025 Hydraulic System, Mixing System",6,12638346GC,"Plate, set",Yellow green,,,VARIANT_OF_ROW_ABOVE
SANY p555 L9,7-181,"BCB006594025 Hydraulic System, Mixing System",7,B210780000157,Bulkhead Fitting,,4,,
SANY p555 L10,7-181,"BCB006594025 Hydraulic System, Mixing System",8,B210780000245,Bulkhead Fitting,,2,,
SANY p555 L11,7-181,"BCB006594025 Hydraulic System, Mixing System",9,12923155,Hose,,1,,
SANY p555 L12,7-181,"BCB006594025 Hydraulic System, Mixing System",10,B230103004932,Hose,,1,,
SANY p555 L13,7-181,"BCB006594025 Hydraulic System, Mixing System",11,B230103004053,Hose,,1,,
SANY p555 L14,7-181,"BCB006594025 Hydraulic System, Mixing System",12,151006160090A,Hose,,1,,
SANY p555 L15,7-181,"BCB006594025 Hydraulic System, Mixing System",13,13382590,Hose,,1,,
SANY p555 L16,7-181,"BCB006594025 Hydraulic System, Mixing System",14,B210780001278,Reducer Union,,1,,
SANY p555 L17,7-181,"BCB006594025 Hydraulic System, Mixing System",27,B210780001394,Adapter Fitting,,1,,
SANY p555 L18,7-181,"BCB006594025 Hydraulic System, Mixing System",28,60050358,BALL VALVE,,1,,
SANY p557 L1,7-183,"BCB006594025 Hydraulic System, Mixing System",3,B230103003978,Hose,,1,,
SANY p557 L2,7-183,"BCB006594025 Hydraulic System, Mixing System",12,151006160090A,Hose,,1,,
SANY p557 L3,7-183,"BCB006594025 Hydraulic System, Mixing System",15,A229900002420,Clamp,,2,,
SANY p557 L4,7-183,"BCB006594025 Hydraulic System, Mixing System",16,A229900006820,Clamp,,4,,
SANY p557 L5,7-183,"BCB006594025 Hydraulic System, Mixing System",17,151006160087A,Hose,,1,,
SANY p557 L6,7-183,"BCB006594025 Hydraulic System, Mixing System",18,BCB006441470,Oil Tube,,1,,
SANY p557 L7,7-183,"BCB006594025 Hydraulic System, Mixing System",19,60195078,FSR Seal Ring,,4,,
SANY p557 L8,7-183,"BCB006594025 Hydraulic System, Mixing System",20,21008728,Adapter,,4,,
SANY p557 L9,7-183,"BCB006594025 Hydraulic System, Mixing System",21,B230103000968,Hose,,1,,
SANY p557 L10,7-183,"BCB006594025 Hydraulic System, Mixing System",22,21015733,Adapter Fitting,,1,,
SANY p557 L11,7-183,"BCB006594025 Hydraulic System, Mixing System",23,B230103003511,Hose,,1,,
SANY p557 L12,7-183,"BCB006594025 Hydraulic System, Mixing System",24,BCB006441477,Oil Tube,,1,,
SANY p557 L13,7-183,"BCB006594025 Hydraulic System, Mixing System",25,B210780001310,Elbow Fitting,,1,,
SANY p557 L14,7-183,"BCB006594025 Hydraulic System, Mixing System",26,B210780001007,Tee Joint,,1,,
SANY p559 L1,7-185,"BCB006525262 Hydraulic System, Lubrication Unit",1,B210780000733,Adapter Fitting,,2,,
SANY p559 L2,7-185,"BCB006525262 Hydraulic System, Lubrication Unit",2,B210780000036,Adapter Fitting,,2,,
SANY p559 L3,7-185,"BCB006525262 Hydraulic System, Lubrication Unit",3,B230103003858,Hose,,1,,
SANY p559 L4,7-185,"BCB006525262 Hydraulic System, Lubrication Unit",4,151003160001,Hose,,1,,
SANY p559 L5,7-185,"BCB006525262 Hydraulic System, Lubrication Unit",5,B210780000015,Tee Joint,,2,,
SANY p559 L6,7-185,"BCB006525262 Hydraulic System, Lubrication Unit",6,151003210011,Hose,,2,,
SANY p561 L1,7-187,"BCB006594062 Hydraulic System, Gear Pump",1,B210780001181,Adapter Fitting,,1,,
SANY p561 L2,7-187,"BCB006594062 Hydraulic System, Gear Pump",2,B230103005273,Hose,,1,,
SANY p561 L3,7-187,"BCB006594062 Hydraulic System, Gear Pump",3,B230103001953,Hose,,1,,
SANY p561 L4,7-187,"BCB006594062 Hydraulic System, Gear Pump",4,B210780001241,Elbow Fitting,,1,,
SANY p561 L5,7-187,"BCB006594062 Hydraulic System, Gear Pump",5,B210780001380,Bulkhead Fitting,,1,,
SANY p561 L6,7-187,"BCB006594062 Hydraulic System, Gear Pump",6,B230103007709,Hose,,1,,
SANY p561 L7,7-187,"BCB006594062 Hydraulic System, Gear Pump",7,B210780001310,Elbow Fitting,,1,,
SANY p561 L8,7-187,"BCB006594062 Hydraulic System, Gear Pump",8,BCB005497904,Dual-gear Pump AS,,1,7-188,
SANY p563 L1,7-189,BCB005497904 Dual-gear Pump AS,1,60247288,Dual-gear Pump Set,,1,,
SANY p563 L2,7-189,BCB005497904 Dual-gear Pump AS,2,A210609000353,O-ring,,1,,
SANY p563 L3,7-189,BCB005497904 Dual-gear Pump AS,3,A820203002137,Flange,,1,,
SANY p563 L4,7-189,BCB005497904 Dual-gear Pump AS,4,A210204000020,Screw,,4,,
SANY p563 L5,7-189,BCB005497904 Dual-gear Pump AS,5,A210609000003,O-ring,,1,,
SANY p563 L6,7-189,BCB005497904 Dual-gear Pump AS,6,A820205000260,Motor Flange,,2,,
SANY p563 L7,7-189,BCB005497904 Dual-gear Pump AS,7,A210405000001,Washer,,2,,
SANY p563 L8,7-189,BCB005497904 Dual-gear Pump AS,8,A210111000101,Bolt,,2,,
SANY p563 L9,7-189,BCB005497904 Dual-gear Pump AS,9,A210204000354,Screw,,8,,
SANY p565 L1,7-191,"BCB006593349 Hydraulic System, Outrigger",1,BCB006508704,"Hydraulic System, Outrigger Multiple Unit Valve",,1,7-194,
SANY p565 L2,7-191,"BCB006593349 Hydraulic System, Outrigger",2,BCB005302335,"Hydraulic System, Left Rear Outrigger",,1,7-214,
SANY p565 L3,7-191,"BCB006593349 Hydraulic System, Outrigger",3,BCB005303147,"Hydraulic System, Right Rear Outrigger",,1,7-216,
SANY p567 L1,7-193,"BCB006593349 Hydraulic System, Outrigger",4,BCB005303145,"Hydraulic System, Left Front Outrigger",,1,7-218,
SANY p567 L2,7-193,"BCB006593349 Hydraulic System, Outrigger",5,BCB005303168,"Hydraulic System, Right Front Outrigger",,1,7-220,
SANY p567 L3,7-193,"BCB006593349 Hydraulic System, Outrigger",6,BCB005720278,"Hydraulic System, Combined Cylinder",,2,7-222,
SANY p567 L4,7-193,"BCB006593349 Hydraulic System, Outrigger",7,BCB006593007,"Hydraulic System, Outrigger Accessories",,1,7-224,
SANY p569 L1,7-195,"BCB006508704 Hydraulic System, Outrigger Multiple Unit Valve",1,BCB005303322,Oil Tube,Sany yellow,1,,
SANY p569 L2,7-195,"BCB006508704 Hydraulic System, Outrigger Multiple Unit Valve",2,BCB005303318,Oil Tube,Sany yellow,1,,
SANY p569 L3,7-195,"BCB006508704 Hydraulic System, Outrigger Multiple Unit Valve",3,BCB005303316,Oil Tube,Sany yellow,1,,
SANY p569 L4,7-195,"BCB006508704 Hydraulic System, Outrigger Multiple Unit Valve",4,BCB006571526,"Valve GP, Outrigger Control",,2,7-206,
SANY p569 L5,7-195,"BCB006508704 Hydraulic System, Outrigger Multiple Unit Valve",5,60253602,Clamp,,6,,
SANY p569 L6,7-195,"BCB006508704 Hydraulic System, Outrigger Multiple Unit Valve",6,BCB005303312,Oil Tube,Sany yellow,1,,
SANY p569 L7,7-195,"BCB006508704 Hydraulic System, Outrigger Multiple Unit Valve",7,B210780001183,Fitting,,12,,
SANY p569 L8,7-195,"BCB006508704 Hydraulic System, Outrigger Multiple Unit Valve",8,60255337,Hose Protective Sleeve,,2,,
SANY p569 L9,7-195,"BCB006508704 Hydraulic System, Outrigger Multiple Unit Valve",9,B230103000090,Hose,,4,,
SANY p569 L10,7-195,"BCB006508704 Hydraulic System, Outrigger Multiple Unit Valve",10,B230103004635,Hose,,4,,
SANY p569 L11,7-195,"BCB006508704 Hydraulic System, Outrigger Multiple Unit Valve",11,60113023,Hose Protective Sleeve,,2,,
SANY p569 L12,7-195,"BCB006508704 Hydraulic System, Outrigger Multiple Unit Valve",12,B210780000024,Elbow Fitting,,6,,
SANY p569 L13,7-195,"BCB006508704 Hydraulic System, Outrigger Multiple Unit Valve",13,B210780000037,Adapter Fitting,,16,,
SANY p569 L14,7-195,"BCB006508704 Hydraulic System, Outrigger Multiple Unit Valve",14,13603164,Oil Tube,Sany yellow,2,,
SANY p569 L15,7-195,"BCB006508704 Hydraulic System, Outrigger Multiple Unit Valve",15,60056150,Hydraulic Lock,,2,7-210,
SANY p569 L16,7-195,"BCB006508704 Hydraulic System, Outrigger Multiple Unit Valve",16,A820301010402,Articulated Bolt,,2,,
SANY p569 L17,7-195,"BCB006508704 Hydraulic System, Outrigger Multiple Unit Valve",17,60195076,FSR Seal Ring,,34,,
SANY p571 L1,7-197,"BCB006508704 Hydraulic System, Outrigger Multiple Unit Valve",17,60195076,FSR Seal Ring,,34,,
SANY p571 L2,7-197,"BCB006508704 Hydraulic System, Outrigger Multiple Unit Valve",18,B210780000746,Adapter Fitting,,2,,
SANY p571 L3,7-197,"BCB006508704 Hydraulic System, Outrigger Multiple Unit Valve",19,11746748,Hose,,1,,
SANY p571 L4,7-197,"BCB006508704 Hydraulic System, Outrigger Multiple Unit Valve",20,B230103000308,Hose,,1,,
SANY p571 L5,7-197,"BCB006508704 Hydraulic System, Outrigger Multiple Unit Valve",21,BCB006952650,Oil Tube,,1,,
SANY p571 L6,7-197,"BCB006508704 Hydraulic System, Outrigger Multiple Unit Valve",22,BCB006951909,Oil Tube,,1,,
SANY p571 L7,7-197,"BCB006508704 Hydraulic System, Outrigger Multiple Unit Valve",23,BCB006951844,Oil Tube,,1,,
SANY p571 L8,7-197,"BCB006508704 Hydraulic System, Outrigger Multiple Unit Valve",24,BCB006951974,Oil Tube,,1,,
SANY p571 L9,7-197,"BCB006508704 Hydraulic System, Outrigger Multiple Unit Valve",25,14227120,"Connector Seat, Four-hole",,1,,
SANY p571 L10,7-197,"BCB006508704 Hydraulic System, Outrigger Multiple Unit Valve",26,B210780000115,Bulkhead Fitting,,10,,
SANY p573 L1,7-199,"BCB006508704 Hydraulic System, Outrigger Multiple Unit Valve",4,BCB006571526,"Valve GP, Outrigger Control",,2,7-206,
SANY p573 L2,7-199,"BCB006508704 Hydraulic System, Outrigger Multiple Unit Valve",5,60253602,Clamp,,6,,
SANY p573 L3,7-199,"BCB006508704 Hydraulic System, Outrigger Multiple Unit Valve",7,B210780001183,Fitting,,12,,
SANY p573 L4,7-199,"BCB006508704 Hydraulic System, Outrigger Multiple Unit Valve",8,60255337,Hose Protective Sleeve,,2,,
SANY p573 L5,7-199,"BCB006508704 Hydraulic System, Outrigger Multiple Unit Valve",9,B230103000090,Hose,,4,,
SANY p573 L6,7-199,"BCB006508704 Hydraulic System, Outrigger Multiple Unit Valve",10,B230103004635,Hose,,4,,
SANY p573 L7,7-199,"BCB006508704 Hydraulic System, Outrigger Multiple Unit Valve",11,60113023,Hose Protective Sleeve,,2,,
SANY p573 L8,7-199,"BCB006508704 Hydraulic System, Outrigger Multiple Unit Valve",12,B210780000024,Elbow Fitting,,6,,
SANY p573 L9,7-199,"BCB006508704 Hydraulic System, Outrigger Multiple Unit Valve",13,B210780000037,Adapter Fitting,,16,,
SANY p573 L10,7-199,"BCB006508704 Hydraulic System, Outrigger Multiple Unit Valve",14,13603164,Oil Tube,Sany yellow,2,,
SANY p573 L11,7-199,"BCB006508704 Hydraulic System, Outrigger Multiple Unit Valve",15,60056150,Hydraulic Lock,,2,7-210,
SANY p573 L12,7-199,"BCB006508704 Hydraulic System, Outrigger Multiple Unit Valve",16,A820301010402,Articulated Bolt,,2,,
SANY p573 L13,7-199,"BCB006508704 Hydraulic System, Outrigger Multiple Unit Valve",17,60195076,FSR Seal Ring,,34,,
SANY p573 L14,7-199,"BCB006508704 Hydraulic System, Outrigger Multiple Unit Valve",27,12585103,Bent Plate,,1,,
SANY p573 L15,7-199,"BCB006508704 Hydraulic System, Outrigger Multiple Unit Valve",28,BCB007028211,Oil Tube,,1,,
SANY p573 L16,7-199,"BCB006508704 Hydraulic System, Outrigger Multiple Unit Valve",29,BCB007028209,Oil Tube,,1,,
SANY p573 L17,7-199,"BCB006508704 Hydraulic System, Outrigger Multiple Unit Valve",30,BCB007028212,Oil Tube,,1,,
SANY p573 L18,7-199,"BCB006508704 Hydraulic System, Outrigger Multiple Unit Valve",31,BCB007028205,Oil Tube,,1,,
SANY p575 L1,7-201,"BCB006508704 Hydraulic System, Outrigger Multiple Unit Valve",17,60195076,FSR Seal Ring,,34,,
SANY p575 L2,7-201,"BCB006508704 Hydraulic System, Outrigger Multiple Unit Valve",18,B210780000746,Adapter Fitting,,2,,
SANY p575 L3,7-201,"BCB006508704 Hydraulic System, Outrigger Multiple Unit Valve",26,B210780000115,Bulkhead Fitting,,10,,
SANY p575 L4,7-201,"BCB006508704 Hydraulic System, Outrigger Multiple Unit Valve",32,B230103002384,Hose,,1,,
SANY p575 L5,7-201,"BCB006508704 Hydraulic System, Outrigger Multiple Unit Valve",33,BCB006952814,Oil Tube,,1,,
SANY p575 L6,7-201,"BCB006508704 Hydraulic System, Outrigger Multiple Unit Valve",34,B210780000016,Tee Joint,,1,,
SANY p575 L7,7-201,"BCB006508704 Hydraulic System, Outrigger Multiple Unit Valve",35,BCB006952741,Oil Tube,,1,,
SANY p575 L8,7-201,"BCB006508704 Hydraulic System, Outrigger Multiple Unit Valve",36,BCB006952882,Oil Tube,,1,,
SANY p575 L9,7-201,"BCB006508704 Hydraulic System, Outrigger Multiple Unit Valve",37,BCB006953162,Oil Tube,,1,,
SANY p575 L10,7-201,"BCB006508704 Hydraulic System, Outrigger Multiple Unit Valve",38,BCB006952952,Oil Tube,,1,,
SANY p575 L11,7-201,"BCB006508704 Hydraulic System, Outrigger Multiple Unit Valve",39,14231004,"Connector Plate, Six-hole",,1,,
SANY p577 L1,7-203,"BCB006508704 Hydraulic System, Outrigger Multiple Unit Valve",12,B210780000024,Elbow Fitting,,6,,
SANY p577 L2,7-203,"BCB006508704 Hydraulic System, Outrigger Multiple Unit Valve",13,B210780000037,Adapter Fitting,,16,,
SANY p577 L3,7-203,"BCB006508704 Hydraulic System, Outrigger Multiple Unit Valve",40,60126767,Triple Hose,,2,,
SANY p577 L4,7-203,"BCB006508704 Hydraulic System, Outrigger Multiple Unit Valve",41,21008727,Fitting,,4,,
SANY p577 L5,7-203,"BCB006508704 Hydraulic System, Outrigger Multiple Unit Valve",42,A239900000066,"Strap, Nylon",,2,,
SANY p577 L6,7-203,"BCB006508704 Hydraulic System, Outrigger Multiple Unit Valve",43,10888719,Fitting,,4,,
SANY p577 L7,7-203,"BCB006508704 Hydraulic System, Outrigger Multiple Unit Valve",44,10984687,Guide Wheel,,2,7-212,
SANY p577 L8,7-203,"BCB006508704 Hydraulic System, Outrigger Multiple Unit Valve",45,60323896,Hydraulic Lock,,2,,
SANY p577 L9,7-203,"BCB006508704 Hydraulic System, Outrigger Multiple Unit Valve",46,A210401000001,Washer,,8,,
SANY p577 L10,7-203,"BCB006508704 Hydraulic System, Outrigger Multiple Unit Valve",47,60031864,Reel,,1,,
SANY p577 L11,7-203,"BCB006508704 Hydraulic System, Outrigger Multiple Unit Valve",48,A210204000181,Screw,,8,,
SANY p577 L12,7-203,"BCB006508704 Hydraulic System, Outrigger Multiple Unit Valve",49,B210780000847,Adapter Fitting,,4,,
SANY p577 L13,7-203,"BCB006508704 Hydraulic System, Outrigger Multiple Unit Valve",50,11142092,Lock Plate,,2,,
SANY p577 L14,7-203,"BCB006508704 Hydraulic System, Outrigger Multiple Unit Valve",51,B210780000176,Adapter Fitting,,4,,
SANY p577 L15,7-203,"BCB006508704 Hydraulic System, Outrigger Multiple Unit Valve",52,A210204000130,Screw,,8,,
SANY p577 L16,7-203,"BCB006508704 Hydraulic System, Outrigger Multiple Unit Valve",53,A210405000011,Washer,,8,,
SANY p577 L17,7-203,"BCB006508704 Hydraulic System, Outrigger Multiple Unit Valve",54,11144485,"Mounting Plate, Reel",,2,,
SANY p579 L1,7-205,"BCB006508704 Hydraulic System, Outrigger Multiple Unit Valve",12,B210780000024,Elbow Fitting,,6,,
SANY p579 L2,7-205,"BCB006508704 Hydraulic System, Outrigger Multiple Unit Valve",13,B210780000037,Adapter Fitting,,16,,
SANY p579 L3,7-205,"BCB006508704 Hydraulic System, Outrigger Multiple Unit Valve",40,60126767,Triple Hose,,2,,
SANY p579 L4,7-205,"BCB006508704 Hydraulic System, Outrigger Multiple Unit Valve",41,21008727,Fitting,,4,,
SANY p579 L5,7-205,"BCB006508704 Hydraulic System, Outrigger Multiple Unit Valve",42,A239900000066,"Strap, Nylon",,2,,
SANY p579 L6,7-205,"BCB006508704 Hydraulic System, Outrigger Multiple Unit Valve",43,10888719,Fitting,,4,,
SANY p579 L7,7-205,"BCB006508704 Hydraulic System, Outrigger Multiple Unit Valve",44,10984687,Guide Wheel,,2,7-212,
SANY p579 L8,7-205,"BCB006508704 Hydraulic System, Outrigger Multiple Unit Valve",45,60323896,Hydraulic Lock,,2,,
SANY p579 L9,7-205,"BCB006508704 Hydraulic System, Outrigger Multiple Unit Valve",46,A210401000001,Washer,,8,,
SANY p579 L10,7-205,"BCB006508704 Hydraulic System, Outrigger Multiple Unit Valve",48,A210204000181,Screw,,8,,
SANY p579 L11,7-205,"BCB006508704 Hydraulic System, Outrigger Multiple Unit Valve",49,B210780000847,Adapter Fitting,,4,,
SANY p579 L12,7-205,"BCB006508704 Hydraulic System, Outrigger Multiple Unit Valve",50,11142092,Lock Plate,,2,,
SANY p579 L13,7-205,"BCB006508704 Hydraulic System, Outrigger Multiple Unit Valve",51,B210780000176,Adapter Fitting,,4,,
SANY p579 L14,7-205,"BCB006508704 Hydraulic System, Outrigger Multiple Unit Valve",52,A210204000130,Screw,,8,,
SANY p579 L15,7-205,"BCB006508704 Hydraulic System, Outrigger Multiple Unit Valve",53,A210405000011,Washer,,8,,
SANY p579 L16,7-205,"BCB006508704 Hydraulic System, Outrigger Multiple Unit Valve",54,11144485,"Mounting Plate, Reel",,2,,
SANY p579 L17,7-205,"BCB006508704 Hydraulic System, Outrigger Multiple Unit Valve",55,60031865,Reel,,1,,
SANY p581 L1,7-207,"BCB006571526 Valve GP, Outrigger Control",1,B210780000180,Adapter Fitting,,10,,
SANY p581 L2,7-207,"BCB006571526 Valve GP, Outrigger Control",2,B220401000305,Manual Multiple Unit Valve,,1,7-208,
SANY p581 L3,7-207,"BCB006571526 Valve GP, Outrigger Control",3,BCB004983780,"Outrigger Operation Box, Four-lever",,1,,
SANY p581 L4,7-207,"BCB006571526 Valve GP, Outrigger Control",4,10969372,Mounting Plate,Sany yellow,1,,
SANY p581 L5,7-207,"BCB006571526 Valve GP, Outrigger Control",4,10969372GC,Mounting Plate,Yellow green,,,VARIANT_OF_ROW_ABOVE
SANY p581 L6,7-207,"BCB006571526 Valve GP, Outrigger Control",4,10969372WD,Mounting Plate,Pure white,,,VARIANT_OF_ROW_ABOVE
SANY p581 L7,7-207,"BCB006571526 Valve GP, Outrigger Control",5,A210204000172,Screw,,2,,
SANY p581 L8,7-207,"BCB006571526 Valve GP, Outrigger Control",6,A210401000016,Washer,,2,,
SANY p581 L9,7-207,"BCB006571526 Valve GP, Outrigger Control",7,A210204000149,Screw,,4,,
SANY p581 L10,7-207,"BCB006571526 Valve GP, Outrigger Control",8,A210401000017,Washer,,4,,
SANY p583 L1,7-209,B220401000305 Manual Multiple Unit Valve,1,150603030033A005,End Cover,,4,,
SANY p583 L2,7-209,B220401000305 Manual Multiple Unit Valve,2,150603030033A004,Valve Core and Spring AS,,4,,
SANY p583 L3,7-209,B220401000305 Manual Multiple Unit Valve,3,150603030033A003,Overflow Valve,,1,,
SANY p583 L4,7-209,B220401000305 Manual Multiple Unit Valve,4,150603030033A002,Lever Support AS,,4,,
SANY p583 L5,7-209,B220401000305 Manual Multiple Unit Valve,5,150603030033A001,Lever,,4,,
SANY p583 L6,7-209,B220401000305 Manual Multiple Unit Valve,6,150603030033A006,Seal Kit,,1,,
SANY p585 L1,7-211,60056150 Hydraulic Lock,1,150406040004A001,Check Valve,,2,,
SANY p585 L2,7-211,60056150 Hydraulic Lock,2,150406040004A002,O-ring,,2,,
SANY p587 L1,7-213,10984687 Guide Wheel,1,10984678,Main Shaft,,1,,
SANY p587 L2,7-213,10984687 Guide Wheel,2,11146423,Main Wheel,,1,,
SANY p587 L3,7-213,10984687 Guide Wheel,3,60027403,Roller Bearing,,2,,
SANY p587 L4,7-213,10984687 Guide Wheel,4,10984679,Washer,,1,,
SANY p587 L5,7-213,10984687 Guide Wheel,5,A210405000008,Washer,,2,,
SANY p587 L6,7-213,10984687 Guide Wheel,6,A210309000003,Nut,,3,,
SANY p587 L7,7-213,10984687 Guide Wheel,7,10984681,Auxiliary Wheel Shaft,,1,,
SANY p587 L8,7-213,10984687 Guide Wheel,8,10333948,Auxiliary Wheel,,1,,
SANY p587 L9,7-213,10984687 Guide Wheel,9,10984682,Washer,,1,,
SANY p587 L10,7-213,10984687 Guide Wheel,10,A210405000001,Washer,,2,,
SANY p587 L11,7-213,10984687 Guide Wheel,11,A210309000016,Nut,,2,,
SANY p587 L12,7-213,10984687 Guide Wheel,12,A210401000006,Washer,,1,,
SANY p589 L1,7-215,"BCB005302335 Hydraulic System, Left Rear Outrigger",1,B230103008341,Hose,,2,,
SANY p589 L2,7-215,"BCB005302335 Hydraulic System, Left Rear Outrigger",2,B210780000100,Bulkhead Fitting,,2,,
SANY p589 L3,7-215,"BCB005302335 Hydraulic System, Left Rear Outrigger",3,60023942,Clamp,,5,,
SANY p589 L4,7-215,"BCB005302335 Hydraulic System, Left Rear Outrigger",4,B210780000037,Adapter Fitting,,4,,
SANY p589 L5,7-215,"BCB005302335 Hydraulic System, Left Rear Outrigger",5,B210780000024,Elbow Fitting,,2,,
SANY p589 L6,7-215,"BCB005302335 Hydraulic System, Left Rear Outrigger",6,13603201,Oil Tube,Sany yellow,1,,
SANY p589 L7,7-215,"BCB005302335 Hydraulic System, Left Rear Outrigger",7,150406010010A,Hydraulic Lock,,1,,
SANY p589 L8,7-215,"BCB005302335 Hydraulic System, Left Rear Outrigger",8,BCB005296953,Oil Tube,Sany yellow,1,,
SANY p589 L9,7-215,"BCB005302335 Hydraulic System, Left Rear Outrigger",9,BCB005297097,Oil Tube,Sany yellow,1,,
SANY p589 L10,7-215,"BCB005302335 Hydraulic System, Left Rear Outrigger",10,BCB005302333,Threading Tube,Sany yellow,1,,
SANY p591 L1,7-217,"BCB005303147 Hydraulic System, Right Rear Outrigger",1,B230103008341,Hose,,2,,
SANY p591 L2,7-217,"BCB005303147 Hydraulic System, Right Rear Outrigger",2,60023942,Clamp,,5,,
SANY p591 L3,7-217,"BCB005303147 Hydraulic System, Right Rear Outrigger",3,BCB005302333,Threading Tube,Sany yellow,1,,
SANY p591 L4,7-217,"BCB005303147 Hydraulic System, Right Rear Outrigger",4,B210780000037,Adapter Fitting,,4,,
SANY p591 L5,7-217,"BCB005303147 Hydraulic System, Right Rear Outrigger",5,B210780000100,Bulkhead Fitting,,2,,
SANY p591 L6,7-217,"BCB005303147 Hydraulic System, Right Rear Outrigger",6,B210780000024,Elbow Fitting,,2,,
SANY p591 L7,7-217,"BCB005303147 Hydraulic System, Right Rear Outrigger",7,13603201,Oil Tube,Sany yellow,1,,
SANY p591 L8,7-217,"BCB005303147 Hydraulic System, Right Rear Outrigger",8,150406010010A,Hydraulic Lock,,1,,
SANY p591 L9,7-217,"BCB005303147 Hydraulic System, Right Rear Outrigger",9,A210204000135,Screw,,6,,
SANY p591 L10,7-217,"BCB005303147 Hydraulic System, Right Rear Outrigger",10,BCB005296953,Oil Tube,Sany yellow,1,,
SANY p591 L11,7-217,"BCB005303147 Hydraulic System, Right Rear Outrigger",11,BCB005297097,Oil Tube,Sany yellow,1,,
SANY p593 L1,7-219,"BCB005303145 Hydraulic System, Left Front Outrigger",1,B210780000037,Adapter Fitting,,4,,
SANY p593 L2,7-219,"BCB005303145 Hydraulic System, Left Front Outrigger",2,60195076,FSR Seal Ring,,4,,
SANY p593 L3,7-219,"BCB005303145 Hydraulic System, Left Front Outrigger",3,B210780000024,Elbow Fitting,,2,,
SANY p593 L4,7-219,"BCB005303145 Hydraulic System, Left Front Outrigger",4,13603199,Oil Tube,Sany yellow,1,,
SANY p593 L5,7-219,"BCB005303145 Hydraulic System, Left Front Outrigger",5,150406010010A,Hydraulic Lock,,1,,
SANY p593 L6,7-219,"BCB005303145 Hydraulic System, Left Front Outrigger",6,A210401000016,Washer,,6,,
SANY p593 L7,7-219,"BCB005303145 Hydraulic System, Left Front Outrigger",7,A210204000217,Screw,,6,,
SANY p593 L8,7-219,"BCB005303145 Hydraulic System, Left Front Outrigger",8,B230103000090,Hose,,2,,
SANY p593 L9,7-219,"BCB005303145 Hydraulic System, Left Front Outrigger",10,BCB005732351,Oil Tube,Sany yellow,2,,
SANY p593 L10,7-219,"BCB005303145 Hydraulic System, Left Front Outrigger",11,60253602,Clamp,,1,,
SANY p593 L11,7-219,"BCB005303145 Hydraulic System, Left Front Outrigger",12,A210111000012,Bolt,,2,,
SANY p593 L12,7-219,"BCB005303145 Hydraulic System, Left Front Outrigger",13,BCB005159673,Upper Clamp,Sany yellow,1,,
SANY p593 L13,7-219,"BCB005303145 Hydraulic System, Left Front Outrigger",13,BCB005159673GC,Upper Clamp,Yellow green,,,VARIANT_OF_ROW_ABOVE
SANY p593 L14,7-219,"BCB005303145 Hydraulic System, Left Front Outrigger",13,BCB005159673WD,Upper Clamp,Pure white,,,VARIANT_OF_ROW_ABOVE
SANY p593 L15,7-219,"BCB005303145 Hydraulic System, Left Front Outrigger",14,BCB005159677,Lower Clamp,Sany yellow,1,,
SANY p593 L16,7-219,"BCB005303145 Hydraulic System, Left Front Outrigger",14,BCB005159677WD,Lower Clamp,Pure white,,,VARIANT_OF_ROW_ABOVE
SANY p593 L17,7-219,"BCB005303145 Hydraulic System, Left Front Outrigger",14,BCB005159677GC,Lower Clamp,Yellow green,,,VARIANT_OF_ROW_ABOVE
SANY p593 L18,7-219,"BCB005303145 Hydraulic System, Left Front Outrigger",15,BCB005159680,Clamp Base,Sany yellow,1,,
SANY p593 L19,7-219,"BCB005303145 Hydraulic System, Left Front Outrigger",15,BCB005159680WD,Clamp Base,Pure white,,,VARIANT_OF_ROW_ABOVE
SANY p593 L20,7-219,"BCB005303145 Hydraulic System, Left Front Outrigger",15,BCB005159680GC,Clamp Base,Yellow green,,,VARIANT_OF_ROW_ABOVE
SANY p595 L1,7-221,"BCB005303168 Hydraulic System, Right Front Outrigger",1,B210780000037,Adapter Fitting,,4,,
SANY p595 L2,7-221,"BCB005303168 Hydraulic System, Right Front Outrigger",2,B210780000024,Elbow Fitting,,2,,
SANY p595 L3,7-221,"BCB005303168 Hydraulic System, Right Front Outrigger",3,13603199,Oil Tube,Sany yellow,1,,
SANY p595 L4,7-221,"BCB005303168 Hydraulic System, Right Front Outrigger",4,B230103000090,Hose,,1,,
SANY p595 L5,7-221,"BCB005303168 Hydraulic System, Right Front Outrigger",6,A210111000012,Bolt,,2,,
SANY p595 L6,7-221,"BCB005303168 Hydraulic System, Right Front Outrigger",7,A210204000217,Screw,,6,,
SANY p595 L7,7-221,"BCB005303168 Hydraulic System, Right Front Outrigger",8,150406010010A,Hydraulic Lock,,1,,
SANY p595 L8,7-221,"BCB005303168 Hydraulic System, Right Front Outrigger",9,BCB005159677,Lower Clamp,Sany yellow,1,,
SANY p595 L9,7-221,"BCB005303168 Hydraulic System, Right Front Outrigger",9,BCB005159677WD,Lower Clamp,Pure white,,,VARIANT_OF_ROW_ABOVE
SANY p595 L10,7-221,"BCB005303168 Hydraulic System, Right Front Outrigger",9,BCB005159677GC,Lower Clamp,Yellow green,,,VARIANT_OF_ROW_ABOVE
SANY p595 L11,7-221,"BCB005303168 Hydraulic System, Right Front Outrigger",10,BCB005159673,Upper Clamp,Sany yellow,1,,
SANY p595 L12,7-221,"BCB005303168 Hydraulic System, Right Front Outrigger",10,BCB005159673GC,Upper Clamp,Yellow green,,,VARIANT_OF_ROW_ABOVE
SANY p595 L13,7-221,"BCB005303168 Hydraulic System, Right Front Outrigger",10,BCB005159673WD,Upper Clamp,Pure white,,,VARIANT_OF_ROW_ABOVE
SANY p595 L14,7-221,"BCB005303168 Hydraulic System, Right Front Outrigger",11,BCB005159680,Clamp Base,Sany yellow,1,,
SANY p595 L15,7-221,"BCB005303168 Hydraulic System, Right Front Outrigger",11,BCB005159680WD,Clamp Base,Pure white,,,VARIANT_OF_ROW_ABOVE
SANY p595 L16,7-221,"BCB005303168 Hydraulic System, Right Front Outrigger",11,BCB005159680GC,Clamp Base,Yellow green,,,VARIANT_OF_ROW_ABOVE
SANY p595 L17,7-221,"BCB005303168 Hydraulic System, Right Front Outrigger",12,BCB005754497,Oil Tube,Sany yellow,2,,
SANY p595 L18,7-221,"BCB005303168 Hydraulic System, Right Front Outrigger",13,60253602,Clamp,,1,,
SANY p595 L19,7-221,"BCB005303168 Hydraulic System, Right Front Outrigger",14,A210401000016,Washer,,6,,
SANY p595 L20,7-221,"BCB005303168 Hydraulic System, Right Front Outrigger",15,60195076,FSR Seal Ring,,4,,
SANY p597 L1,7-223,"BCB005720278 Hydraulic System, Combined Cylinder",1,B210780000037,Adapter Fitting,,6,,
SANY p597 L2,7-223,"BCB005720278 Hydraulic System, Combined Cylinder",2,BCB005719902,Oil Tube,Sany yellow,1,,
SANY p597 L3,7-223,"BCB005720278 Hydraulic System, Combined Cylinder",3,60195076,FSR Seal Ring,,4,,
SANY p597 L4,7-223,"BCB005720278 Hydraulic System, Combined Cylinder",4,BCB005719947,Oil Tube,Sany yellow,1,,
SANY p599 L1,7-225,"BCB006593007 Hydraulic System, Outrigger Accessories",1,B230103006904,Hose,,1,,
SANY p599 L2,7-225,"BCB006593007 Hydraulic System, Outrigger Accessories",2,13148615,Hose,,1,,
SANY p599 L3,7-225,"BCB006593007 Hydraulic System, Outrigger Accessories",3,13028612,Hose,,1,,
SANY p599 L4,7-225,"BCB006593007 Hydraulic System, Outrigger Accessories",4,60099409,Hose,,1,,
SANY p599 L5,7-225,"BCB006593007 Hydraulic System, Outrigger Accessories",5,B230103003867,Hose,,2,,
SANY p599 L6,7-225,"BCB006593007 Hydraulic System, Outrigger Accessories",6,60099405,Hose,,2,,
SANY p599 L7,7-225,"BCB006593007 Hydraulic System, Outrigger Accessories",7,61032352,Hose,,1,,
SANY p599 L8,7-225,"BCB006593007 Hydraulic System, Outrigger Accessories",8,B230103004472,Hose,,1,,
SANY p599 L9,7-225,"BCB006593007 Hydraulic System, Outrigger Accessories",9,13141600,Hose,,2,,
SANY p603 L1,8-3,BCB006401039 Electrical System,1,BCB005297012,Level Sensor GP,,1,8-12,
SANY p603 L2,8-3,BCB006401039 Electrical System,2,BCB006934304,Outrigger Operation Box,,2,8-14,
SANY p603 L3,8-3,BCB006401039 Electrical System,3,BCB005619469,Main Cylinder Proximity Switch GP,,1,8-16,
SANY p603 L4,8-3,BCB006401039 Electrical System,4,11053320,Temperature Sensor GP,,1,8-18,
SANY p603 L5,8-3,BCB006401039 Electrical System,5,12802475,Standard Parts GP,,1,,
SANY p603 L6,8-3,BCB006401039 Electrical System,6,11502460,Hydraulic Oil Level Sensor GP,,1,8-20,
SANY p603 L7,8-3,BCB006401039 Electrical System,7,BCB006400877,Electric Control Cabinet GP,,1,8-22,
SANY p603 L8,8-3,BCB006401039 Electrical System,8,60126004,Intelligent Remote Control System GP,,1,8-28,
SANY p603 L9,8-3,BCB006401039 Electrical System,9,11053304,Mechanical Encoder,,1,8-30,
SANY p603 L10,8-3,BCB006401039 Electrical System,10,BCB004900137,Cab Appliances,,1,8-32,
SANY p603 L11,8-3,BCB006401039 Electrical System,11,140905000005A,CAN Bridge,,1,,
SANY p603 L12,8-3,BCB006401039 Electrical System,12,11502561,Pressure Sensor GP,,1,8-34,
SANY p605 L1,8-5,BCB006401039 Electrical System,15,BCB004782453,Horn GP,,1,8-36,
SANY p605 L2,8-5,BCB006401039 Electrical System,16,BCB005226326,Pressure Sensor GP,,1,8-38,
SANY p605 L3,8-5,BCB006401039 Electrical System,17,BCB006440046,Maintenance Operation Box GP,,1,8-40,
SANY p605 L4,8-5,BCB006401039 Electrical System,18,11053609,Limit Switch GP,,1,8-42,
SANY p605 L5,8-5,BCB006401039 Electrical System,19,142504020084A,Button Switch,,1,,
SANY p605 L6,8-5,BCB006401039 Electrical System,20,60197655,Stroke (Limit) Switch,,1,,
SANY p605 L7,8-5,BCB006401039 Electrical System,21,13310834,Small Operation Box,,1,8-44,
SANY p607 L1,8-7,BCB006401039 Electrical System,23,13301793,Tail Lamp Harness,,1,,
SANY p607 L2,8-7,BCB006401039 Electrical System,24,12630723,X-outrigger Limit Switch GP,,1,8-46,
SANY p609 L1,8-9,BCB006401039 Electrical System,13,181604000333A,Harness Protective Hose,,1,,
SANY p609 L2,8-9,BCB006401039 Electrical System,27,11062993,Harness Fastener GP,,1,,
SANY p609 L3,8-9,BCB006401039 Electrical System,28,BCB006400867,Upper Part Harness GP,,1,8-50,
SANY p611 L1,8-11,BCB006401039 Electrical System,29,BCB006400899,Lamp GP,,1,8-60,
SANY p613 L1,8-13,BCB005297012 Level Sensor GP,1,60211297,Level Sensor,,1,,
SANY p615 L1,8-15,BCB006934304 Outrigger Operation Box,1,60034173,Outrigger Operation Box,,1,,
SANY p615 L2,8-15,BCB006934304 Outrigger Operation Box,2,B241200000533,Toggle Switch,,1,,
SANY p615 L3,8-15,BCB006934304 Outrigger Operation Box,3,B240200000059,Emergency Stop Button,,1,,
SANY p615 L4,8-15,BCB006934304 Outrigger Operation Box,4,B240200000081,Contact Block,,1,,
SANY p617 L1,8-17,BCB005619469 Main Cylinder Proximity Switch GP,1,140524000095A,Proximity Switch,,2,,
SANY p619 L1,8-19,11053320 Temperature Sensor GP,1,11744789,Temperature Sensor,,1,,
SANY p621 L1,8-21,11502460 Hydraulic Oil Level Sensor GP,1,60068497,Level Sensor,,1,,
SANY p623 L1,8-23,BCB006400877 Electric Control Cabinet GP,1,60134344,Indicator Lamp,,1,,
SANY p623 L2,8-23,BCB006400877 Electric Control Cabinet GP,2,60134345,Indicator Lamp,,1,,
SANY p623 L3,8-23,BCB006400877 Electric Control Cabinet GP,3,B241200000529,Toggle Switch,,1,,
SANY p623 L4,8-23,BCB006400877 Electric Control Cabinet GP,4,FGJ006646989,Electric Control Cabinet,,1,,
SANY p623 L5,8-23,BCB006400877 Electric Control Cabinet GP,5,B240200000081,Contact Block,,1,,
SANY p623 L6,8-23,BCB006400877 Electric Control Cabinet GP,6,B240200000059,Emergency Stop Button,,1,,
SANY p623 L7,8-23,BCB006400877 Electric Control Cabinet GP,7,A810299000577,SANY Liquid Crystal Display GP,,1,,
SANY p623 L8,8-23,BCB006400877 Electric Control Cabinet GP,8,11619369,Rubber Pad,,1,,
SANY p623 L9,8-23,BCB006400877 Electric Control Cabinet GP,9,60009697,Plug,,2,,
SANY p623 L10,8-23,BCB006400877 Electric Control Cabinet GP,10,60015464,Nylon nut,,2,,
SANY p625 L1,8-25,BCB006400877 Electric Control Cabinet GP,11,A241600000025,Rail,,1,,
SANY p625 L2,8-25,BCB006400877 Electric Control Cabinet GP,12,A810201204055,Electrical Panel GP,,1,,
SANY p625 L3,8-25,BCB006400877 Electric Control Cabinet GP,15,A810201204051,Electrical Panel GP,,1,,
SANY p625 L4,8-25,BCB006400877 Electric Control Cabinet GP,16,60067207,Wire Slot,,2,,
SANY p625 L5,8-25,BCB006400877 Electric Control Cabinet GP,17,B249900001268,3-position Rectangular Socket,,2,,
SANY p625 L6,8-25,BCB006400877 Electric Control Cabinet GP,18,60016006,Work Lamp,,1,,
SANY p625 L7,8-25,BCB006400877 Electric Control Cabinet GP,19,A810201206111,SANY Motion Controller GP,,2,,
SANY p625 L8,8-25,BCB006400877 Electric Control Cabinet GP,20,BCB006539581,Electric Control Cabinet Harness,,1,,
SANY p625 L9,8-25,BCB006400877 Electric Control Cabinet GP,21,60206808,Distribution Box,,1,8-26,
SANY p625 L10,8-25,BCB006400877 Electric Control Cabinet GP,22,A810201204050,Electrical Panel GP,,1,,
SANY p625 L11,8-25,BCB006400877 Electric Control Cabinet GP,23,B229900006162,Spacer,,6,,
SANY p625 L12,8-25,BCB006400877 Electric Control Cabinet GP,24,B229900006163,Positioning Disc,,6,,
SANY p627 L1,8-27,60206808 Distribution Box,1,142901000125A001,Fuses,,10,,
SANY p627 L2,8-27,60206808 Distribution Box,2,142901000125A002,Fuses,,1,,
SANY p627 L3,8-27,60206808 Distribution Box,3,142901000125A003,Fuses,,1,,
SANY p627 L4,8-27,60206808 Distribution Box,4,21019918,Relay,,16,,
SANY p629 L1,8-29,60126004 Intelligent Remote Control System GP,1,B241900000099,Antenna,,1,,
SANY p629 L2,8-29,60126004 Intelligent Remote Control System GP,2,140912000017A002,Straps of Remote Controller,,1,,
SANY p629 L3,8-29,60126004 Intelligent Remote Control System GP,3,60004234,Polymer Lithium Battery,,1,,
SANY p629 L4,8-29,60126004 Intelligent Remote Control System GP,4,B229900000037,Charger,,1,,
SANY p629 L5,8-29,60126004 Intelligent Remote Control System GP,5,60148002,Transmitting Antenna,,1,,
SANY p631 L1,8-31,11053304 Mechanical Encoder,1,B241000000059,"Protective Sleeve GP, 4-wire Plug",,1,,
SANY p631 L2,8-31,11053304 Mechanical Encoder,2,A229900004103,Hose Head,,2,,
SANY p631 L3,8-31,11053304 Mechanical Encoder,3,B241200000460,Pin,,4,,
SANY p631 L4,8-31,11053304 Mechanical Encoder,4,B241200001155,Waterproof Plug,,4,,
SANY p631 L5,8-31,11053304 Mechanical Encoder,5,B240600000312,Displacement Sensor,,2,,
SANY p631 L6,8-31,11053304 Mechanical Encoder,6,A239900000561,Nylon Bellows,,1,,
SANY p633 L1,8-33,BCB004900137 Cab Appliances,1,142501000422A,Rocker Switch,,1,,
SANY p633 L2,8-33,BCB004900137 Cab Appliances,2,B241200000208,10-position Rectangular Socket,,2,,
SANY p633 L3,8-33,BCB004900137 Cab Appliances,3,B241200000078,"Protective Sleeve, 2-wire Socket",,3,,
SANY p633 L4,8-33,BCB004900137 Cab Appliances,4,B240700000190,Relay,,2,,
SANY p633 L5,8-33,BCB004900137 Cab Appliances,5,B241200000185,"Protective Sleeve GP, 8-wire Socket",,4,,
SANY p633 L6,8-33,BCB004900137 Cab Appliances,6,B249900001268,3-position Rectangular Socket,,5,,
SANY p633 L7,8-33,BCB004900137 Cab Appliances,7,B241200000211,Connector,,10,,
SANY p633 L8,8-33,BCB004900137 Cab Appliances,8,A241000000040,Chip Socket,,12,,
SANY p633 L9,8-33,BCB004900137 Cab Appliances,9,BCB005231016,Sensor Extension Cable,,1,,
SANY p635 L1,8-35,11502561 Pressure Sensor GP,1,60191566,Pressure Sensor,,1,,
SANY p635 L2,8-35,11502561 Pressure Sensor GP,2,21032658,60 Degree Taper Sleeve Joint,,1,,
SANY p637 L1,8-37,BCB004782453 Horn GP,1,146301000019A,Speaker,,2,,
SANY p639 L1,8-39,BCB005226326 Pressure Sensor GP,1,60077566,Pressure Sensor,,2,,
SANY p641 L1,8-41,BCB006440046 Maintenance Operation Box GP,1,142902000186A,Control Cabinet,,1,,
SANY p641 L2,8-41,BCB006440046 Maintenance Operation Box GP,2,60125605,DC Power Socket,,1,,
SANY p641 L3,8-41,BCB006440046 Maintenance Operation Box GP,3,A241000000040,Chip Socket,,2,,
SANY p641 L4,8-41,BCB006440046 Maintenance Operation Box GP,4,B240200000059,Emergency Stop Button,,1,,
SANY p641 L5,8-41,BCB006440046 Maintenance Operation Box GP,5,B240200000081,Contact Block,,1,,
SANY p641 L6,8-41,BCB006440046 Maintenance Operation Box GP,6,B241200000529,Toggle Switch,,1,,
SANY p641 L7,8-41,BCB006440046 Maintenance Operation Box GP,7,B241200000530,TOGGLE SWITCH,,1,,
SANY p641 L8,8-41,BCB006440046 Maintenance Operation Box GP,8,B241200000531,TOGGLE SWITCH,,4,,
SANY p641 L9,8-41,BCB006440046 Maintenance Operation Box GP,9,60162734,Spacer,,1,,
SANY p643 L1,8-43,11053609 Limit Switch GP,1,140525000046A,Stroke (Limit) Switch,,1,,
SANY p645 L1,8-45,13310834 Small Operation Box,1,142999000272A,Small Operation Box,,1,,
SANY p645 L2,8-45,13310834 Small Operation Box,2,B230101000684,O-ring,,1,,
SANY p645 L3,8-45,13310834 Small Operation Box,3,B240200000059,Emergency Stop Button,,1,,
SANY p645 L4,8-45,13310834 Small Operation Box,4,B240200000081,Contact Block,,1,,
SANY p645 L5,8-45,13310834 Small Operation Box,5,B241200000530,TOGGLE SWITCH,,2,,
SANY p645 L6,8-45,13310834 Small Operation Box,6,B241200000531,TOGGLE SWITCH,,2,,
SANY p645 L7,8-45,13310834 Small Operation Box,7,B241200000529,Toggle Switch,,2,,
SANY p647 L1,8-47,12630723 X-outrigger Limit Switch GP,1,140525000064A,Stroke (Limit) Switch,,2,,
SANY p647 L2,8-47,12630723 X-outrigger Limit Switch GP,2,B241000000004,3-position Rectangular Plug,,2,,
SANY p647 L3,8-47,12630723 X-outrigger Limit Switch GP,3,B241000000019,Seal Parts,,6,,
SANY p647 L4,8-47,12630723 X-outrigger Limit Switch GP,4,B241000000002,Pin,,6,,
SANY p647 L5,8-47,12630723 X-outrigger Limit Switch GP,5,B241200000440,Proximity Switch,,2,,
SANY p647 L6,8-47,12630723 X-outrigger Limit Switch GP,6,A229900002964,Clamp,,4,,
SANY p647 L7,8-47,12630723 X-outrigger Limit Switch GP,7,A229900004483,Hose Fitting,,4,,
SANY p649 L1,8-49,12630723 X-outrigger Limit Switch GP,1,140525000064A,Stroke (Limit) Switch,,2,,
SANY p649 L2,8-49,12630723 X-outrigger Limit Switch GP,2,B241000000004,3-position Rectangular Plug,,2,,
SANY p649 L3,8-49,12630723 X-outrigger Limit Switch GP,3,B241000000019,Seal Parts,,6,,
SANY p649 L4,8-49,12630723 X-outrigger Limit Switch GP,4,B241000000002,Pin,,6,,
SANY p649 L5,8-49,12630723 X-outrigger Limit Switch GP,5,B241200000440,Proximity Switch,,2,,
SANY p649 L6,8-49,12630723 X-outrigger Limit Switch GP,6,A229900002964,Clamp,,4,,
SANY p649 L7,8-49,12630723 X-outrigger Limit Switch GP,7,A229900004483,Hose Fitting,,4,,
SANY p651 L1,8-51,BCB006400867 Upper Part Harness GP,1,BCB006400139,Multiple Unit Valve Harness,,1,,
SANY p651 L2,8-51,BCB006400867 Upper Part Harness GP,2,BCB006400866,Chassis Harness,,1,,
SANY p653 L1,8-53,BCB006400867 Upper Part Harness GP,3,BCB006400141,Boom Circuit,,1,,
SANY p653 L2,8-53,BCB006400867 Upper Part Harness GP,4,BCB006400868,In-cab Remote Control Harness,,1,,
SANY p655 L1,8-55,BCB006400867 Upper Part Harness GP,5,BCB006400138,Horn Harness,,1,,
SANY p655 L2,8-55,BCB006400867 Upper Part Harness GP,6,BCB006400137,Operation Box Harness,,1,,
SANY p657 L1,8-57,BCB006400867 Upper Part Harness GP,7,BCB006400142,Valve Block Harness,,1,,
SANY p659 L1,8-59,BCB006400867 Upper Part Harness GP,8,BCB006400140,Left and Right Harness,,1,,
SANY p661 L1,8-61,BCB006400899 Lamp GP,1,141604000177A,Work Lamp,,5,,
SANY p661 L2,8-61,BCB006400899 Lamp GP,2,60106604,Side Marker Lamp,,6,,
SANY p661 L3,8-61,BCB006400899 Lamp GP,3,A229900009868,SIDE REFLECTION DEVICE,,2,,
SANY p663 L1,8-63,BCB006400899 Lamp GP,1,141604000177A,Work Lamp,,5,,
SANY p663 L2,8-63,BCB006400899 Lamp GP,2,60106604,Side Marker Lamp,,6,,
SANY p663 L3,8-63,BCB006400899 Lamp GP,4,60167487,Work Lamp,,1,,
SANY p663 L4,8-63,BCB006400899 Lamp GP,5,A241100000514,License Plate Lamp,,4,,
SANY p663 L5,8-63,BCB006400899 Lamp GP,6,60126367,Marker Lamp,,2,,
SANY p667 L1,9-3,BCB006585989 Concrete Conveyor Piping,1,BCB006351920,Platform Conveyor Piping,,1,9-4,
SANY p667 L2,9-3,BCB006585989 Concrete Conveyor Piping,2,BCB007049630,Boom Conveyor Piping,,1,9-18,
SANY p669 L1,9-5,BCB006351920 Platform Conveyor Piping,1,13519622,Center Support,Sany yellow,1,,
SANY p669 L2,9-5,BCB006351920 Platform Conveyor Piping,7,A210405000003,Washer,,17,,
SANY p669 L3,9-5,BCB006351920 Platform Conveyor Piping,11,A210110000324,Bolt,,6,,
SANY p669 L4,9-5,BCB006351920 Platform Conveyor Piping,13,A210314000004,Nut,,6,,
SANY p669 L5,9-5,BCB006351920 Platform Conveyor Piping,35,A820606030049,Seal Ring,,8,,
SANY p669 L6,9-5,BCB006351920 Platform Conveyor Piping,46,11936886,Forged Pipe Clamp,Sany red,3,,
SANY p669 L7,9-5,BCB006351920 Platform Conveyor Piping,47,11063501,140 Single Support,,2,9-16,
SANY p669 L8,9-5,BCB006351920 Platform Conveyor Piping,47,11063501GC,140 Single Support,Yellow green,,,VARIANT_OF_ROW_ABOVE
SANY p669 L9,9-5,BCB006351920 Platform Conveyor Piping,47,11063501WD,140 Single Support,Pure white,,,VARIANT_OF_ROW_ABOVE
SANY p669 L10,9-5,BCB006351920 Platform Conveyor Piping,47,11063501YA,140 Single Support,Sany yellow,,,VARIANT_OF_ROW_ABOVE
SANY p669 L11,9-5,BCB006351920 Platform Conveyor Piping,48,13740079,Elbow,Sany red,1,,
SANY p669 L12,9-5,BCB006351920 Platform Conveyor Piping,48,13740079WD,T90R275 ELBOW,Pure white,,,VARIANT_OF_ROW_ABOVE
SANY p669 L13,9-5,BCB006351920 Platform Conveyor Piping,48,13740079GC,T90R275 ELBOW,Yellow green,,,VARIANT_OF_ROW_ABOVE
SANY p669 L14,9-5,BCB006351920 Platform Conveyor Piping,48,13740079GD,T90R275 ELBOW,Pure green,,,VARIANT_OF_ROW_ABOVE
SANY p669 L15,9-5,BCB006351920 Platform Conveyor Piping,48,13740079YA,T90R275 ELBOW,Sany yellow,,,VARIANT_OF_ROW_ABOVE
SANY p669 L16,9-5,BCB006351920 Platform Conveyor Piping,48,13740079HA,T90R275 ELBOW,Iron grey,,,VARIANT_OF_ROW_ABOVE
SANY p669 L17,9-5,BCB006351920 Platform Conveyor Piping,49,13781051,Elbow and Straight Pipe,Sany yellow,1,,
SANY p669 L18,9-5,BCB006351920 Platform Conveyor Piping,49,13781051WD,Elbow and straight pipe,Pure white,,,VARIANT_OF_ROW_ABOVE
SANY p669 L19,9-5,BCB006351920 Platform Conveyor Piping,49,13781051GC,Elbow and straight pipe,Yellow green,,,VARIANT_OF_ROW_ABOVE
SANY p669 L20,9-5,BCB006351920 Platform Conveyor Piping,50,13574548,Straight Pipe,Sany yellow,1,,
SANY p669 L21,9-5,BCB006351920 Platform Conveyor Piping,50,13574548WD,Thick-wall 5S Straight tube L125A×0.96m,Pure white,,,VARIANT_OF_ROW_ABOVE
SANY p669 L22,9-5,BCB006351920 Platform Conveyor Piping,50,13574548GC,Thick-wall 5S Straight tube L125A×0.96m,Yellow green,,,VARIANT_OF_ROW_ABOVE
SANY p669 L23,9-5,BCB006351920 Platform Conveyor Piping,50,13574548RE,Thick-wall 5S Straight tube L125A×0.96m,Sany red,,,VARIANT_OF_ROW_ABOVE
SANY p669 L24,9-5,BCB006351920 Platform Conveyor Piping,51,13741097,Elbow,Sany yellow,1,,
SANY p669 L25,9-5,BCB006351920 Platform Conveyor Piping,51,13741097WD,45R275 ELBOW,Pure white,,,VARIANT_OF_ROW_ABOVE
SANY p669 L26,9-5,BCB006351920 Platform Conveyor Piping,51,13741097GC,45R275 ELBOW,Yellow green,,,VARIANT_OF_ROW_ABOVE
SANY p669 L27,9-5,BCB006351920 Platform Conveyor Piping,52,10972967,Clamp,Sany red,1,,
SANY p669 L28,9-5,BCB006351920 Platform Conveyor Piping,52,10972967GC,"Clamp, fixed",Yellow green,,,VARIANT_OF_ROW_ABOVE
SANY p669 L29,9-5,BCB006351920 Platform Conveyor Piping,52,10972967WD,"Clamp, fixed",Pure white,,,VARIANT_OF_ROW_ABOVE
SANY p669 L30,9-5,BCB006351920 Platform Conveyor Piping,54,A210491000132,Washer,,4,,
SANY p669 L31,9-5,BCB006351920 Platform Conveyor Piping,55,A210111000222,Bolt,,4,,
SANY p669 L32,9-5,BCB006351920 Platform Conveyor Piping,56,11405101,Adjustable Round Support,,1,,
SANY p671 L1,9-7,BCB006351920 Platform Conveyor Piping,5,A210307000028,Nut,,50,,
SANY p671 L2,9-7,BCB006351920 Platform Conveyor Piping,34,A810301010729,133 U-type Bolt,,3,,
SANY p671 L3,9-7,BCB006351920 Platform Conveyor Piping,35,A820606030049,Seal Ring,,8,,
SANY p671 L4,9-7,BCB006351920 Platform Conveyor Piping,36,11936886Y,Forged pipe clamp,,4,,
SANY p671 L5,9-7,BCB006351920 Platform Conveyor Piping,42,13564199Y,Straight Pipe,,1,,
SANY p671 L6,9-7,BCB006351920 Platform Conveyor Piping,43,A820699000291,Small Cushion Plate,,2,,
SANY p671 L7,9-7,BCB006351920 Platform Conveyor Piping,44,13741308Y,Elbow,,1,,
SANY p671 L8,9-7,BCB006351920 Platform Conveyor Piping,45,13573372Y,Straight Pipe,,1,,
SANY p671 L9,9-7,BCB006351920 Platform Conveyor Piping,46,11936886,Forged Pipe Clamp,Sany red,3,,
SANY p673 L1,9-9,BCB006351920 Platform Conveyor Piping,5,A210307000028,Nut,,50,,
SANY p673 L2,9-9,BCB006351920 Platform Conveyor Piping,6,A210111000263,Bolt,,11,,
SANY p673 L3,9-9,BCB006351920 Platform Conveyor Piping,7,A210405000003,Washer,,17,,
SANY p673 L4,9-9,BCB006351920 Platform Conveyor Piping,24,A210405000001,Washer,,16,,
SANY p673 L5,9-9,BCB006351920 Platform Conveyor Piping,28,A210111000203,Bolt,,21,,
SANY p673 L6,9-9,BCB006351920 Platform Conveyor Piping,29,A210404000004,Washer,,21,,
SANY p673 L7,9-9,BCB006351920 Platform Conveyor Piping,32,A210314000010,Nut,,21,,
SANY p673 L8,9-9,BCB006351920 Platform Conveyor Piping,33,A810301010125,U-type Bolt,,3,,
SANY p673 L9,9-9,BCB006351920 Platform Conveyor Piping,34,A810301010729,133 U-type Bolt,,3,,
SANY p673 L10,9-9,BCB006351920 Platform Conveyor Piping,35,A820606030049,Seal Ring,,8,,
SANY p673 L11,9-9,BCB006351920 Platform Conveyor Piping,36,11936886Y,Forged pipe clamp,,4,,
SANY p673 L12,9-9,BCB006351920 Platform Conveyor Piping,37,12086693,Footing,Sany yellow,1,,
SANY p673 L13,9-9,BCB006351920 Platform Conveyor Piping,37,12086693WD,Bottom seat,Pure white,,,VARIANT_OF_ROW_ABOVE
SANY p673 L14,9-9,BCB006351920 Platform Conveyor Piping,37,12086693GC,Bottom seat,Yellow green,,,VARIANT_OF_ROW_ABOVE
SANY p673 L15,9-9,BCB006351920 Platform Conveyor Piping,38,12376147,Support Seat,Sany yellow,1,,
SANY p673 L16,9-9,BCB006351920 Platform Conveyor Piping,39,11620049,Small Bracket,Sany yellow,1,,
SANY p673 L17,9-9,BCB006351920 Platform Conveyor Piping,39,11620049GC,Small Bracket,Yellow green,,,VARIANT_OF_ROW_ABOVE
SANY p673 L18,9-9,BCB006351920 Platform Conveyor Piping,39,11620049WD,Small Bracket,Pure white,,,VARIANT_OF_ROW_ABOVE
SANY p673 L19,9-9,BCB006351920 Platform Conveyor Piping,40,13348709,Upper Bent Seat,,2,,
SANY p673 L20,9-9,BCB006351920 Platform Conveyor Piping,41,13573009Y,Straight Pipe,,1,,
SANY p675 L1,9-11,BCB006351920 Platform Conveyor Piping,5,A210307000028,Nut,,50,,
SANY p675 L2,9-11,BCB006351920 Platform Conveyor Piping,18,A810301010927,Clamp,Sany yellow,2,,
SANY p675 L3,9-11,BCB006351920 Platform Conveyor Piping,18,A810301010927GC,H150A,Yellow green,,,VARIANT_OF_ROW_ABOVE
SANY p675 L4,9-11,BCB006351920 Platform Conveyor Piping,18,A810301010927WD,H150A,Pure white,,,VARIANT_OF_ROW_ABOVE
SANY p675 L5,9-11,BCB006351920 Platform Conveyor Piping,19,A820606030048,Seal Ring,,2,,
SANY p675 L6,9-11,BCB006351920 Platform Conveyor Piping,24,A210405000001,Washer,,16,,
SANY p675 L7,9-11,BCB006351920 Platform Conveyor Piping,26,A810301010126,U-type Bolt,,2,,
SANY p675 L8,9-11,BCB006351920 Platform Conveyor Piping,27,SSG006497048,Taper Pipe,Sany yellow,1,,
SANY p675 L9,9-11,BCB006351920 Platform Conveyor Piping,27,SSG006497048GC,Tapered Pipe φ150A-125A×1.2m,Yellow green,,,VARIANT_OF_ROW_ABOVE
SANY p675 L10,9-11,BCB006351920 Platform Conveyor Piping,27,SSG006497048WD,Tapered Pipe φ150A-125A×1.2m,Pure white,,,VARIANT_OF_ROW_ABOVE
SANY p675 L11,9-11,BCB006351920 Platform Conveyor Piping,28,A210111000203,Bolt,,21,,
SANY p675 L12,9-11,BCB006351920 Platform Conveyor Piping,29,A210404000004,Washer,,21,,
SANY p675 L13,9-11,BCB006351920 Platform Conveyor Piping,30,11473164,Upper Bent Seat,Sany yellow,1,,
SANY p675 L14,9-11,BCB006351920 Platform Conveyor Piping,30,11473164GC,150 Upper bent seat 1,Yellow green,,,VARIANT_OF_ROW_ABOVE
SANY p675 L15,9-11,BCB006351920 Platform Conveyor Piping,30,11473164WD,150 Upper bent seat 1,Pure white,,,VARIANT_OF_ROW_ABOVE
SANY p675 L16,9-11,BCB006351920 Platform Conveyor Piping,31,13348711,Footing,,1,,
SANY p675 L17,9-11,BCB006351920 Platform Conveyor Piping,32,A210314000010,Nut,,21,,
SANY p677 L1,9-13,BCB006351920 Platform Conveyor Piping,3,12579712,Seal Ring,,2,,
SANY p677 L2,9-13,BCB006351920 Platform Conveyor Piping,5,A210307000028,Nut,,50,,
SANY p677 L3,9-13,BCB006351920 Platform Conveyor Piping,6,A210111000263,Bolt,,11,,
SANY p677 L4,9-13,BCB006351920 Platform Conveyor Piping,7,A210405000003,Washer,,17,,
SANY p677 L5,9-13,BCB006351920 Platform Conveyor Piping,9,12787533,Clamp,,1,,
SANY p677 L6,9-13,BCB006351920 Platform Conveyor Piping,10,11353152,Upper Bent Seat,,1,,
SANY p677 L7,9-13,BCB006351920 Platform Conveyor Piping,11,A210110000324,Bolt,,6,,
SANY p677 L8,9-13,BCB006351920 Platform Conveyor Piping,12,11925354,Connection Rod,,1,,
SANY p677 L9,9-13,BCB006351920 Platform Conveyor Piping,13,A210314000004,Nut,,6,,
SANY p677 L10,9-13,BCB006351920 Platform Conveyor Piping,14,11840956,Plug,,1,,
SANY p677 L11,9-13,BCB006351920 Platform Conveyor Piping,16,SSG006602481,Taper Pipe,,1,,
SANY p677 L12,9-13,BCB006351920 Platform Conveyor Piping,17,12018563,U-type Bolt,,2,,
SANY p677 L13,9-13,BCB006351920 Platform Conveyor Piping,18,A810301010927,Clamp,Sany yellow,2,,
SANY p677 L14,9-13,BCB006351920 Platform Conveyor Piping,18,A810301010927GC,H150A,Yellow green,,,VARIANT_OF_ROW_ABOVE
SANY p677 L15,9-13,BCB006351920 Platform Conveyor Piping,18,A810301010927WD,H150A,Pure white,,,VARIANT_OF_ROW_ABOVE
SANY p677 L16,9-13,BCB006351920 Platform Conveyor Piping,19,A820606030048,Seal Ring,,2,,
SANY p677 L17,9-13,BCB006351920 Platform Conveyor Piping,20,SSG006522071,Elbow,Sany yellow,1,,
SANY p677 L18,9-13,BCB006351920 Platform Conveyor Piping,20,SSG006522071WD,Pipe,Pure white,,,VARIANT_OF_ROW_ABOVE
SANY p677 L19,9-13,BCB006351920 Platform Conveyor Piping,20,SSG006522071GC,Pipe,Yellow green,,,VARIANT_OF_ROW_ABOVE
SANY p677 L20,9-13,BCB006351920 Platform Conveyor Piping,21,10949235,Upper Bent Seat,Sany yellow,1,,
SANY p677 L21,9-13,BCB006351920 Platform Conveyor Piping,21,10949235GC,SEAT BENT UPPER,Yellow green,,,VARIANT_OF_ROW_ABOVE
SANY p677 L22,9-13,BCB006351920 Platform Conveyor Piping,21,10949235WD,SEAT BENT UPPER,Pure white,,,VARIANT_OF_ROW_ABOVE
SANY p677 L23,9-13,BCB006351920 Platform Conveyor Piping,22,13519618,Connection Rod,Sany yellow,1,,
SANY p677 L24,9-13,BCB006351920 Platform Conveyor Piping,22,13519618WD,Connection Rod,Pure white,,,VARIANT_OF_ROW_ABOVE
SANY p677 L25,9-13,BCB006351920 Platform Conveyor Piping,22,13519618GC,Connection Rod,Yellow green,,,VARIANT_OF_ROW_ABOVE
SANY p677 L26,9-13,BCB006351920 Platform Conveyor Piping,23,A210111000101,Bolt,,4,,
SANY p677 L27,9-13,BCB006351920 Platform Conveyor Piping,24,A210405000001,Washer,,16,,
SANY p677 L28,9-13,BCB006351920 Platform Conveyor Piping,25,12026023,Support AS,Sany yellow,1,,
SANY p677 L29,9-13,BCB006351920 Platform Conveyor Piping,25,12026023GC,support component,Yellow green,,,VARIANT_OF_ROW_ABOVE
SANY p677 L30,9-13,BCB006351920 Platform Conveyor Piping,25,12026023WD,support component,Pure white,,,VARIANT_OF_ROW_ABOVE
SANY p677 L31,9-13,BCB006351920 Platform Conveyor Piping,53,A810301010127,U-type Bolt,,3,,
SANY p679 L1,9-15,BCB006351920 Platform Conveyor Piping,2,12068400,Clamp,,1,,
SANY p679 L2,9-15,BCB006351920 Platform Conveyor Piping,3,12579712,Seal Ring,,2,,
SANY p679 L3,9-15,BCB006351920 Platform Conveyor Piping,4,13292626,Outlet Support,,1,,
SANY p679 L4,9-15,BCB006351920 Platform Conveyor Piping,5,A210307000028,Nut,,50,,
SANY p679 L5,9-15,BCB006351920 Platform Conveyor Piping,6,A210111000263,Bolt,,11,,
SANY p679 L6,9-15,BCB006351920 Platform Conveyor Piping,7,A210405000003,Washer,,17,,
SANY p679 L7,9-15,BCB006351920 Platform Conveyor Piping,8,SSG006522050,Elbow,,1,,
SANY p679 L8,9-15,BCB006351920 Platform Conveyor Piping,53,A810301010127,U-type Bolt,,3,,
SANY p681 L1,9-17,11063501 140 Single Support,1,A810301990065,Footing,Sany yellow,1,,
SANY p681 L2,9-17,11063501 140 Single Support,1,A810301990065WD,Footing,Pure white,,,VARIANT_OF_ROW_ABOVE
SANY p681 L3,9-17,11063501 140 Single Support,1,A810301990065GC,Footing,Yellow green,,,VARIANT_OF_ROW_ABOVE
SANY p681 L4,9-17,11063501 140 Single Support,2,A810301990050,Large Bracket,Sany yellow,1,,
SANY p681 L5,9-17,11063501 140 Single Support,2,A810301990050WD,Large Bracket,Pure white,,,VARIANT_OF_ROW_ABOVE
SANY p681 L6,9-17,11063501 140 Single Support,2,A810301990050GC,Large Bracket,Yellow green,,,VARIANT_OF_ROW_ABOVE
SANY p681 L7,9-17,11063501 140 Single Support,3,A820699000291,Small Cushion Plate,,1,,
SANY p681 L8,9-17,11063501 140 Single Support,4,A810301010996,133 U-type Bolt B,,1,,
SANY p681 L9,9-17,11063501 140 Single Support,5,A210307000028,Nut,,4,,
SANY p681 L10,9-17,11063501 140 Single Support,6,A210401000002,Washer,,6,,
SANY p681 L11,9-17,11063501 140 Single Support,7,A210111000203,Bolt,,3,,
SANY p681 L12,9-17,11063501 140 Single Support,8,A210404000004,Washer,,3,,
SANY p681 L13,9-17,11063501 140 Single Support,9,A210307000031,Nut,,3,,
SANY p683 L1,9-19,BCB007049630 Boom Conveyor Piping,1,SSG005435595,Straight Pipe,Sany red,1,,
SANY p683 L2,9-19,BCB007049630 Boom Conveyor Piping,2,A210111000055,Bolt,,12,,
SANY p683 L3,9-19,BCB007049630 Boom Conveyor Piping,3,A820699000293,Large Pad,,6,,
SANY p683 L4,9-19,BCB007049630 Boom Conveyor Piping,4,A210314000004,Nut,,80,,
SANY p683 L5,9-19,BCB007049630 Boom Conveyor Piping,5,A820606030049,Seal Ring,,31,,
SANY p683 L6,9-19,BCB007049630 Boom Conveyor Piping,6,A810301010723,Clamp,Sany red,6,,
SANY p683 L7,9-19,BCB007049630 Boom Conveyor Piping,6,A810301010723GC,"Clamp, fixed",Yellow green,,,VARIANT_OF_ROW_ABOVE
SANY p683 L8,9-19,BCB007049630 Boom Conveyor Piping,6,A810301010723WD,"Clamp, fixed",Pure white,,,VARIANT_OF_ROW_ABOVE
SANY p683 L9,9-19,BCB007049630 Boom Conveyor Piping,6,A810301010723HA,"Clamp, fixed",Iron grey,,,VARIANT_OF_ROW_ABOVE
SANY p683 L10,9-19,BCB007049630 Boom Conveyor Piping,6,A810301010723GD,"Clamp, fixed",Pure green,,,VARIANT_OF_ROW_ABOVE
SANY p683 L11,9-19,BCB007049630 Boom Conveyor Piping,7,13740079,Elbow,Sany red,5,,
SANY p683 L12,9-19,BCB007049630 Boom Conveyor Piping,7,13740079WD,T90R275 ELBOW,Pure white,,,VARIANT_OF_ROW_ABOVE
SANY p683 L13,9-19,BCB007049630 Boom Conveyor Piping,7,13740079GC,T90R275 ELBOW,Yellow green,,,VARIANT_OF_ROW_ABOVE
SANY p683 L14,9-19,BCB007049630 Boom Conveyor Piping,7,13740079GD,T90R275 ELBOW,Pure green,,,VARIANT_OF_ROW_ABOVE
SANY p683 L15,9-19,BCB007049630 Boom Conveyor Piping,7,13740079YA,T90R275 ELBOW,Sany yellow,,,VARIANT_OF_ROW_ABOVE
SANY p683 L16,9-19,BCB007049630 Boom Conveyor Piping,7,13740079HA,T90R275 ELBOW,Iron grey,,,VARIANT_OF_ROW_ABOVE
SANY p683 L17,9-19,BCB007049630 Boom Conveyor Piping,8,11936886,Forged Pipe Clamp,Sany red,25,,
SANY p683 L18,9-19,BCB007049630 Boom Conveyor Piping,9,A810301010729,133 U-type Bolt,,34,,
SANY p683 L19,9-19,BCB007049630 Boom Conveyor Piping,10,A820699000291,Small Cushion Plate,,34,,
SANY p683 L20,9-19,BCB007049630 Boom Conveyor Piping,11,13205115,Straight Pipe,Sany red,8,,
SANY p683 L21,9-19,BCB007049630 Boom Conveyor Piping,11,13205115GD,Straight Pipe,Pure green,,,VARIANT_OF_ROW_ABOVE
SANY p683 L22,9-19,BCB007049630 Boom Conveyor Piping,11,13205115GC,Straight Pipe,Yellow green,,,VARIANT_OF_ROW_ABOVE
SANY p683 L23,9-19,BCB007049630 Boom Conveyor Piping,11,13205115HA,Straight Pipe,Iron grey,,,VARIANT_OF_ROW_ABOVE
SANY p683 L24,9-19,BCB007049630 Boom Conveyor Piping,11,13205115WD,Straight Pipe,Pure white,,,VARIANT_OF_ROW_ABOVE
SANY p683 L25,9-19,BCB007049630 Boom Conveyor Piping,12,13706059,Straight Pipe,Sany red,1,,
SANY p685 L1,9-21,BCB007049630 Boom Conveyor Piping,2,A210111000055,Bolt,,12,,
SANY p685 L2,9-21,BCB007049630 Boom Conveyor Piping,3,A820699000293,Large Pad,,6,,
SANY p685 L3,9-21,BCB007049630 Boom Conveyor Piping,4,A210314000004,Nut,,80,,
SANY p685 L4,9-21,BCB007049630 Boom Conveyor Piping,5,A820606030049,Seal Ring,,31,,
SANY p685 L5,9-21,BCB007049630 Boom Conveyor Piping,6,A810301010723,Clamp,Sany red,6,,
SANY p685 L6,9-21,BCB007049630 Boom Conveyor Piping,6,A810301010723GC,"Clamp, fixed",Yellow green,,,VARIANT_OF_ROW_ABOVE
SANY p685 L7,9-21,BCB007049630 Boom Conveyor Piping,6,A810301010723WD,"Clamp, fixed",Pure white,,,VARIANT_OF_ROW_ABOVE
SANY p685 L8,9-21,BCB007049630 Boom Conveyor Piping,6,A810301010723HA,"Clamp, fixed",Iron grey,,,VARIANT_OF_ROW_ABOVE
SANY p685 L9,9-21,BCB007049630 Boom Conveyor Piping,6,A810301010723GD,"Clamp, fixed",Pure green,,,VARIANT_OF_ROW_ABOVE
SANY p685 L10,9-21,BCB007049630 Boom Conveyor Piping,7,13740079,Elbow,Sany red,5,,
SANY p685 L11,9-21,BCB007049630 Boom Conveyor Piping,7,13740079WD,T90R275 ELBOW,Pure white,,,VARIANT_OF_ROW_ABOVE
SANY p685 L12,9-21,BCB007049630 Boom Conveyor Piping,7,13740079GC,T90R275 ELBOW,Yellow green,,,VARIANT_OF_ROW_ABOVE
SANY p685 L13,9-21,BCB007049630 Boom Conveyor Piping,7,13740079GD,T90R275 ELBOW,Pure green,,,VARIANT_OF_ROW_ABOVE
SANY p685 L14,9-21,BCB007049630 Boom Conveyor Piping,7,13740079YA,T90R275 ELBOW,Sany yellow,,,VARIANT_OF_ROW_ABOVE
SANY p685 L15,9-21,BCB007049630 Boom Conveyor Piping,7,13740079HA,T90R275 ELBOW,Iron grey,,,VARIANT_OF_ROW_ABOVE
SANY p685 L16,9-21,BCB007049630 Boom Conveyor Piping,8,11936886,Forged Pipe Clamp,Sany red,25,,
SANY p685 L17,9-21,BCB007049630 Boom Conveyor Piping,9,A810301010729,133 U-type Bolt,,34,,
SANY p685 L18,9-21,BCB007049630 Boom Conveyor Piping,10,A820699000291,Small Cushion Plate,,34,,
SANY p685 L19,9-21,BCB007049630 Boom Conveyor Piping,11,13205115,Straight Pipe,Sany red,8,,
SANY p685 L20,9-21,BCB007049630 Boom Conveyor Piping,11,13205115GD,Straight Pipe,Pure green,,,VARIANT_OF_ROW_ABOVE
SANY p685 L21,9-21,BCB007049630 Boom Conveyor Piping,11,13205115GC,Straight Pipe,Yellow green,,,VARIANT_OF_ROW_ABOVE
SANY p685 L22,9-21,BCB007049630 Boom Conveyor Piping,11,13205115HA,Straight Pipe,Iron grey,,,VARIANT_OF_ROW_ABOVE
SANY p685 L23,9-21,BCB007049630 Boom Conveyor Piping,11,13205115WD,Straight Pipe,Pure white,,,VARIANT_OF_ROW_ABOVE
SANY p685 L24,9-21,BCB007049630 Boom Conveyor Piping,13,SSG005204373,Straight Pipe,Sany red,1,,
SANY p685 L25,9-21,BCB007049630 Boom Conveyor Piping,14,13741308,Elbow,Sany red,2,,
SANY p685 L26,9-21,BCB007049630 Boom Conveyor Piping,14,13741308GD,S39R385 ELBOW,Pure green,,,VARIANT_OF_ROW_ABOVE
SANY p685 L27,9-21,BCB007049630 Boom Conveyor Piping,14,13741308GC,S39R385 ELBOW,Yellow green,,,VARIANT_OF_ROW_ABOVE
SANY p685 L28,9-21,BCB007049630 Boom Conveyor Piping,14,13741308HA,S39R385 ELBOW,Iron grey,,,VARIANT_OF_ROW_ABOVE
SANY p685 L29,9-21,BCB007049630 Boom Conveyor Piping,14,13741308WD,S39R385 ELBOW,Pure white,,,VARIANT_OF_ROW_ABOVE
SANY p685 L30,9-21,BCB007049630 Boom Conveyor Piping,15,SSG005435512,Straight Pipe,Sany red,1,,
SANY p687 L1,9-23,BCB007049630 Boom Conveyor Piping,2,A210111000055,Bolt,,12,,
SANY p687 L2,9-23,BCB007049630 Boom Conveyor Piping,3,A820699000293,Large Pad,,6,,
SANY p687 L3,9-23,BCB007049630 Boom Conveyor Piping,4,A210314000004,Nut,,80,,
SANY p687 L4,9-23,BCB007049630 Boom Conveyor Piping,5,A820606030049,Seal Ring,,31,,
SANY p687 L5,9-23,BCB007049630 Boom Conveyor Piping,6,A810301010723,Clamp,Sany red,6,,
SANY p687 L6,9-23,BCB007049630 Boom Conveyor Piping,6,A810301010723GC,"Clamp, fixed",Yellow green,,,VARIANT_OF_ROW_ABOVE
SANY p687 L7,9-23,BCB007049630 Boom Conveyor Piping,6,A810301010723WD,"Clamp, fixed",Pure white,,,VARIANT_OF_ROW_ABOVE
SANY p687 L8,9-23,BCB007049630 Boom Conveyor Piping,6,A810301010723HA,"Clamp, fixed",Iron grey,,,VARIANT_OF_ROW_ABOVE
SANY p687 L9,9-23,BCB007049630 Boom Conveyor Piping,6,A810301010723GD,"Clamp, fixed",Pure green,,,VARIANT_OF_ROW_ABOVE
SANY p687 L10,9-23,BCB007049630 Boom Conveyor Piping,7,13740079,Elbow,Sany red,5,,
SANY p687 L11,9-23,BCB007049630 Boom Conveyor Piping,7,13740079WD,T90R275 ELBOW,Pure white,,,VARIANT_OF_ROW_ABOVE
SANY p687 L12,9-23,BCB007049630 Boom Conveyor Piping,7,13740079GC,T90R275 ELBOW,Yellow green,,,VARIANT_OF_ROW_ABOVE
SANY p687 L13,9-23,BCB007049630 Boom Conveyor Piping,7,13740079GD,T90R275 ELBOW,Pure green,,,VARIANT_OF_ROW_ABOVE
SANY p687 L14,9-23,BCB007049630 Boom Conveyor Piping,7,13740079YA,T90R275 ELBOW,Sany yellow,,,VARIANT_OF_ROW_ABOVE
SANY p687 L15,9-23,BCB007049630 Boom Conveyor Piping,7,13740079HA,T90R275 ELBOW,Iron grey,,,VARIANT_OF_ROW_ABOVE
SANY p687 L16,9-23,BCB007049630 Boom Conveyor Piping,8,11936886,Forged Pipe Clamp,Sany red,25,,
SANY p687 L17,9-23,BCB007049630 Boom Conveyor Piping,9,A810301010729,133 U-type Bolt,,34,,
SANY p687 L18,9-23,BCB007049630 Boom Conveyor Piping,10,A820699000291,Small Cushion Plate,,34,,
SANY p687 L19,9-23,BCB007049630 Boom Conveyor Piping,11,13205115,Straight Pipe,Sany red,8,,
SANY p687 L20,9-23,BCB007049630 Boom Conveyor Piping,11,13205115GD,Straight Pipe,Pure green,,,VARIANT_OF_ROW_ABOVE
SANY p687 L21,9-23,BCB007049630 Boom Conveyor Piping,11,13205115GC,Straight Pipe,Yellow green,,,VARIANT_OF_ROW_ABOVE
SANY p687 L22,9-23,BCB007049630 Boom Conveyor Piping,11,13205115HA,Straight Pipe,Iron grey,,,VARIANT_OF_ROW_ABOVE
SANY p687 L23,9-23,BCB007049630 Boom Conveyor Piping,11,13205115WD,Straight Pipe,Pure white,,,VARIANT_OF_ROW_ABOVE
SANY p687 L24,9-23,BCB007049630 Boom Conveyor Piping,16,SSG004931526,Straight Pipe,Sany red,1,,
SANY p687 L25,9-23,BCB007049630 Boom Conveyor Piping,17,SSG005165628,Straight Pipe,Sany red,1,,
SANY p687 L26,9-23,BCB007049630 Boom Conveyor Piping,18,13740915,Elbow,Sany yellow,5,,
SANY p689 L1,9-25,BCB007049630 Boom Conveyor Piping,2,A210111000055,Bolt,,12,,
SANY p689 L2,9-25,BCB007049630 Boom Conveyor Piping,3,A820699000293,Large Pad,,6,,
SANY p689 L3,9-25,BCB007049630 Boom Conveyor Piping,4,A210314000004,Nut,,80,,
SANY p689 L4,9-25,BCB007049630 Boom Conveyor Piping,5,A820606030049,Seal Ring,,31,,
SANY p689 L5,9-25,BCB007049630 Boom Conveyor Piping,6,A810301010723,Clamp,Sany red,6,,
SANY p689 L6,9-25,BCB007049630 Boom Conveyor Piping,6,A810301010723GC,"Clamp, fixed",Yellow green,,,VARIANT_OF_ROW_ABOVE
SANY p689 L7,9-25,BCB007049630 Boom Conveyor Piping,6,A810301010723WD,"Clamp, fixed",Pure white,,,VARIANT_OF_ROW_ABOVE
SANY p689 L8,9-25,BCB007049630 Boom Conveyor Piping,6,A810301010723HA,"Clamp, fixed",Iron grey,,,VARIANT_OF_ROW_ABOVE
SANY p689 L9,9-25,BCB007049630 Boom Conveyor Piping,6,A810301010723GD,"Clamp, fixed",Pure green,,,VARIANT_OF_ROW_ABOVE
SANY p689 L10,9-25,BCB007049630 Boom Conveyor Piping,8,11936886,Forged Pipe Clamp,Sany red,25,,
SANY p689 L11,9-25,BCB007049630 Boom Conveyor Piping,9,A810301010729,133 U-type Bolt,,34,,
SANY p689 L12,9-25,BCB007049630 Boom Conveyor Piping,10,A820699000291,Small Cushion Plate,,34,,
SANY p689 L13,9-25,BCB007049630 Boom Conveyor Piping,11,13205115,Straight Pipe,Sany red,8,,
SANY p689 L14,9-25,BCB007049630 Boom Conveyor Piping,11,13205115GD,Straight Pipe,Pure green,,,VARIANT_OF_ROW_ABOVE
SANY p689 L15,9-25,BCB007049630 Boom Conveyor Piping,11,13205115GC,Straight Pipe,Yellow green,,,VARIANT_OF_ROW_ABOVE
SANY p689 L16,9-25,BCB007049630 Boom Conveyor Piping,11,13205115HA,Straight Pipe,Iron grey,,,VARIANT_OF_ROW_ABOVE
SANY p689 L17,9-25,BCB007049630 Boom Conveyor Piping,11,13205115WD,Straight Pipe,Pure white,,,VARIANT_OF_ROW_ABOVE
SANY p689 L18,9-25,BCB007049630 Boom Conveyor Piping,18,13740915,Elbow,Sany yellow,5,,
SANY p689 L19,9-25,BCB007049630 Boom Conveyor Piping,19,SSG004931325,Straight Pipe,Sany red,1,,
SANY p689 L20,9-25,BCB007049630 Boom Conveyor Piping,19,SSG004931325GC,linght 5S striaght line,Yellow green,,,VARIANT_OF_ROW_ABOVE
SANY p689 L21,9-25,BCB007049630 Boom Conveyor Piping,20,SSG005210541,Straight Pipe,Sany red,1,,
SANY p691 L1,9-27,BCB007049630 Boom Conveyor Piping,2,A210111000055,Bolt,,12,,
SANY p691 L2,9-27,BCB007049630 Boom Conveyor Piping,3,A820699000293,Large Pad,,6,,
SANY p691 L3,9-27,BCB007049630 Boom Conveyor Piping,4,A210314000004,Nut,,80,,
SANY p691 L4,9-27,BCB007049630 Boom Conveyor Piping,5,A820606030049,Seal Ring,,31,,
SANY p691 L5,9-27,BCB007049630 Boom Conveyor Piping,6,A810301010723,Clamp,Sany red,6,,
SANY p691 L6,9-27,BCB007049630 Boom Conveyor Piping,6,A810301010723GC,"Clamp, fixed",Yellow green,,,VARIANT_OF_ROW_ABOVE
SANY p691 L7,9-27,BCB007049630 Boom Conveyor Piping,6,A810301010723WD,"Clamp, fixed",Pure white,,,VARIANT_OF_ROW_ABOVE
SANY p691 L8,9-27,BCB007049630 Boom Conveyor Piping,6,A810301010723HA,"Clamp, fixed",Iron grey,,,VARIANT_OF_ROW_ABOVE
SANY p691 L9,9-27,BCB007049630 Boom Conveyor Piping,6,A810301010723GD,"Clamp, fixed",Pure green,,,VARIANT_OF_ROW_ABOVE
SANY p691 L10,9-27,BCB007049630 Boom Conveyor Piping,8,11936886,Forged Pipe Clamp,Sany red,25,,
SANY p691 L11,9-27,BCB007049630 Boom Conveyor Piping,9,A810301010729,133 U-type Bolt,,34,,
SANY p691 L12,9-27,BCB007049630 Boom Conveyor Piping,10,A820699000291,Small Cushion Plate,,34,,
SANY p691 L13,9-27,BCB007049630 Boom Conveyor Piping,11,13205115,Straight Pipe,Sany red,8,,
SANY p691 L14,9-27,BCB007049630 Boom Conveyor Piping,11,13205115GD,Straight Pipe,Pure green,,,VARIANT_OF_ROW_ABOVE
SANY p691 L15,9-27,BCB007049630 Boom Conveyor Piping,11,13205115GC,Straight Pipe,Yellow green,,,VARIANT_OF_ROW_ABOVE
SANY p691 L16,9-27,BCB007049630 Boom Conveyor Piping,11,13205115HA,Straight Pipe,Iron grey,,,VARIANT_OF_ROW_ABOVE
SANY p691 L17,9-27,BCB007049630 Boom Conveyor Piping,11,13205115WD,Straight Pipe,Pure white,,,VARIANT_OF_ROW_ABOVE
SANY p691 L18,9-27,BCB007049630 Boom Conveyor Piping,18,13740915,Elbow,Sany yellow,5,,
SANY p691 L19,9-27,BCB007049630 Boom Conveyor Piping,21,SSG005164213,Straight Pipe,Sany red,1,,
SANY p691 L20,9-27,BCB007049630 Boom Conveyor Piping,22,A810301010755,Buckle,,1,9-28,
SANY p691 L21,9-27,BCB007049630 Boom Conveyor Piping,23,A810301011314,Hose,,1,,
SANY p691 L22,9-27,BCB007049630 Boom Conveyor Piping,24,13759028,Elbow,Sany red,1,,
SANY p691 L23,9-27,BCB007049630 Boom Conveyor Piping,24,13759028GC,90R275 END ELBOW,Yellow green,,,VARIANT_OF_ROW_ABOVE
SANY p693 L1,9-29,A810301010755 Buckle,1,A820101213519,Clamp,,1,,
SANY p693 L2,9-29,A810301010755 Buckle,2,A210110000016,Bolt,,1,,
SANY p693 L3,9-29,A810301010755 Buckle,3,A210307000025,Nut,,2,,
SANY p693 L4,9-29,A810301010755 Buckle,4,A810301011527,Buckle Rope,,1,,
