source_ref,section,page,dt,en,de,suitable,details,replaces,flags
DT-MAN p63 #1,010 A,63,3.10090,Crankcase cover,Kurbelgehausedeckel,"D 2066, D 2676",,MAN: 51.01501.5025,
DT-MAN p63 #2,010 A,63,4.20183,"Gasket, crankcase cover","Dichtung, Kurbelgehausedeckel","D 2840, D 2866, D 2876",,MAN: 51.01903.0251,
DT-MAN p63 #3,010 A,63,3.11061,"Gasket, crankcase ventilation","Dichtung, Kurbelgehauseentliftung",D 2866,,MAN: 51.01903.0295,
DT-MAN p64 #1,010 A,64,3.11060,"Gasket, crankcase","Dichtung, Kurbelgehause","D 2066, D 2676",,MAN: 51.01905.0092,
DT-MAN p64 #2,010 A,64,3.90006,General overhaul kit,Generaliiberholsatz,D 2066,ee,MAN: 51.00900.6680,
DT-MAN p64 #3,010 A,64,3.90004,General overhaul kit,Generaliiberholsatz,"D 2866, D 2876",,MAN: 51.00900.6635,
DT-MAN p65 #1,010 A,65,3.90002,"General overhaul kit, complete with race rings","Generaliiberholsatz, komplett mit Laufringen","D 2866, D 2876",,MAN: 51.00900.6602,
DT-MAN p65 #2,010 A,65,3.90005,General overhaul kit,Generalliberholsatz,D 2876,,MAN: 51.00900.6652,
DT-MAN p65 #3,010 A,65,3.10102,"Oil separator, complete with o-ring","Olabscheider, komplett mit O-Ring","D 2866, D 2876",,MAN: 51.01804.7028,
DT-MAN p65 #4,010 A,65,3.10120,"Hose, oil separator","Schlauch, Olabscheider","D 0836, D 2866, D 2876","di 17,8 mm d2 21,8 mm",MAN: 51.96301.0095,
DT-MAN p66 #1,010 A,66,3.10063,Oil nozzle,Oldiise,"D 0834, D 0836",,MAN: 51.01601.5065,
DT-MAN p66 #2,010 A,66,3.10061,Oil nozzle,Oldiise,D 2866,,MAN: 51.01601.5066,
DT-MAN p66 #3,010 A,66,3.10062,Oil nozzle,Oldiise,D 2866,,MAN: 51.01601.5083,
DT-MAN p66 #4,010 A,66,3.10064,Oil nozzle,Oldiise,D 2876,,MAN: 51.01601.5081,
DT-MAN p66 #5,010 A,66,3.10073,Oil pressure valve,Oldruckventil,"D 0834, D 0836","SW 17 L 28,5 mm M12 x 1,75",MAN: 51.05405.5024,
DT-MAN p67 #1,010 A,67,3.10071,Oil pressure valve,Oldruckventil,D 2866,"SW 19 L 40 mm M14x1,5",MAN: 51.05405.7017,
DT-MAN p67 #2,010 A,67,3.10072,Oil pressure valve,Oldruckventil,"D 2866, D 2876","L 30 mm M14x1,5",MAN: 51.05405.7044,
DT-MAN p67 #3,010 A,67,4.50132,Fixation sleeve,Fixierhiilse,"D 2840, D 2866, D 2876",d 15mm D1 17 mm D2 19mm H 15mm,MAN: 51.91701.0274,
DT-MAN p67 #4,010 A,67,3.10038,"Gasket, timing case","Dichtung, Steuergehause","D 0834, D 0836",,MAN: 51.01903.0333,
DT-MAN p68 #1,010 A,68,4.20436,"Gasket, timing case","Dichtung, Steuergehause","D 2866, D 2876",,MAN: 51.01903.0252,
DT-MAN p68 #2,010 A,68,3.10190,Gasket,Dichtung,"D 2866, D 2876",d 13 mm D 29 mm S 1mm,MAN: 51.96601.0380,
DT-MAN p68 #3,010 A,68,3.10220,Seal ring,Dichtring,"D 0834/0836, D 2066/2676, D 2840/2866, D 2868/2876","d 14,7 mm D 22 mm S",MAN: 06.56631.0106,
DT-MAN p68 #4,010 A,68,3.10047,Seal ring,Dichtring,"D 0834/0836, D 2066/2676, D 2840/2866, D 2876","d 26,7 mm D 35mm S 2mm",MAN: 06.56631.0112,
DT-MAN p69 #1,010 A,69,3.11071,"Oil seal, with mounting bush","Wellendichtring, mit Montagebuchse","D 0834, D 0836",d 55mm D 75mm H 10 mm,MAN: 51.01510.7002,
DT-MAN p69 #2,010 A,69,3.10040,Oil seal,Wellendichtring,"D 0834, D 0836",d 66 mm D 90 mm H 12mm,MAN: 51.01510.7000,
DT-MAN p69 #3,010 A,69,3.10045,Oil seal,Wellendichtring,"D 2066, D 2676, D 2866, D 2876, D 3876",d 100 mm D 130 mm H 12 mm,MAN: 51.01510.6008,
DT-MAN p69 #4,010 A,69,3.10044,Oil seal,Wellendichtring,"D 2840, D 2866, D 2876",d 105 mm D 130 mm H 12 mm,MAN: 51.01510.6004,
DT-MAN p70 #1,010 A,70,3.60218,Oil seal,Wellendichtring,D 2868,d 110 mm D 130 mm W 12 mm,MAN: 51.01510.0279,
DT-MAN p70 #2,010 A,70,3.10043,Oil seal,Wellendichtring,"D 0834, D 0836",d 110 mm D 130 mm H 13 mm,MAN: 51.01510.7001,
DT-MAN p70 #3,010 A,70,3.10042,Oil seal,Wellendichtring,"D 2066, D 2676, D 2866, D 2876",d 115mm D 140 mm H 12 mm,MAN: 51.01510.6010,
DT-MAN p70 #4,010 A,70,3.11072,Oil seal,Wellendichtring,"D 2868, D 3876",d 139mm D 164 mm H 12mm,MAN: 51.01510.0277,
DT-MAN p71 #1,010 A,71,3.10175,O-ring,O-Ring,"D 2840, D 2866, D 2876","d 36,5 mm S 3,5mm",MAN: 51.96501.0337,
DT-MAN p71 #2,010 A,71,3.10174,O-ring,O-Ring,"D 2066, D 2676, D 2866, D 2876",d 126 mm S 3mm,MAN: 51.96501.0324,
DT-MAN p72 #1,010 B,72,3.90133,Piston with liner,Kolben mit Laufbuchse,D 2066,D 120 mm,MAN: 51.02500.6298; MAHLE: 229 32 90,
DT-MAN p72 #2,010 B,72,3.90136,Piston with liner,Kolben mit Laufbuchse,D 2676,D 126 mm,MAN: 51.02500.6288; MAHLE: 229 33 90,
DT-MAN p72 #3,010 B,72,3.90028,Piston with liner,Kolben mit Laufbuchse,D 2866,D 128 mm,MAN: 51.02501.6072; MAHLE: 227 02 90,
DT-MAN p73 #1,010 B,73,3.90024,Piston with liner,Kolben mit Laufbuchse,D 2866,D 128 mm,MAN: 51.02511.7029; MAHLE: 228 31 90,
DT-MAN p73 #2,010 B,73,3.90026,Piston with liner,Kolben mit Laufbuchse,D 2866,D 128 mm,MAN: 51.02500.6023; MAHLE: 229 04 90,
DT-MAN p73 #3,010 B,73,3.90130,Piston with liner,Kolben mit Laufbuchse,D 2876,D 128 mm,MAN: 51.02511.7262; MAHLE: 228 14 90,
DT-MAN p74 #1,010 B,74,3.90022,Piston with liner,Kolben mit Laufbuchse,D 2876,D 128 mm,MAN: 51.02500.6019; MAHLE: 229 05 90,
DT-MAN p74 #2,010 B,74,3.90134,Piston with liner,Kolben mit Laufbuchse,D 2876,D 128 mm,MAN: 51.02500.6041; MAHLE: 229 14 90,
DT-MAN p74 #3,010 B,74,3.10148,"Piston, complete with rings","Kolben, komplett mit Ringen","D 0834, D 0836",D 108 mm,MAN: 51.02500.6165; MAHLE: 229 34 00,
DT-MAN p75 #1,010 B,75,3.10142,"Piston, complete with rings","Kolben, komplett mit Ringen",D 2066,D 120 mm,MAN: 51.02500.6298; MAHLE: 229 32 00,
DT-MAN p75 #2,010 B,75,3.10147,"Piston, complete with rings","Kolben, komplett mit Ringen",D 2676,D 126 mm,MAN: 51.02500.6288; MAHLE: 229 33 00,
DT-MAN p75 #3,010 B,75,3.10136,"Piston, complete with rings","Kolben, komplett mit Ringen",D 2866,D 128 mm,MAN: 51.02501.6072; MAHLE: 227 02 00,
DT-MAN p75 #4,010 B,75,3.10131,"Piston, complete with rings","Kolben, komplett mit Ringen",D 2866,D 128 mm,MAN: 51.02501.7621; MAHLE: 228 98 00,
DT-MAN p76 #1,010 B,76,3.10132,"Piston, complete with rings","Kolben, komplett mit Ringen",D 2866,D 128 mm,MAN: 51.02500.6023; MAHLE: 229 04 00,
DT-MAN p76 #2,010 B,76,3.10146,"Piston, complete with rings","Kolben, komplett mit Ringen",D 2866,D 128 mm,MAN: 51.02511.7354; MAHLE: 229 06 00,
DT-MAN p76 #3,010 B,76,3.10139,"Piston, complete with rings","Kolben, komplett mit Ringen",D 2876,D 128 mm,MAN: 51.02511.7262; MAHLE: 228 14 00,
DT-MAN p76 #4,010 B,76,3.10133,"Piston, complete with rings","Kolben, komplett mit Ringen",D 2876,D 128 mm,MAN: 51.02500.6019; MAHLE: 229 05 00,
DT-MAN p77 #1,010 B,77,3.10138,"Piston, complete with rings","Kolben, komplett mit Ringen",D 2876,D 128 mm,MAN: 51.02501.6080; MAHLE: 229 12 00,
DT-MAN p77 #2,010 B,77,3.10143,"Piston, complete with rings","Kolben, komplett mit Ringen",D 2876,D 128 mm,MAN: 51.02500.6041; MAHLE: 229 14 00,
DT-MAN p77 #3,010 B,77,3.90039,Piston ring kit,Kolbenringsatz,D 2066,D 120 mm,MAN: 51.02503.0886; MAHLE: 227 RS 00111 ONO,
DT-MAN p77 #4,010 B,77,3.90035,Piston ring kit,Kolbenringsatz,"D 2840, D 2866, D 2876",D 128 mm,MAN: 51.02503.0784; MAHLE: 229 04 NO,
DT-MAN p78 #1,010 B,78,3.90226,Piston ring kit,Kolbenringsatz,D 2866,D 128 mm,MAN: 51.02503.0554; MAHLE: 227 01 NO,
DT-MAN p78 #2,010 B,78,3.90031,Piston ring kit,Kolbenringsatz,D 2866,D 128 mm,MAN: 51.02503.7002; MAHLE: 228 90 NO,
DT-MAN p78 #3,010 B,78,3.10153,"Cylinder liner, without seal rings","Zylinderlaufbuchse, ohne Dichtringe","D 0834, D 0836",D 108 mm,MAN: 51.01201.0386; MAHLE: 227 WT 39,
DT-MAN p78 #4,010 B,78,3.10158,"Cylinder liner, without seal rings","Zylinderlaufbuchse, ohne Dichtringe",D 0836,D 108 mm,MAN: 51.01201.0400; MAHLE: 227 WT 49,
DT-MAN p79 #1,010 B,79,3.10160,"Cylinder liner, without seal rings","Zylinderlaufbuchse, ohne Dichtringe",D 2066,D 120 mm,MAN: 51.01201.0417; MAHLE: 227 WN 67,
DT-MAN p79 #2,010 B,79,3.10164,Cylinder liner,Zylinderlaufbuchse,D 2676,D 126 mm,MAN: 51.01201.0459; MAHLE: 227 WN 70,
DT-MAN p79 #3,010 B,79,4.61498,"Cylinder liner, without seal rings","Zylinderlaufbuchse, ohne Dichtringe",D 2840,D 128 mm,MAN: 51.01201.0306; MAHLE: 003 WN 25,
DT-MAN p79 #4,010 B,79,3.10151,"Cylinder liner, without seal rings","Zylinderlaufbuchse, ohne Dichtringe",D 2840,D 128 mm,MAN: 51.01201.0467; MAHLE: 227 WN 34,
DT-MAN p80 #1,010 B,80,3.10152,"Cylinder liner, without seal rings","Zylinderlaufbuchse, ohne Dichtringe","D 2866, D 2876",D 128 mm,MAN: 51.01201.0468; MAHLE: 227 WN 37,
DT-MAN p80 #2,010 B,80,3.10156,"Cylinder liner, without seal rings","Zylinderlaufbuchse, ohne Dichtringe","D 2866, D 2876",D 128 mm,MAN: 51.01201.0444; MAHLE: 227 WN 69,
DT-MAN p80 #3,010 B,80,3.10157,"Cylinder liner, without seal rings","Zylinderlaufbuchse, ohne Dichtringe","D 2866, D 2876",D 128 mm,MAN: 51.01201.0326,
DT-MAN p80 #4,010 B,80,3.10159,"Cylinder liner, without seal rings","Zylinderlaufbuchse, ohne Dichtringe",D 2876,D 128 mm,MAN: 51.01201.0435; MAHLE: 227 WN 65,
DT-MAN p81 #1,010 B,81,3.10180,"Seal ring, cylinder liner","Dichtring, Laufbuchse","D 2066, D 2676","d 139,4 mm S",MAN: 51.96501.0534,
DT-MAN p81 #2,010 B,81,3.10181,"Seal ring, cylinder liner","Dichtring, Laufbuchse","D 2866, D 2876","d 137,4mm S 4,6 mm",MAN: 51.96501.0540,
DT-MAN p81 #3,010 B,81,3.10165,"Shim, cylinder liner","Ausgleichscheibe, Laufbuchse","D 2866, D 2876","d 147,5 mm D 153,8 mm S 0,05 mm",MAN: 51.01222.0002,
DT-MAN p82 #1,010 B,82,3.90010,Seal ring kit,Dichtringsatz,"D 2840, D 2866, D 2876",,MAN: 51.96501.0493,
DT-MAN p82 #2,010 B,82,3.90012,Seal ring kit,Dichtringsatz,"D 2866, D 2876",,MAN: 51.96501.0540,
DT-MAN p82 #3,010 B,82,3.10182,O-ring,O-Ring,Universal,d 50 mm S,MAN: 51.96501.0544,
DT-MAN p83 #1,010 B,83,3.10171,O-ring,O-Ring,Universal,"d 138 mm S 2,1 mm",MAN: 51.96501.0493,
DT-MAN p83 #2,010 B,83,4.20157,"O-ring, black","O-Ring, schwarz",Universal,"d 140 mm S 3,8 mm",MAN: 51.96501.0357,
DT-MAN p83 #3,010 B,83,3.10170,O-ring,O-Ring,Universal,d 144mm S 4mm,MAN: 51.96501.0522,
DT-MAN p84 #1,010 C,84,3.10841,Engine mounting,Motorlager,TGL,"L 199 mm W 116 mm M14x1,5",MAN: 81.96210.0614,
DT-MAN p84 #2,010 C,84,3.10840,Engine mounting,Motorlager,"TGL/TGM, TGA","L 199 mm W 116mm M16x1,5",MAN: 81.96210.0635,
DT-MAN p84 #3,010 C,84,3.10839,Engine mounting,Motorlager,"TGL/TGM, TGA","L 180 mm W 175mm M14x 1,5",MAN: 81.96210.0598,
DT-MAN p84 #4,010 C,84,3.10813,"Engine mounting, front","Motorlager, vorne",TGA,"L 175 mm W 110 mm M14x1,5 M16 x 1,5",MAN: 81.96210.0574,
DT-MAN p85 #1,010 C,85,3.10814,"Engine mounting, rear","Motorlager, hinten",TGA,L 235 mm W 154mm M18 x2,MAN: 81.96210.6072,
DT-MAN p85 #2,010 C,85,3.10807,Engine mounting,Motorlager,TGA/TGS/TGX,"L 174mm W 180 mm 1,5 M18 x 1,5",MAN: 81.96210.0571,
DT-MAN p85 #3,010 C,85,3.10808,Engine mounting,Motorlager,TGA/TGS/TGX,"L 230 mm W 160 mm M18 x 1,5",MAN: 81.96210.0597,
DT-MAN p85 #4,010 C,85,3.10834,Engine mounting,Motorlager,TGA/TGS/TGX,"L 230 mm W 160 mm M18 x 1,5",MAN: 81.96210.0593,DT_NUMBER_FROM_OCR
DT-MAN p86 #1,010 C,86,3.10835,Engine mounting,Motorlager,TGA/TGS/TGX,"L 180 mm W 174mm M18 x 1,5",MAN: 81.96210.0620,DT_NUMBER_FROM_OCR
DT-MAN p86 #2,010 C,86,3.10821,Rubber buffer,Gummipuffer,TGL,D1 82 mm D2 96 mm H 91 mm M10 M12,MAN: 81.41506.0096,
DT-MAN p86 #3,010 C,86,3.10801,Rubber buffer,Gummipuffer,TGA/TGS,di 22 mm d2 40 mm D1 100 mm D2 106 mm H 85 mm,MAN: 81.96020.0341,
DT-MAN p86 #4,010 C,86,3.80075,Rubber buffer,Gummipuffer,TGA/TGS/TGX,"d 5mm D1 20 mm D2 28 mm H 13,5 mm",MAN: 81.96001.0517,
DT-MAN p87 #1,020 A,87,3.11052,Crankshaft,Kurbelwelle,D 0836,,MAN: 51.02101.6090,
DT-MAN p87 #2,020 A,87,3.11090,Crankshaft,Kurbelwelle,D 0836,,MAN: 51.02100.6022,
DT-MAN p87 #3,020 A,87,3.11053,Crankshaft,Kurbelwelle,D 2066,,MAN: 51.02101.0673,
DT-MAN p87 #4,020 A,87,3.11046,Crankshaft,Kurbelwelle,D 2866,,MAN: 51.02101.7705,
DT-MAN p87 #5,020 A,87,3.11047,Crankshaft,Kurbelwelle,D 2866,,MAN: 51.02100.6019,
DT-MAN p88 #1,020 A,88,3.11048,Crankshaft,Kurbelwelle,D 2876,,MAN: 51.02100.6018,
DT-MAN p88 #2,020 A,88,3.11103,Crankshaft gear,Kurbelwellenrad,"D 2066, D 2676",,MAN: 51.02115.0278,
DT-MAN p88 #3,020 A,88,4.61242,Crankshaft gear,Kurbelwellenrad,"D 2840, D 2866",,MAN: 51.02115.6076,
DT-MAN p88 #4,020 A,88,3.11111,Race ring,Laufring,"D 2840, D 2866, D 2876",d 100 mm D1 105 mm D2 108 mm H 18 mm,MAN: 51.02130.0032,
DT-MAN p89 #1,020 A,89,3.90043,Main bearing kit,Hauptlagersatz,D 0834,W1 26mm STD,MAN: 51.01113.6042,
DT-MAN p89 #2,020 A,89,3.90045,Main bearing kit,Hauptlagersatz,D 0836,"Os 0,25 mm",MAN: 51.01113.6051,
DT-MAN p89 #3,020 A,89,3.90046,Main bearing kit,Hauptlagersatz,"D 2066, D 2676",STD,MAN: 51.01113.6081,
DT-MAN p89 #4,020 A,89,3.90041,Main bearing kit,Hauptlagersatz,"D 2866, D 2876",STD,MAN: 51.01113.6073,
DT-MAN p90 #1,020 A,90,3.90042,Main bearing kit,Hauptlagersatz,"D 2866, D 2876",STD,MAN: 51.01113.6073,
DT-MAN p90 #2,020 A,90,3.90051,Thrust washer kit,Druckscheibensatz,"D 0834, D 0836",STD,,
DT-MAN p90 #3,020 A,90,3.90050,Thrust washer kit,Druckscheibensatz,"D 2066, D 2676, D 2866, D 2876",STD,MAN: 51.01114.6110,
DT-MAN p91 #1,020 B,91,3.11018,Flywheel,Schwungrad,"D 0834, D 0836",D 393 mm clutch 362 mm 129 teeth,MAN: 51.02301.5267; SACHS: 3421 601 077,
DT-MAN p91 #2,020 B,91,3.11008,Flywheel,Schwungrad,D 2066,D 485 mm clutch 430 mm 160 teeth,MAN: 51.02301.5258,
DT-MAN p91 #3,020 B,91,3.11009,Flywheel,Schwungrad,D 2066,D 485 mm clutch 430 mm 160 teeth seal,MAN: 51.02301.5259,
DT-MAN p92 #1,020 B,92,3.11034,Flywheel,Schwungrad,"D 2066, D 2676",D 485 mm clutch 430 mm 160 teeth,MAN: 51.02301.6080,
DT-MAN p92 #2,020 B,92,3.11017,Flywheel,Schwungrad,"D 2066, D 2676",D 485 mm clutch 430 mm 160 teeth,MAN: 51.02301.6094,
DT-MAN p92 #3,020 B,92,3.11001,Flywheel,Schwungrad,"D 2866, D 2876",D 485 mm clutch 420/430 mm 160 teeth,MAN: 51.02301.6033,
DT-MAN p93 #1,020 B,93,3.11007,Flywheel,Schwungrad,D 2876,D 485 mm clutch 430 mm 160 teeth,MAN: 51.02301.6034,
DT-MAN p93 #2,020 B,93,3.11032,Flywheel,Schwungrad,D 2876,D 485 mm clutch 430 mm 160 teeth,MAN: 51.02301.6043,
DT-MAN p93 #3,020 B,93,3.11170,Flywheel,Schwungrad,D 3876,D 485 mm clutch 430 mm 160 teeth,MAN: 51.02301.5325; SACHS: 3421 601 078,
DT-MAN p94 #1,020 B,94,3.11013,Ring gear,Zahnkranz,"D 0834, D 0836",d 363 mm D 393 mm 129 teeth,MAN: 51.02310.0087,
DT-MAN p94 #2,020 B,94,3.11011,Ring gear,Zahnkranz,"D 0834, D 0836",d 398 mm D 435 mm 143 teeth,MAN: 51.02310.0086,
DT-MAN p94 #3,020 B,94,3.11010,Ring gear,Zahnkranz,"D 2066/2676, D 2840/2866, D 2876",d 432 mm D 485 mm 160 teeth,MAN: 51.02310.0097,
DT-MAN p95 #1,020 B,95,3.90202,"Repair kit, flywheel","Reparatursatz, Schwungrad","D 2066/2676, D 2840/2866, D 2876",,MAN: 51.01510.0206,
DT-MAN p95 #2,020 B,95,3.90203,"Repair kit, flywheel","Reparatursatz, Schwungrad","D 2066/2676, D 2840/2866, D 2876",,MAN: 51.01510.0206,
DT-MAN p95 #3,020 B,95,3.11070,Oil seal,Wellendichtring,"D 2066, D 2676, D 2866, D 2876",d 52 mm D 72 mm H 12 mm,MAN: 51.96501.0465,
DT-MAN p95 #4,020 B,95,3.10041,Oil seal,Wellendichtring,"D 2066/2676, D 2840/2866, D 2876",d 120 mm D 140 mm H 13 mm,MAN: 51.01510.0206,
DT-MAN p96 #1,020 B,96,3.11202,Flywheel screw,Schwungradschraube,"D 2066/2676, D 2840/2866, D 2868/2876",LTh 54mm Lu 74mm,MAN: 51.90020.0298,
DT-MAN p96 #2,020 B,96,4.60449,Race ring,Laufring,"D 2066/2676, D 2840/2866, D 2876",d 115mm D 120 mm H 21 mm,MAN: 51.02130.0013,
DT-MAN p96 #3,020 B,96,3.11121,Ball bearing,Kugellager,"D 0834, D 0836",d 25mm D 47 mm H 12mm,MAN: 51.93410.0149,
DT-MAN p96 #4,020 B,96,1.10311,Ball bearing,Kugellager,"D 2066/2676, D 2840/2866, D 2868/2876",d 25mm D 62 mm H 17mm,MAN: 51.93410.0143,
DT-MAN p97 #1,020 C,97,3.11213,"Connecting rod, conical head","Pleuelstange, konischer Kopf","D 0834, D 0836",di 42 mm d2 74mm L 196 mm,MAN: 51.02400.6023,
DT-MAN p97 #2,020 C,97,3.11219,"Connecting rod, straight head","Pleuelstange, gerader Kopf","D 0834, D 0836",44 mm d2 74mm L 196 mm,MAN: 51.02400.6068,DT_NUMBER_FROM_OCR
DT-MAN p97 #3,020 C,97,3.11027,"Connecting rod, straight head","Pleuelstange, gerader Kopf",D 2066,di 52mm d2 95 mm L 256 mm,MAN: 51.02400.6120,
DT-MAN p97 #4,020 C,97,3.11222,"Connecting rod, straight head","Pleuelstange, gerader Kopf",D 2066,di 52mm d2 95 mm L 256 mm,MAN: 51.02400.6145,
DT-MAN p98 #1,020 C,98,3.11029,"Connecting rod, conical head","Pleuelstange, konischer Kopf",D 2840,di 46 mm d2 95 mm L 256 mm,MAN: 51.02400.6034,
DT-MAN p98 #2,020 C,98,3.11024,"Connecting rod, straight head","Pleuelstange, gerader Kopf",D 2866,dl 46 mm d2 95 mm L 251mm,MAN: 51.02400.6044,
DT-MAN p98 #3,020 C,98,4.61901,"Connecting rod, straight head","Pleuelstange, gerader Kopf",D 2866,dl 46 mm d2 95 mm L 251 mm,MAN: 51.02401.6244,
DT-MAN p98 #4,020 C,98,3.11025,"Connecting rod, conical head","Pleuelstange, konischer Kopf",D 2866,46 mm d2 95 mm L 251 mm,MAN: 51.02400.6065,
DT-MAN p99 #1,020 C,99,3.11022,"Connecting rod, conical head","Pleuelstange, konischer Kopf",D 2876,di 50 mm d2 95 mm L 256 mm,MAN: 51.02400.6049,
DT-MAN p99 #2,020 C,99,3.11028,"Connecting rod, straight head","Pleuelstange, gerader Kopf",D 2876,di 52 mm d2 95 mm L 256 mm,MAN: 51.02400.6054,
DT-MAN p99 #3,020 C,99,4.60771,"Con rod bushing, semi","Pleuelbuchse, semi",D 2866,"d 45,3 mm D 50,7 mm L 38,5 mm",MAN: 51.02405.1003,
DT-MAN p99 #4,020 C,99,3.90069,Con rod bearing kit,Pleuellagersatz,D 0836,STD,MAN: 51.02410.6639,
DT-MAN p100 #1,020 C,100,3.90062,Con rod bearing kit,Pleuellagersatz,"D 2066, D 2876",STD,MAN: 51.02410.6632,
DT-MAN p100 #2,020 C,100,3.90067,Con rod bearing kit,Pleuellagersatz,"D 2066, D 2676",STD,MAN: 51.02410.6698,
DT-MAN p100 #3,020 C,100,3.90060,Con rod bearing kit,Pleuellagersatz,D 2840,STD,MAN: 51.02410.6488,
DT-MAN p100 #4,020 C,100,3.90061,Con rod bearing kit,Pleuellagersatz,D 2866,STD,MAN: 51.02410.6533,DT_NUMBER_FROM_OCR
DT-MAN p101 #1,020 C,101,3.90066,Con rod bearing kit,Pleuellagersatz,D 2866,STD,MAN: 51.02410.6626,
DT-MAN p101 #2,020 C,101,3.11215,Connecting rod screw,Pleuelschraube,"D 0834, D 0836",LTh 55mm Lu 60 mm,MAN: 51.90490.0028,
DT-MAN p101 #3,020 C,101,4.40133,Connecting rod screw,Pleuelschraube,"D 2840, D 2866","LTh 15mm Lu 67,5 mm sw 19 M16x1,5",MAN: 51.90020.0139,
DT-MAN p101 #4,020 C,101,3.11210,Connecting rod screw,Pleuelschraube,"D 2840, D 2866, D 2876","LTh 55mm Lu 65,5 mm M14x 1,5",MAN: 51.90490.0021,
DT-MAN p102 #1,020 C,102,3.11211,Connecting rod screw,Pleuelschraube,D 2876,"LTh 17mm Lu 65,5 mm M16x1,5",MAN: 51.90021.0004,
DT-MAN p103 #1,030 A,103,3.12214,"Cylinder head, without valves","Zylinderkopf, ohne Ventile",D 0834,,MAN: 51.03100.6397,
DT-MAN p103 #2,030 A,103,3.12005,"Cylinder head, without valves","Zylinderkopf, ohne Ventile",D 2866,,MAN: 51.03101.6773,DT_NUMBER_FROM_OCR
DT-MAN p103 #3,030 A,103,3.12003,"Cylinder head, without valves","Zylinderkopf, ohne Ventile","D 2866, D 2876",,MAN: 51.03100.6053,
DT-MAN p103 #4,030 A,103,3.12207,"Cylinder head, with valves","Zylinderkopf, mit Ventilen","D 2866, D 2876",,MAN: 51.03100.6053,DT_NUMBER_FROM_OCR
DT-MAN p104 #1,030 A,104,3.12004,"Cylinder head, without valves","Zylinderkopf, ohne Ventile","D 2866, D 2876",,MAN: 51.03101.6774,
DT-MAN p104 #2,030 A,104,3.12205,"Cylinder head, without valves","Zylinderkopf, ohne Ventile",D 2876,,MAN: 51.03100.6181,
DT-MAN p104 #3,030 A,104,3.12211,"Cylinder head, without valves","Zylinderkopf, ohne Ventile",E 2876,,MAN: 51.03100.6154,
DT-MAN p104 #4,030 A,104,3.12100,Cylinder head gasket,Zylinderkopfdichtung,D 0836,,MAN: 51.03901.0379,
DT-MAN p105 #1,030 A,105,3.12104,Cylinder head gasket,Zylinderkopfdichtung,D 2066,,MAN: 51.03901.0403,
DT-MAN p105 #2,030 A,105,3.12101,Cylinder head gasket,Zylinderkopfdichtung,"D 2840, D 2866, D 2876",,MAN: 51.03901.0338,
DT-MAN p105 #3,030 A,105,3.12103,Cylinder head gasket,Zylinderkopfdichtung,"D 2866, D 2876",,MAN: 51.03901.0298,
DT-MAN p105 #4,030 A,105,3.12105,Cylinder head gasket,Zylinderkopfdichtung,"D 2866, D 2876",,MAN: 51.03901.0382,
DT-MAN p106 #1,030 A,106,3.90003,Cylinder head gasket kit,Zylinderkopfdichtsatz,"D 2866, D 2876",,MAN: 51.00900.6630,
DT-MAN p106 #2,030 A,106,3.90090,Cylinder head gasket kit,Zylinderkopfdichtsatz,"D 2866, D 2876",,MAN: 51.00900.6703,
DT-MAN p106 #3,030 A,106,3.90101,Cylinder head gasket kit,Zylinderkopfdichtsatz,"D 2866, D 2876",,MAN: 51.00900.6558,
DT-MAN p106 #4,030 A,106,3.90105,Cylinder head gasket kit,Zylinderkopfdichtsatz,"D 2866, D 2876",,MAN: 51.00900.6658,
DT-MAN p107 #1,030 A,107,3.90091,Cylinder head gasket kit,Zylinderkopfdichtsatz,D 2876,,MAN: 51.00900.6653,
DT-MAN p107 #2,030 A,107,3.90092,"Gasket kit, decarbonizing","Dichtsatz, EntruBung",D 2066,,MAN: 51.00900.6681,
DT-MAN p107 #3,030 A,107,3.11205,Cylinder head screw,Zylinderkopfschraube,"D 0834, D 0836",LTh 77 mm Lu 140 mm M14x2,MAN: 51.90020.0381,
DT-MAN p107 #4,030 A,107,3.11217,Cylinder head screw,Zylinderkopfschraube,"D 2066, D 2676, D 2868",LTh 100 mm Lu 246 mm,MAN: 51.90020.0421,
DT-MAN p108 #1,030 A,108,3.11208,Cylinder head screw,Zylinderkopfschraube,"D 2840, D 2866, D 2876",LTh 92 mm Lu 109 mm M15 x2,MAN: 51.90490.0024,
DT-MAN p108 #2,030 A,108,3.11207,Cylinder head screw,Zylinderkopfschraube,"D 2840, D 2866, D 2876",Th 97mm Lu 144 mm,MAN: 51.90490.0023,
DT-MAN p108 #3,030 A,108,3.11206,Cylinder head screw,Zylinderkopfschraube,"D 2840, D 2866, D 2876",92mm Lu 168 mm M15 x2,MAN: 51.90490.0022,
DT-MAN p108 #4,030 A,108,3.13081,Cylinder head screw,Zylinderkopfschraube,"D 2840, D 2866, D 2876",th 96mm Lu 198 mm M15 x2,MAN: 51.90490.0071,
DT-MAN p109 #1,030 A,109,3.13080,Cylinder head screw,Zylinderkopfschraube,"D 2840, D 2866, D 2876",LTh 196 mm Lu 260 mm M15 x2,MAN: 51.90490.0041,
DT-MAN p109 #2,030 A,109,4.50185,Expansion plug,Verschlussdeckel,"D 0834/0836, D 2840/2866, D 2868/2876",D 22mm,MAN: 51.91606.0041,
DT-MAN p109 #3,030 A,109,4.50174,Expansion plug,Verschlussdeckel,"D 2066/2676, D 2840/2866, D 2876",D 40 mm,MAN: 51.91606.0037,
DT-MAN p109 #4,030 A,109,3.12055,"Valve guide, intake and exhaust","Ventilfiihrung, Einlass und Auslass","D 2066/2676, D 2840/2866, D 2876","d 9mm D 15mm L 66,5 mm",MAN: 51.03201.0126,
DT-MAN p110 #1,030 A,110,3.12050,"Valve guide, intake and exhaust","Ventilftihrung, Einlass und Auslass",D 2866,d 12mm D 18 mm L 64 mm,MAN: 51.03201.0088,
DT-MAN p110 #2,030 A,110,3.12051,"Valve guide, intake","Ventilfiihrung, Einlass","D 2866, D 2876","d 12 mm D 18mm L 59,5 mm",MAN: 51.03201.0108,
DT-MAN p110 #3,030 A,110,3.12052,"Valve guide, exhaust","Ventilfiihrung, Auslass","D 2866, D 2876",d 12 mm D 18 mm L 56mm,MAN: 51.03201.0102,
DT-MAN p110 #4,030 A,110,3.12069,"Valve seat ring, intake","Ventilsitzring, Einlass","D 2866, D 2876","d 38,1 mm D 48,11 mm H 8mm 30°",MAN: 51.03203.0301,
DT-MAN p110 #5,030 A,110,3.12070,"Valve seat ring, exhaust","Ventilsitzring, Auslass","D 2866, D 2876","d 40 mm D 48,11 mm H 8mm Oo 45°",MAN: 51.03203.0302,
DT-MAN p111 #1,030 A,111,3.12063,"Valve seat ring, intake","Ventilsitzring, Einlass","D 2866, D 2876","d 49 mm D 61,11 mm H 8,8 mm Oo 30°",MAN: 51.03203.0293,
DT-MAN p111 #2,030 A,111,3.12060,"Valve seat ring, exhaust","Ventilsitzring, Auslass","D 2866, D 2876","d 43 mm D 53,11 mm H 10 mm 45°",MAN: 51.03203.0184,
DT-MAN p111 #3,030 A,111,3.12116,Valve cover gasket,Ventildeckeldichtung,D 0834,,MAN: 51.03905.0182,
DT-MAN p111 #4,030 A,111,3.12118,Valve cover gasket,Ventildeckeldichtung,D 0836,,MAN: 51.03905.0167,
DT-MAN p111 #5,030 A,111,3.12115,Valve cover gasket,Ventildeckeldichtung,"D 2066, D 2676",,MAN: 51.03905.0177,
DT-MAN p112 #1,030 A,112,3.12114,Valve cover gasket,Ventildeckeldichtung,"D 2840, D 2876",,MAN: 51.03905.0190,
DT-MAN p112 #2,030 A,112,3.12111,Valve cover gasket,Ventildeckeldichtung,"D 2866, D 2876",,MAN: 51.03905.0135,
DT-MAN p112 #3,030 A,112,3.12112,Valve cover gasket,Ventildeckeldichtung,"D 2866, D 2876",,MAN: 51.03905.0157,
DT-MAN p112 #4,030 A,112,3.12113,Valve cover gasket,Ventildeckeldichtung,"D 2866, D 2876",,MAN: 51.03905.0161,
DT-MAN p113 #1,030 A,113,3.12130,"Bushing, with screw","Buchse, mit Schraube","D 2066, D 2676",Lu 28 mm SW 10 M6 x 1,MAN: 51.96210.0087,
DT-MAN p114 #1,040 A,114,3.13011,Intake valve,Einlassventil,"D 2066, D 2676","D1 9mm D2 40 mm L 160,4 mm oO 30°",MAN: 51.04101.0574,
DT-MAN p114 #2,040 A,114,3.13010,Exhaust valve,Auslassventil,"D 2066, D 2676","D1 9mm D2 38 mm L 160,4 mm Oo 45°",MAN: 51.04101.0546,
DT-MAN p114 #3,040 A,114,3.13012,Intake valve,Einlassventil,"D 2840, D 2876","D1 9mm D2 44mm L 153,7 mm 30°",MAN: 51.04101.0523,
DT-MAN p114 #4,040 A,114,3.13013,Exhaust valve,Auslassventil,"D 2840, D 2876","D1 9mm D2 41 mm L 153,7 mm Oo 45°",MAN: 51.04101.0524,
DT-MAN p115 #1,040 A,115,3.13000,Intake valve,Einlassventil,"D 2866, D 2876","D1 12 mm D2 58 mm L 142,5 mm oO 30°",MAN: 51.04101.0478,
DT-MAN p115 #2,040 A,115,3.13001,Exhaust valve,Auslassventil,"D 2866, D 2876","D1 12 mm D2 51mm L 142,6 mm 45°",MAN: 51.04101.0479,
DT-MAN p115 #3,040 A,115,3.13005,Intake valve,Einlassventil,"D 2866, D 2876","D1 12 mm D2 58 mm L 142,5 mm Oo 30°",MAN: 51.04101.0375,
DT-MAN p115 #4,040 A,115,3.13002,Exhaust valve,Auslassventil,"D 2866, D 2876","D1 12mm D2 51 mm L 142,6 mm 45°",MAN: 51.04101.0487,
DT-MAN p115 #5,040 A,115,3.13003,Intake valve,Einlassventil,"D 2866, D 2876","D1 9mm D2 46mm L 153,7 mm Oo 30°",MAN: 51.04101.0547,
DT-MAN p116 #1,040 A,116,3.13004,Exhaust valve,Auslassventil,"D 2866, D 2876","D1 9mm D2 46 mm L 153,7 mm 45°",MAN: 51.04101.0548,
DT-MAN p116 #2,040 A,116,3.14068,Valve bridge,Ventilbriicke,"D 2866, D 2876",,MAN: 51.04120.0019,
DT-MAN p116 #3,040 A,116,3.13023,"Valve spring, inner","Ventilfeder, innen","D 2866, D 2876",D 30mm L 66 mm,MAN: 51.04102.0095,
DT-MAN p116 #4,040 A,116,3.13022,"Valve spring, outer","Ventilfeder, auBen","D 2866, D 2876","D 41,8 mm L 69 mm",MAN: 51.04102.0094,
DT-MAN p116 #5,040 A,116,3.13025,"Valve spring, inner","Ventilfeder, innen","D 2866, D 2876",D 23 mm L 65 mm,MAN: 51.04102.0144,
DT-MAN p117 #1,040 A,117,4.70056,"Valve spring, inner","Ventilfeder, innen","D 2866, D 2876","D 29 mm L 66,5 mm",MAN: 51.04102.0075,
DT-MAN p117 #2,040 A,117,4.70057,"Valve spring, outer","Ventilfeder, auBen","D 2866, D 2876","D 42 mm L 61,5 mm",MAN: 51.04102.0070,
DT-MAN p117 #3,040 A,117,3.13039,"Spring retainer, intake and exhaust","Federteller, Einlass und Auslass","D 2066/2676, D 2840/2866, D 2868/2876","d 10 mm D1 23,2 mm D2 34mm H 12,7 mm",MAN: 51.04103.0108,
DT-MAN p117 #4,040 A,117,4.50139,"Spring retainer, intake and exhaust","Federteller, Einlass und Auslass","D 2866, D 2876","d 16mm D1 30,9 mm D2 40 mm H 12,6 mm",MAN: 51.04103.0095,
DT-MAN p118 #1,040 A,118,3.13052,Washer,Scheibe,"D 2066/2676, D 2840/2866, D 2876","d 15,5 mm D 34mm S 0,5 mm",MAN: 51.90701.0228,
DT-MAN p118 #2,040 A,118,4.50145,Shim,Ausgleichscheibe,"D 0834/0836, D 2840/2866, D 2876","d 20,2 mm D 30 mm S 0,5 mm",MAN: 51.90701.0103,
DT-MAN p118 #3,040 A,118,4.50144,Shim,Ausgleichscheibe,"D 2840, D 2866, D 2876","d 32 mm D 42 mm S 0,5 mm",MAN: 51.90701.0104,
DT-MAN p118 #4,040 A,118,3.13043,Valve stem key,Ventilkegelstiick,"D 2066/2676, D 2840/2866, D 2868/2876","di 9mm d2 7,3 mm H 74mm 3 grooves",MAN: 51.04104.0034,
DT-MAN p118 #5,040 A,118,3.13041,Valve stem key,Ventilkegelstiick,"D 2866, D 2876","d 12mm H 9,9 mm 1 grooves",MAN: 51.04104.0023,
DT-MAN p119 #1,040 A,119,3.13031,Valve stem seal,Ventilschaftabdichtung,"D 0834, D 0836","d 7mm D1 11mm D2 14,4 mm H 9,5 mm",MAN: 51.04902.0034,
DT-MAN p119 #2,040 A,119,4.20414,Valve stem seal,Ventilschaftabdichtung,"D 2066/2676, D 2840/2866, D 2868/2876","d 9mm D1 12 mm D2 15,4mm H 10,5 mm",MAN: 51.04902.0033,
DT-MAN p119 #3,040 A,119,4.20004,Valve stem seal,Ventilschaftabdichtung,"D 2866, D 2876",d 12 mm D1 16mm D2 20 mm H 15mm,MAN: 51.04902.0028,
DT-MAN p119 #4,040 A,119,3.13111,Rocker arm,Kipphebel,"D 2866, D 2876",d 25mm,MAN: 51.04201.6147,
DT-MAN p119 #5,040 A,119,4.61669,Rocker arm,Kipphebel,"D 2866, D 2876",d 25 mm M12 x1,MAN: 51.04201.6111,
DT-MAN p120 #1,040 A,120,4.60889,Rocker arm bushing,Kipphebelbuchse,"D 2866, D 2876","d 24,9 mm D 28,4 mm H 17,8 mm",MAN: 51.93020.1011,
DT-MAN p120 #2,040 A,120,4.60837,Rocker arm bracket,Kipphebelbock,"D 2866, D 2876",,MAN: 51.04202.5034,
DT-MAN p120 #3,040 A,120,4.90628,"Rocker arm bracket, complete","Kipphebelbock, komplett","D 2866, D 2876",,MAN: 51.04202.7002,
DT-MAN p120 #4,040 A,120,4.90308,"Adjusting screw, with nut","Einstellschraube, mit Mutter","D 2840, D 2866, D 2876",L 4i mm M12x1,MAN: 51.04205.0021,
DT-MAN p121 #1,040 A,121,4.40097,"Adjusting screw, rocker arm","Einstellschraube, Kipphebel","D 2840, D 2866, D 2876",L 41 mm M12 x1,MAN: 51.04205.0021,
DT-MAN p121 #2,040 A,121,4.40072,Nut,Mutter,"D 2840, D 2866, D 2876",M12 x1,MAN: 51.90501.0049,DT_NUMBER_FROM_OCR
DT-MAN p122 #1,040 B,122,3.14025,Camshaft,Nockenwelle,D 0834,,MAN: 51.04401.6391,
DT-MAN p122 #2,040 B,122,3.14026,Camshaft,Nockenwelle,D 0836,,MAN: 51.04401.0789,
DT-MAN p122 #3,040 B,122,3.13201,Camshaft,Nockenwelle,D 2866,,MAN: 51.04401.6376,
DT-MAN p122 #4,040 B,122,3.13203,Camshaft,Nockenwelle,D 2866,,MAN: 51.04401.6375,
DT-MAN p122 #5,040 B,122,3.13204,Camshaft,Nockenwelle,"D 2866, D 2876",,MAN: 51.04401.6373,
DT-MAN p123 #1,040 B,123,3.13205,Camshaft,Nockenwelle,"D 2866, D 2876",,MAN: 51.04401.5053,
DT-MAN p123 #2,040 B,123,3.13208,Camshaft,Nockenwelle,"D 2866, D 2876",,MAN: 51.04400.6006,
DT-MAN p123 #3,040 B,123,3.90080,Camshaft bearing kit,Nockenwellenlagersatz,"D 2866, D 2876",,MAN: 51.04410.0139,
DT-MAN p123 #4,040 B,123,3.13243,Camshaft bearing kit,Nockenwellenlagersatz,"D 2066, D 2676",,MAN: 51.04410.0177,DT_NUMBER_FROM_OCR
DT-MAN p124 #1,040 B,124,3.13233,Push rod,StoBelstange,"D 2866, D 2876","D 11,5 mm L 336 mm",MAN: 51.04302.0053,
DT-MAN p124 #2,040 B,124,4.50140,Valve tappet,VentilstoBel,"D 2840, D 2866, D 2876","D1 20 mm D2 32,3 mm L 76 mm",MAN: 51.04301.0106,
DT-MAN p124 #3,040 B,124,3.13220,Valve tappet,VentilstoBel,"D 2866, D 2876","D1 20 mm D2 34mm L 75,5 mm",MAN: 51.04301.0065,
DT-MAN p124 #4,040 B,124,3.13224,Valve tappet old version of 3.13220,VentilstoBel alte Ausfiihrung von 3.13220,"D 2866, D 2876",D1 20mm D2 34mm L 78 mm,MAN: 51.04301.0068,
DT-MAN p125 #1,050 A,125,4.61267,Oil pump,Olpumpe,D 2866,,MAN: 51.05100.6135,
DT-MAN p125 #2,050 A,125,4.61620,Oil pump,Olpumpe,D 2866,,MAN: 51.05100.6134,
DT-MAN p125 #3,050 A,125,4.61264,Oil pump,Olpumpe,D 2866,,MAN: 51.05100.6133,
DT-MAN p125 #4,050 A,125,3.14003,Oil pump,Olpumpe,"D 2866, D 2876",,MAN: 51.05100.6262,
DT-MAN p126 #1,050 A,126,3.14005,Oil pump,Olpumpe,"D 2866, D 2876",,MAN: 51.05101.6008,
DT-MAN p126 #2,050 A,126,3.14015,Oil pump housing,Olpumpengehause,D 0836,,MAN: 51.05102.0101,
DT-MAN p126 #3,050 A,126,3.90630,"Repair kit, oil pump","Reparatursatz, Olpumpe",D 0836,,MAN: 51.05104.6195,
DT-MAN p126 #4,050 A,126,3.90633,"Repair kit, oil pump","Reparatursatz, Olpumpe",D 0836,,MAN: 51.05104.6176,
DT-MAN p127 #1,050 A,127,3.14049,"Axle, gear, oil pump","Achse, Zahnrad, Olpumpe","D 2066, D 2676","D 37 mm L 44,5mm",MAN: 51.05105.5000,DT_NUMBER_FROM_OCR
DT-MAN p127 #2,050 A,127,3.14022,Oil pressure valve,Oldruckventil,"D 2066, D 2868","sw 19 M27 x 1,5",MAN: 51.05405.0013,
DT-MAN p127 #3,050 A,127,3.14021,Oil pressure valve,Oldruckventil,"D 2866, D 2876",,MAN: 51.05405.0012,
DT-MAN p127 #4,050 A,127,3.10222,O-ring,O-Ring,"D 2066, D 2676",d 22 mm S 2mm,MAN: 06.56936.1150,DT_NUMBER_FROM_OCR
DT-MAN p128 #1,050 B,128,3.14102,Oil filter,Olfilter,D 0836,D 108 mm H 180 mm M30 x 2,MAN: 51.05501.7160,
DT-MAN p128 #2,050 B,128,3.14153,"Cap, oil filter","Deckel, Olfilter",D 0836,,MAN: 51.05505.0012,
DT-MAN p128 #3,050 B,128,3.14150,"Cap, oil filter","Deckel, Olfilter","D 2866, D 2876",,MAN: 51.05505.6002,
DT-MAN p128 #4,050 B,128,3.14108,Oil filter insert,Olfiltereinsatz,"D 0834, D 0836",d 37 mm D 83 mm H 170 mm,MAN: 51.05500.6073,
DT-MAN p129 #1,050 B,129,3.14104,Oil filter insert,Olfiltereinsatz,"D 0836, D 2840, D 2866, D 2876",d 37 mm D 83 mm H 214mm,MAN: 51.05504.0096,
DT-MAN p129 #2,050 B,129,3.14106,Oil filter insert,Olfiltereinsatz,"D 2066, D 2676, D 2868",d 57mm D 121 mm H 203 mm,MAN: 51.05504.0122,
DT-MAN p129 #3,050 B,129,3.14103,Oil filter insert,Olfiltereinsatz,D 2866,d 56mm D 120 mm H 244mm,MAN: 51.05504.0104,
DT-MAN p129 #4,050 B,129,3.14105,Oil filter insert,Olfiltereinsatz,"D 2866, D 2876",d 50mm D 120 mm H 148 mm,MAN: 51.05504.0098,
DT-MAN p130 #1,050 B,130,4.90701,Oil filter insert,Olfiltereinsatz,"D 2866, D 2876",d 23 mm D 84mm H 198 mm,MAN: 51.05504.0094,
DT-MAN p130 #2,050 B,130,3.14109,Oil filter insert,Olfiltereinsatz,D 2868,"di 51mm d2 54,5 mm D 120,5 mm H 198,5 mm",MAN: 51.05504.0110,
DT-MAN p130 #3,050 B,130,3.14172,Oil cooler,Olkiihler,"D 2866, D 2876",,MAN: 51.05601.0121,
DT-MAN p130 #4,050 B,130,4.60820,Oil cooler,Olkiihler,"D 2866, D 2876",,MAN: 51.05601.0148,
DT-MAN p131 #1,050 B,131,4.61075,Oil cooler housing,Olkiihlergehause,D 2866,,MAN: 51.05503.6093,
DT-MAN p131 #2,050 B,131,3.14210,"Gasket, oil cooler housing","Dichtung, Olkiihlergehause","D 0834, D 0836",,MAN: 51.96501.0629,
DT-MAN p131 #3,050 B,131,3.14209,"Gasket, oil cooler housing","Dichtung, Olkiihlergehause",D 0836,,MAN: 51.05901.0139,
DT-MAN p131 #4,050 B,131,3.14207,"Gasket, oil cooler housing","Dichtung, Olkiihlergehause","D 2066, D 2676",,MAN: 51.05901.0135,
DT-MAN p132 #1,050 B,132,3.14206,"Gasket, oil cooler housing","Dichtung, Olkiihlergehause","D 2066, D 2676",,MAN: 51.05901.0144,
DT-MAN p132 #2,050 B,132,3.14208,"Gasket, oil cooler housing","Dichtung, Olkiihlergehause","D 2066, D 2076",,MAN: 51.05901.0160,
DT-MAN p132 #3,050 B,132,3.14201,"Gasket, oil cooler housing","Dichtung, Olkiihlergehause","D 2840, D 2866, D 2876",,MAN: 51.05901.0146,
DT-MAN p132 #4,050 B,132,3.14202,"Gasket, oil cooler housing","Dichtung, Olkiihlergehause","D 2866, D 2876",,MAN: 51.05901.0122,
DT-MAN p133 #1,050 B,133,3.37047,Oil pressure sensor,Oldrucksensor,"D 0824, D 0826, D 0836",SPmax 5 bar M18,MAN: 51.27421.0099,
DT-MAN p133 #2,050 B,133,3.37046,Oil pressure sensor,Oldrucksensor,D 0836,SPmax 16 bar,MAN: 51.27421.0194,
DT-MAN p133 #3,050 B,133,3.14131,Extension tube,Steckrohr,"D 2066, D 2676",d 14mm L 32 mm,MAN: 51.98182.0091,
DT-MAN p133 #4,050 B,133,3.14130,Extension tube,Steckrohr,"D 2066, D 2676, D 2868",d 29 mm L 32 mm,MAN: 51.98182.0092,
DT-MAN p134 #1,050 B,134,4.61830,Valve,Ventil,D 2866,,MAN: 51.05511.0002,
DT-MAN p134 #2,050 B,134,4.30001,Screw plug,Verschlussschraube,"D 2066, D 2866, D 2876, D 2868","M26 x 1,5",MAN: 51.90310.0107,
DT-MAN p134 #3,050 B,134,4.20284,Gasket,Dichtung,Universal,"d 26,5 mm b 9mm Lb 48,5 mm L 68 mm W 40 mm S 1mm",MAN: 06.56254.2203,
DT-MAN p134 #4,050 B,134,3.14247,Gasket,Dichtung,Universal,d 50 mm b 11mm Lb 78 mm L 100 mm W 64 mm S 1mm,MAN: 06.56254.2208,
DT-MAN p135 #1,050 B,135,3.14205,Gasket,Dichtung,Universal,d 40 mm b 11mm Lb 68 mm L 90 mm W 56mm S 1mm,MAN: 06.56254.3706,
DT-MAN p135 #2,050 B,135,1.14468,Seal ring,Dichtring,Universal,"d 18,7 mm D 26mm S 1,5 mm",MAN: 06.56631.0109,
DT-MAN p135 #3,050 B,135,4.20018,O-ring,O-Ring,Universal,d 134mm S 4mm,MAN: 51.96501.0265,
DT-MAN p136 #1,050 C,136,3.14223,Oil sump gasket,Olwannendichtung,D 0834,,MAN: 51.05904.0171,
DT-MAN p136 #2,050 C,136,3.14221,Oil sump gasket,Olwannendichtung,D 0836,,MAN: 51.05904.0139,
DT-MAN p136 #3,050 C,136,3.14222,Oil sump gasket,Olwannendichtung,D 0836,,MAN: 51.05904.0195,
DT-MAN p136 #4,050 C,136,3.14229,Oil sump gasket,Olwannendichtung,"D 2066, D 2676",,MAN: 51.05904.0212,
DT-MAN p137 #1,050 C,137,4.20236,Oil sump gasket,Olwannendichtung,D 2840,,MAN: 51.05904.0134,
DT-MAN p137 #2,050 C,137,4.20413,Oil sump gasket,Olwannendichtung,"D 2866, D 2876",,MAN: 51.05904.0132,
DT-MAN p137 #3,050 C,137,3.14227,Oil sump gasket,Olwannendichtung,"D 2866, D 2876",,MAN: 51.05904.0196,
DT-MAN p137 #4,050 C,137,3.14225,Oil sump gasket,Olwannendichtung,"D 2866, D 2876",,MAN: 51.05904.0198,
DT-MAN p137 #5,050 C,137,3.10046,Seal ring,Dichtring,"D 0834/0836, D 2066/2676, D 2840/2866, D 2876","d 22,7 mm D 30 mm S 2mm",MAN: 06.56631.0110,
DT-MAN p138 #1,050 C,138,3.90400,Repair kit,Reparatursatz,"D 0834, D 0836",,MAN: 51.05410.0056,
DT-MAN p138 #2,050 C,138,3.14050,Valve plunger,Ventilkolben,"D 0834, D 0836","d 16,5 mm D 22mm L 40 mm",MAN: 51.05410.0056,
DT-MAN p138 #3,050 C,138,3.14051,"Valve plunger, oversize","Ventilkolben, UbergréBe","D 0834, D 0836","d 16,5 mm D 22,5 mm L 40 mm",MAN: 51.05410.0057,
DT-MAN p138 #4,050 C,138,4.61727,"Oil filler cap, plastic","Oleinfiilldeckel, Kunststoff",D 2866,,MAN: 81.12210.0007,
DT-MAN p139 #1,050 C,139,4.60884,"Oil filler cap, metal","Oleinfiilldeckel, Metall",D 2866,,MAN: 81.12210.0007,
DT-MAN p139 #2,050 C,139,3.14250,"Buffer, oil sump mounting","Puffer, Olwannenbefestigung","D 0834/0836, D 2066/2676, D 2840/2866, D 2876",,MAN: 51.05840.0097,
DT-MAN p140 #1,060 A,140,3.16023,Water pump,Wasserpumpe,"D 0834, D 0836",DI 135mm,MAN: 51.06500.6679,
DT-MAN p140 #2,060 A,140,3.16024,Water pump,Wasserpumpe,"D 0834, D 0836",DI 135mm,MAN: 51.06500.7079,
DT-MAN p140 #3,060 A,140,3.16030,Water pump,Wasserpumpe,D 0836,DI 135mm,MAN: 51.06500.6674,
DT-MAN p140 #4,060 A,140,3.16014,Water pump,Wasserpumpe,D 2066,DI 135mm,MAN: 51.06500.7049,
DT-MAN p141 #1,060 A,141,3.16016,Water pump,Wasserpumpe,"D 2066, D 2676",DI 135mm,MAN: 51.06500.6694,
DT-MAN p141 #2,060 A,141,3.16028,Water pump,Wasserpumpe,D 2840,DI 135mm,MAN: 51.06500.6566,
DT-MAN p141 #3,060 A,141,3.16006,Water pump,Wasserpumpe,D 2866,DI 135mm,MAN: 51.06500.6479,
DT-MAN p141 #4,060 A,141,3.16012,Water pump,Wasserpumpe,"D 2866, D 2876",DI 209 mm,MAN: 51.06500.7089,
DT-MAN p142 #1,060 A,142,3.16005,Water pump,Wasserpumpe,"D 2866, D 2876",DI 135mm,MAN: 51.06500.9492,
DT-MAN p142 #2,060 A,142,3.16008,Water pump,Wasserpumpe,"D 2866, D 2876",DI 135mm,MAN: 51.06500.6426,
DT-MAN p142 #3,060 A,142,3.16009,Water pump,Wasserpumpe,"D 2866, D 2876",DI 135 mm DP 164 mm 2 grooves,MAN: 51.06500.6547,
DT-MAN p142 #4,060 A,142,3.16013,Water pump,Wasserpumpe,"D 2866, D 2876",DI 135 mm DP 164mm 2 grooves,MAN: 51.06500.6546,
DT-MAN p143 #1,060 A,143,3.16020,Water pump,Wasserpumpe,"D 2866, D 2876",DI 135 mm DP 163 mm 5 grooves,MAN: 51.06500.6616,
DT-MAN p143 #2,060 A,143,3.16060,Water pump housing,Wasserpumpengehause,"D 2066, D 2676",,MAN: 51.06330.5040,
DT-MAN p143 #3,060 A,143,3.16050,Water pump bearing,Wasserpumpenlager,"D 0834/0836, D 2066/2676, D 2840/2866, D 2876",,MAN: 51.93410.0116,
DT-MAN p144 #1,060 A,144,3.90607,"Repair kit, water pump","Reparatursatz, Wasserpumpe","D 2066, D 2676",DI 135 mm,MAN: 51.06599.6091,
DT-MAN p144 #2,060 A,144,3.90600,"Repair kit, water pump","Reparatursatz, Wasserpumpe","D 2866, D 2876",,MAN: 51.06599.6033,
DT-MAN p144 #3,060 A,144,3.90602,"Gasket kit, water pump","Dichtsatz, Wasserpumpe","D 2866, D 2876",,MAN: 51.06599.6051,
DT-MAN p144 #4,060 A,144,3.16117,"Gasket, water pump","Dichtung, Wasserpumpe","D 0834, D 0836",,MAN: 51.06901.0196,DT_NUMBER_FROM_OCR
DT-MAN p145 #1,060 A,145,3.16113,"Gasket, water pump","Dichtung, Wasserpumpe","D 2066, D 2676",,MAN: 51.06901.0192,
DT-MAN p145 #2,060 A,145,3.16114,"Gasket, water pump","Dichtung, Wasserpumpe","D 2066, D 2676",,MAN: 51.06903.0061,PRINTED_DT_DIFFERS_FROM_QR
DT-MAN p145 #3,060 A,145,4.20104,"Gasket, water pump","Dichtung, Wasserpumpe","D 2840, D 2866, D 2876",,MAN: 51.06901.0156,
DT-MAN p145 #4,060 A,145,4.20105,"Gasket, water pump","Dichtung, Wasserpumpe","D 2840, D 2866, D 2876",,MAN: 51.06901.0183,
DT-MAN p146 #1,060 A,146,3.16109,"Gasket, water pump","Dichtung, Wasserpumpe",D 2866,,MAN: 51.06901.0144,
DT-MAN p146 #2,060 A,146,3.16111,"Gasket, water pump","Dichtung, Wasserpumpe","D 2866, D 2876",,MAN: 51.01901.0129,
DT-MAN p146 #3,060 A,146,3.16112,"Gasket, water pump","Dichtung, Wasserpumpe","D 2866, D 2876",‘N,MAN: 51.06901.0195,
DT-MAN p146 #4,060 A,146,4.20616,"Gasket, water pump","Dichtung, Wasserpumpe","D 2866, D 2876",,MAN: 51.06901.0145,
DT-MAN p147 #1,060 A,147,3.16110,"Gasket, coolant pipe","Dichtung, Kihlmittelrohr","D 2866, D 2876",,MAN: 51.06901.0157,
DT-MAN p147 #2,060 A,147,3.16123,Slide ring seal,Gleitringdichtung,"D 0834/0836, D 2066/2676, D 2840/2866, D 2876","d 15,87 mm D1 36,5 mm D2 42 mm H 19,5 mm",MAN: 51.06520.0085,
DT-MAN p147 #3,060 A,147,4.20082,Slide ring seal,Gleitringdichtung,D 2876,"d 17,6 mm D1 32 mm D2 42 mm H 16mm",MAN: 51.06520.0022,
DT-MAN p147 #4,060 A,147,3.16081,Pulley,Riemenscheibe,D 2866,d 40 mm DP 100 mm W 35mm 1 grooves,MAN: 51.95820.0054,
DT-MAN p148 #1,060 A,148,4.61269,Pulley,Riemenscheibe,D 2866,DP 169 mm WwW 40 mm 1 grooves,MAN: 51.06503.0122,
DT-MAN p148 #2,060 A,148,3.16071,Impeller,Fliigelrad,"D 2840, D 2866, D 2876",d 16mm DI 135 mm,MAN: 51.06506.5001,
DT-MAN p148 #3,060 A,148,3.15041,Extension tube,Steckrohr,"D 0834, D 0836, D 2066, D 2676",d 15mm L 23 mm,MAN: 51.98182.0025,
DT-MAN p149 #1,060 B,149,3.15005,Thermostat,Thermostat,"D 0834/0836, D 2066/2840, D 2866/2876",60 °C,,
DT-MAN p149 #2,060 B,149,3.15006,Thermostat,Thermostat,"D 0834/0836, D 2066/2840, D 2866/2876",65 °C,,
DT-MAN p149 #3,060 B,149,3.15003,Thermostat,Thermostat,D 2840,71°C,MAN: 51.06402.0065,
DT-MAN p149 #4,060 B,149,3.15007,Thermostat,Thermostat,"D 0834/0836, D 2066/2840, D 2866/2876",ISAC,,
DT-MAN p150 #1,060 B,150,3.15001,Thermostat,Thermostat,"D 0836/2066, D 2840/2866, D 2876",79°°C,MAN: 51.06402.0061,
DT-MAN p150 #2,060 B,150,3.15002,Thermostat,Thermostat,"D 0834/0836, D 2066/2840, D 2866/2876",83 °C,MAN: 51.06402.0063,
DT-MAN p150 #3,060 B,150,3.15051,"Thermostat, with gasket","Thermostat, mit Dichtung","D 0834/0836, D 2066/2840, D 2866/2876",83 °C,MAN: 51.06402.0063,
DT-MAN p150 #4,060 B,150,3.15009,Thermostat,Thermostat,"D 2066, D 2676",83 °C,MAN: 51.06402.6005,
DT-MAN p150 #5,060 B,150,3.15008,Thermostat,Thermostat,"D 0834/0836, D 2066/2840, D 2866/2876",87°C,,
DT-MAN p151 #1,060 B,151,3.16106,"Gasket, thermostat","Dichtung, Thermostat","D 2066, D 2676, D 2840, D 2866, D 2876","d 60 mm D 67 mm S 0,6 mm",MAN: 51.06901.0108,
DT-MAN p151 #2,060 B,151,3.15020,"Gasket, thermostat housing","Dichtung, Thermostatgehause","D 2066, D 2676",,MAN: 51.06904.0042,
DT-MAN p151 #3,060 B,151,3.16552,"Gasket, thermostat housing","Dichtung, Thermostatgehause","D 2066, D 2676",,MAN: 51.06904.0039,
DT-MAN p151 #4,060 B,151,3.10221,Seal ring,Dichtring,Universal,"d 24,7 mm D 32 mm S 2mm",MAN: 06.56631.0111,
DT-MAN p151 #5,060 B,151,3.15120,Hollow screw,Hohlschraube,"D 0834/0836, D 2840/2866, D 2876","Lu 26mm M14x1,5",MAN: 51.98150.0110,
DT-MAN p152 #1,060 B,152,3.15121,Hollow screw,Hohlschraube,"D 2840, D 2866, D 2876","Lu 26mm M14x 1,5 8.8 P",MAN: 51.98150.0199,
DT-MAN p153 #1,060 C,153,3.15211,Fan,Lifter,"D 0836, D 2066",D 704 mm,MAN: 51.06601.0279; HELLA: 8MV 376 906-531,
DT-MAN p153 #2,060 C,153,3.15212,Fan,Lifter,"D 2066, D 2676, D 2840, D 2866, D 2868, D 2876",D 750 mm,MAN: 51.06601.0283,
DT-MAN p153 #3,060 C,153,3.15209,Fan,Lifter,"D 2066, D 2676, D 2840, D 2866, D 2876",D 750 mm,MAN: 51.06601.0275; HELLA: 8MV 376 757-721,
DT-MAN p154 #1,060 C,154,3.15208,Fan,Lifter,"D 2066, D 2866, D 2876",D 670 mm,MAN: 51.06601.0263; HELLA: 8MV 376 758-561,
DT-MAN p154 #2,060 C,154,3.15210,Fan,Lifter,"D 2066, D 2866, D 2876",D 750 mm,MAN: 51.06601.0268; HELLA: 8MV 376 758-571,
DT-MAN p154 #3,060 C,154,4.62747,Fan,Lifter,D 2866,D 704 mm,MAN: 51.06601.0250; HELLA: 8MV 376 733-181,
DT-MAN p155 #1,060 C,155,3.15201,Fan,Lifter,D 2866,D 720 mm,MAN: 51.06601.0172,
DT-MAN p155 #2,060 C,155,3.15203,Fan,Lifter,"D 2866, D 2876",D 704 mm,MAN: 51.06601.0256; HELLA: 8MV 376 702-011,
DT-MAN p155 #3,060 C,155,3.15204,Fan,Lifter,"D 2866, D 2876",D 754mm,MAN: 51.06601.0257,
DT-MAN p156 #1,060 C,156,3.15215,Fan with clutch,Lifter mit Kupplung,"D 2840, D 2866, D 2876",D 754mm,MAN: 51.06600.7045,
DT-MAN p156 #2,060 C,156,3.15261,Fan clutch,Lifterkupplung,D 0834,D 165 mm,MAN: 51.06630.0071; HELLA: 8MV 376 757-681,DT_NUMBER_FROM_OCR
DT-MAN p156 #3,060 C,156,3.15225,Fan clutch,Liifterkupplung,"D 0834, D 0836",D 187 mm,MAN: 51.06630.0067; HELLA: 8MV 376 757-671,
DT-MAN p157 #1,060 C,157,3.15264,Fan clutch,Lifterkupplung,D 2066,D 190 mm,MAN: 51.06630.0117; HELLA: 8MV 376 758-481,
DT-MAN p157 #2,060 C,157,3.15224,Fan clutch,Lifterkupplung,D 2066,D 205 mm,MAN: 51.06630.0131; HELLA: 8MV 376 906-521,
DT-MAN p157 #3,060 C,157,3.15227,Fan clutch,Lifterkupplung,"D 2066, D 2676",D 245 mm,MAN: 51.06630.0130; HELLA: 8MV 376 757-661,
DT-MAN p158 #1,060 C,158,3.15228,Fan clutch,Lifterkupplung,"D 2066, D 2676",D 265 mm,MAN: 51.06630.0140; SACHS: 2100 502 018,
DT-MAN p158 #2,060 C,158,3.15226,Fan clutch,Liifterkupplung,"D 2840, D 2866, D 2876",D 245 mm,MAN: 51.06630.0129; HELLA: 8MV 376 757-661,
DT-MAN p158 #3,060 C,158,3.15265,Fan clutch,Lifterkupplung,"D 2866, D 2876",D 190 mm,MAN: 51.06630.0086; HELLA: 8MV 376 758-491,
DT-MAN p159 #1,060 C,159,3.15220,Fan clutch,Lifterkupplung,"D 2866, D 2876",D 190 mm,MAN: 51.06630.0060; HELLA: 8MV 376 758-551,
DT-MAN p159 #2,060 C,159,3.15221,Fan clutch,Lifterkupplung,"D 2866, D 2876",D 290 mm,MAN: 51.06630.0068,
DT-MAN p159 #3,060 C,159,3.15222,Fan clutch,Lifterkupplung,"D 2866, D 2876",D 190 mm,MAN: 51.06630.0115; SACHS: 2100 040 431,
DT-MAN p160 #1,060 C,160,3.15223,Fan clutch,Lifterkupplung,"D 2866, D 2876",D 236 mm,MAN: 51.06630.0077; SACHS: 2100 043 231,
DT-MAN p160 #2,060 C,160,,"Fan clutch, without bracket","Liifterkupplung, ohne Halter","D 2866, D 2876",D 248 mm,MAN: 51.06630.0077,NO_DT_NUMBER
DT-MAN p160 #3,060 C,160,3.15234,Fan clutch,Liifterkupplung,"D 2866, D 2876",D 236 mm,MAN: 51.06630.0112; HELLA: 8MV 376 758-541,
DT-MAN p161 #1,060 C,161,3.15233,Fan clutch,Lifterkupplung,D 2876,D 236 mm,MAN: 51.06630.0087; HELLA: 8MV 376 758-531,
DT-MAN p161 #2,060 C,161,3.15011,"Bracket, fan clutch","Halter, Liifterkupplung","D 2866, D 2876",,MAN: 51.06630.7022,
DT-MAN p161 #3,060 C,161,3.15010,"Thermostat, fan","Thermostat, Liifter","D 2866, D 2876",,MAN: 51.06402.0082,
DT-MAN p162 #1,060 C,162,3.15243,Fan hub,Lifternabe,"D 2066, D 2676, D 3876","di 18,5 mm d2 70 mm H 53 mm",MAN: 51.06604.0088,
DT-MAN p162 #2,060 C,162,3.15231,Fan hub,Liifternabe,"D 2866, D 2876","d 47 mm D 147,5 mm H 28 mm",MAN: 51.06604.0061,
DT-MAN p162 #3,060 C,162,3.16090,"Shaft, fan bracket","Welle, Liifterhalter","D 2866, D 2868, D 2876",d 20 mm D1 37 mm D2 50 mm L 60 mm,MAN: 51.06603.0016,
DT-MAN p162 #4,060 C,162,3.15235,Hydraulic pump,Hydraulikpumpe,D 0836,,MAN: 81.06650.6025,
DT-MAN p163 #1,060 C,163,3.15237,Hydraulic pump,Hydraulikpumpe,"D 2866, D 2876",max. 250 bar,MAN: 51.06650.7005,DT_NUMBER_FROM_OCR
DT-MAN p163 #2,060 C,163,1.19158,Oil filter insert,Olfiltereinsatz,TGA,d 29 mm D 70 mm H 135mm,MAN: 81.06668.0006,
DT-MAN p163 #3,060 C,163,3.14115,Oil filter insert,Olfiltereinsatz,TGX,d 26 mm D 70 mm L 215mm,MAN: 36.06668.0000,
DT-MAN p163 #4,060 C,163,3.15270,Vent filter,Beliiftungsfilter,TGA/TGS/TGX,,MAN: 81.06670.6003,
DT-MAN p164 #1,060 C,164,3.15300,Ball bearing,Kugellager,"D 2840, D 2866, D 2876",d 25mm D 62 mm H,MAN: 06.31489.0075,
DT-MAN p164 #2,060 C,164,3.15302,Ball bearing,Kugellager,"D 2840, D 2866, D 2868, D 2876",d 37mm D 74mm H 45mm,MAN: 51.93410.0119,
DT-MAN p164 #3,060 C,164,3.15301,Needle bearing,Nadellager,"D 2866, D 2876",d 20 mm D 26mm H 18mm,MAN: 51.93401.0010,
DT-MAN p165 #1,060 D,165,3.16214,Radiator,Kihler,TGL,L 590 mm W 608 mm T 40 mm,MAN: 81.06101.6492; HELLA: 8MK 376 728-671,
DT-MAN p165 #2,060 D,165,3.16207,Radiator,Kuhler,TGA (H76),L 1065 mm W 708 mm 42 mm,MAN: 81.06101.6440,
DT-MAN p165 #3,060 D,165,3.16204,Radiator,Kihler,TGA/TGS,L 765 mm W 938 mm T 42 mm,MAN: 81.06101.6518; HELLA: 8MK 376 721-711,
DT-MAN p166 #1,060 D,166,3.16209,Radiator,Kuhler,TGA/TGS,L 845 mm W 938 mm 1 42 mm,MAN: 81.06101.6519; HELLA: 8MK 376 728-661,
DT-MAN p166 #2,060 D,166,3.16203,Radiator,Kuhler,TGA/TGS/TGX,L 920 mm W 938 mm T 42 mm,MAN: 81.06101.6520; HELLA: 8MK 376 721-681,
DT-MAN p166 #3,060 D,166,3.16286,Radiator,Kihler,TGA/TGX,L 938 mm W 919 mm T 52 mm,MAN: 81.06101.6523; HELLA: 8MK 376 756-021,
DT-MAN p167 #1,060 D,167,3.16275,Buffer,Puffer,TGA/TGS/TGX,"d 10,5 mm D 41mm H 18,5 mm",MAN: 81.06225.0008,
DT-MAN p167 #2,060 D,167,3.16304,Rubber buffer,Gummipuffer,TGA/TGX,d 13 mm D 68 mm H 20mm,MAN: 81.96210.0248,
DT-MAN p167 #3,060 D,167,3.16501,Intercooler,Ladeluftkiihler,TGL,L 535 mm W 512 mm T 50 mm,MAN: 81.06130.0228; HELLA: 8ML 376 728-701,
DT-MAN p168 #1,060 D,168,3.16506,Intercooler,Ladeluftkiihler,TGA,L 685 mm W 890 mm 1 66 mm,MAN: 81.06130.0156; HELLA: 8ML 376 724-211,
DT-MAN p168 #2,060 D,168,3.16220,Intercooler,Ladeluftkiihler,TGA,L 685 mm W 892 mm T 66 mm,MAN: 81.06130.0176; HELLA: 8ML 376 724-221,
DT-MAN p168 #3,060 D,168,3.16222,Intercooler,Ladeluftkiihler,TGA,L 685 mm W 892 mm T 66 mm,MAN: 81.06130.0175; HELLA: 8ML 376 724-211,
DT-MAN p169 #1,060 D,169,3.16504,Intercooler,Ladeluftkiihler,TGA,L 931 mm W 732 mm T 64mm,MAN: 81.06130.0226; HELLA: 8ML 376 755-451,
DT-MAN p169 #2,060 D,169,3.16225,Intercooler,Ladeluftkiihler,TGA/TGS,L 665 mm W 890 mm 65 mm,MAN: 81.06130.0197; HELLA: 8ML 376 724-381,
DT-MAN p169 #3,060 D,169,3.16227,Intercooler,Ladeluftkiihler,TGA/TGS,L 665 mm W 892 mm T 64 mm,MAN: 81.06130.0204; HELLA: 8ML 376 724-361,
DT-MAN p170 #1,060 D,170,3.16229,Intercooler,Ladeluftkiihler,TGA/TGS/TGX,L 665 mm W 892 mm 1 64 mm,MAN: 81.06130.0232; HELLA: 8ML 376 724-321,
DT-MAN p170 #2,060 D,170,3.16228,Intercooler,Ladeluftktihler,TGA/TGX,L 665 mm W 892 mm T 64 mm,MAN: 81.06130.0234; HELLA: 8ML 376 724-371,
DT-MAN p170 #3,060 D,170,3.16240,Expansion tank,Ausdehnungsgefab,TGL/TGM,L 585 mm W 252 mm 18 52 mm,MAN: 81.06102.6228; HELLA: 8MA 376 750-611,
DT-MAN p171 #1,060 D,171,3.16236,Expansion tank,AusdehnungsgefaB,TGA (H76),L 743 mm W 321 mm T 142 mm 141 black,MAN: 81.06102.6226; HELLA: 8MA 376 705-381,
DT-MAN p171 #2,060 D,171,3.16233,Expansion tank,Ausdehnungsgefa8,TGA/TGS/TGX,"L 742 mm W 321 mm T 130 mm 5,6 black",MAN: 81.06102.6219; HELLA: 8MA 376 705-341,
DT-MAN p171 #3,060 D,171,3.16253,"Cap, expansion tank","Deckel, AusdehnungsgefaB","TGL/TGM, TGA/TGS/TGX","Po 0,7 bar M48 x 3",MAN: 81.06111.0020,
DT-MAN p171 #4,060 D,171,4.61594,"Cap, expansion tank","Deckel, Ausdehnungsgefa8",TGA/TGS/TGX,M45 x 4,MAN: 81.06111.0018; HELLA: 8MY 376 742-311,
DT-MAN p172 #1,060 D,172,3.16254,"Cap, expansion tank","Deckel, AusdehnungsgefaB","TGA (H95), TGX",,MAN: 81.06110.0007,
DT-MAN p172 #2,060 D,172,3.16256,"Cap, expansion tank","Deckel, AusdehnungsgefaB","TGA (H95), TGX",,MAN: 51.97141.0016; HELLA: 8MY 376 742-251,
DT-MAN p172 #3,060 D,172,3.37007,Level sensor,Niveausensor,TGA/TGS/TGX,,MAN: 81.27421.0232,
DT-MAN p172 #4,060 D,172,3.16315,Rod,Stange,TGA/TGS,,MAN: 81.06225.0019,
DT-MAN p173 #1,060 E,173,3.16477,Radiator hose,Kiihlerschlauch,TGL,d 49 mm,MAN: 81.96301.0906,
DT-MAN p173 #2,060 E,173,3.16478,Radiator hose,Kihlerschlauch,TGL,d 50 mm,MAN: 81.96301.0904,
DT-MAN p173 #3,060 E,173,3.16498,Radiator hose,Kiihlerschlauch,TGL/TGM,d 49 mm,MAN: 81.96301.0905,
DT-MAN p173 #4,060 E,173,3.16496,Radiator hose,Kuhlerschlauch,,d 50 mm,MAN: 81.96301.0907,
DT-MAN p174 #1,060 E,174,3.16479,Radiator hose,Kihlerschlauch,TGA,d 10mm,MAN: 81.96305.0169,
DT-MAN p174 #2,060 E,174,3.16421,Radiator hose,Kuhlerschlauch,TGA,d 59mm,MAN: 81.96301.0679,
DT-MAN p174 #3,060 E,174,3.16497,Radiator hose,Kuhlerschlauch,TGA,d 60 mm,MAN: 81.96301.0680,
DT-MAN p174 #4,060 E,174,3.16440,Radiator hose,Kiihlerschlauch,TGA/TGS,"d 21,5 mm",MAN: 81.96305.0282,
DT-MAN p175 #1,060 E,175,3.16441,Radiator hose,Kiihlerschlauch,TGA/TGS/TGX,"d 21,5 mm",MAN: 81.96305.0166,
DT-MAN p175 #2,060 E,175,3.16409,Radiator hose,Kiihlerschlauch,TGA/TGS/TGX,"d 58,5 mm",MAN: 81.96305.0134,
DT-MAN p175 #3,060 E,175,3.16424,Radiator hose,Kiihlerschlauch,TGA/TGS/TGX,d 60 mm,MAN: 81.96301.0965,
DT-MAN p175 #4,060 E,175,3.16448,Radiator hose,Kiihlerschlauch,TGA/TGS/TGX,d 60 mm,MAN: 81.96301.0961,
DT-MAN p176 #1,060 E,176,3.16469,Radiator hose,Kihlerschlauch,TGA/TGS/TGX,d 60 mm,MAN: 81.96301.0972,
DT-MAN p176 #2,060 E,176,3.16472,Radiator hose,Kiihlerschlauch,TGA/TGS/TGX,d 60 mm,MAN: 81.96301.0960,
DT-MAN p176 #3,060 E,176,3.16491,Radiator hose,Kithlerschlauch,TGA/TGS/TGX,d 60 mm,MAN: 81.96305.0450,
DT-MAN p176 #4,060 E,176,3.16420,Radiator hose,Kihlerschlauch,"TGA/TGS, TGX (30X)",d 59mm,MAN: 81.96301.0677,
DT-MAN p177 #1,060 E,177,3.16446,Radiator hose,Kiihlerschlauch,"TGA/TGS, TGX (92X)",d 60 mm,MAN: 81.96305.0448,
DT-MAN p177 #2,060 E,177,3.16444,Radiator hose,Kiihlerschlauch,TGA/TGX,d 50mm,MAN: 81.96301.0389,
DT-MAN p177 #3,060 E,177,3.16447,Radiator hose,Kiihlerschlauch,TGA/TGX,d 59 mm,MAN: 81.96305.0206,
DT-MAN p177 #4,060 E,177,3.16443,Radiator hose,Kiihlerschlauch,TGA/TGX,d 59 mm,MAN: 81.96305.0207,
DT-MAN p178 #1,060 E,178,3.16445,Radiator hose,Kihlerschlauch,TGA/TGX,d 59mm,MAN: 81.96305.0135,
DT-MAN p178 #2,060 E,178,3.16449,Radiator hose,Kuhlerschlauch,TGA/TGX,d 59 mm,MAN: 81.96301.0971,
DT-MAN p178 #3,060 E,178,3.16400,Radiator hose,Kihlerschlauch,TGA/TGX,d 60 mm L 258 mm,MAN: 81.96301.0659,
DT-MAN p178 #4,060 E,178,3.16526,Radiator hose,Kihlerschlauch,Universal,di 49 mm d2 59mm L 90 mm,MAN: 81.96301.0950,
DT-MAN p179 #1,060 E,179,3.16485,Radiator hose,Kiihlerschlauch,Universal,di 55mm d2 60 mm L 400 mm,MAN: 81.96301.0458,
DT-MAN p179 #2,060 E,179,3.16495,Radiator hose,Kiihlerschlauch,Universal,d 38 mm L 1000 mm,MAN: 04.27405.9538,
DT-MAN p179 #3,060 E,179,3.16474,Radiator hose,Kiihlerschlauch,Universal,d 50 mm L 1000 mm,MAN: 04.27405.9550,
DT-MAN p179 #4,060 E,179,3.16489,Radiator hose,Kiihlerschlauch,Universal,d 50 mm L 1000 mm,MAN: 04.27405.9850,
DT-MAN p180 #1,060 E,180,3.16475,Radiator hose,Kihlerschlauch,Universal,d 59mm L 1000 mm,MAN: 04.27405.9860,
DT-MAN p180 #2,060 E,180,3.16408,Radiator hose,Kiihlerschlauch,Universal,d 60 mm L 1000 mm,MAN: 04.27405.9160,
DT-MAN p180 #3,060 E,180,3.16426,Charge air hose,Ladeluftschlauch,TGA,d 90 mm L 160 mm,MAN: 51.96420.0121,
DT-MAN p181 #1,060 E,181,3.16402,Charge air hose,Ladeluftschlauch,TGA/TGS/TGX,d 90 mm L 283 mm,MAN: 81.96301.0900,
DT-MAN p181 #2,060 E,181,3.15044,Extension tube,Steckrohr,D 2066,"di 11,8 mm d2 29,6 mm L 32,5 mm",MAN: 51.98182.0051,
DT-MAN p181 #3,060 E,181,3.15042,Extension tube,Steckrohr,"D 2066, D 2676","d 51,2 mm L 22,8 mm",MAN: 51.98182.0026,
DT-MAN p181 #4,060 E,181,3.15043,Extension tube,Steckrohr,"D 2066, D 2676",d 32 mm L 32 mm,MAN: 51.98182.0003,
DT-MAN p182 #1,060 E,182,3.15110,Extension tube,Steckrohr,D 2840,"d 48 mm L 63,5 mm",MAN: 51.06302.0408,
DT-MAN p182 #2,060 E,182,3.16460,Extension tube,Steckrohr,"D 2866, D 2868, D 2876",d 56 mm L 60 mm,MAN: 51.98182.0008,
DT-MAN p183 #1,080 A,183,3.18112,"Gasket, intake manifold","Dichtung, Einlassrohr","D 0834, D 0836",,MAN: 51.08902.0212,
DT-MAN p183 #2,080 A,183,3.18106,"Gasket, intake manifold","Dichtung, Einlassrohr","D 2866, D 2876",,MAN: 51.08902.0194,
DT-MAN p183 #3,080 A,183,4.20213,"Gasket, intake manifold","Dichtung, Einlassrohr","D 2866, D 2876",,MAN: 51.08902.0161,
DT-MAN p183 #4,080 A,183,3.25037,Exhaust manifold,Abgaskriimmer,"D 2866, D 2876",,MAN: 81.15204.0486,
DT-MAN p184 #1,080 A,184,3.21081,"Valve, exhaust manifold","Ventil, Abgaskriimmer","D 2066, D 2676",,MAN: 51.52160.0002,
DT-MAN p184 #2,080 A,184,3.90800,"Gasket kit, exhaust manifold","Dichtsatz, Abgaskriimmer","D 0834, D 0836, D 2866, D 2876",,MAN: 51.08901.0121,
DT-MAN p184 #3,080 A,184,3.18116,"Gasket, exhaust manifold","Dichtung, Abgaskriimmer","D 0834, D 0836",,MAN: 51.08901.0200,
DT-MAN p184 #4,080 A,184,3.18109,"Gasket, exhaust manifold","Dichtung, Abgaskriimmer","D 0834, D 0836, D 2866, D 2876",,MAN: 51.08901.0121,
DT-MAN p185 #1,080 A,185,3.19130,"Gasket, exhaust manifold","Dichtung, Abgaskriimmer","D 0836, D 2868",,MAN: 51.09901.0036,
DT-MAN p185 #2,080 A,185,3.18114,"Gasket, exhaust manifold","Dichtung, Abgaskriimmer","D 2066, D 2676",,MAN: 51.08901.0206,
DT-MAN p185 #3,080 A,185,3.18115,"Gasket, exhaust manifold","Dichtung, Abgaskriimmer","D 2066, D 2676",,MAN: 51.08901.0170,
DT-MAN p185 #4,080 A,185,3.18117,"Gasket, exhaust manifold","Dichtung, Abgaskriimmer","D 2066, D 2676",,MAN: 51.08901.0172,
DT-MAN p186 #1,080 A,186,3.18118,"Gasket, exhaust manifold","Dichtung, Abgaskriimmer","D 2066, D 2676",,MAN: 51.08901.0174,
DT-MAN p186 #2,080 A,186,3.18119,"Gasket, exhaust manifold","Dichtung, Abgaskriimmer","D 2066, D 2676",,MAN: 51.08901.0195,
DT-MAN p186 #3,080 A,186,3.18108,"Gasket, exhaust manifold","Dichtung, Abgaskriimmer","D 2066, D 2676, D 2866, D 2876",,MAN: 51.08901.0120,
DT-MAN p186 #4,080 A,186,3.18107,"Gasket, exhaust manifold","Dichtung, Abgaskriimmer","D 2840, D 2866, D 2876",,MAN: 51.08901.0152,
DT-MAN p187 #1,080 A,187,3.18110,"Gasket, exhaust manifold","Dichtung, Abgaskriimmer","D 2866, D 2876",,MAN: 51.08901.0117,
DT-MAN p187 #2,080 A,187,3.18111,"Gasket, exhaust manifold","Dichtung, Abgaskriimmer","D 2866, D 2876",,MAN: 51.08901.0124,
DT-MAN p187 #3,080 A,187,3.18104,"Gasket, exhaust manifold","Dichtung, Abgaskriimmer","D 2866, D 2876",,MAN: 51.08901.0099,
DT-MAN p187 #4,080 A,187,3.18105,"Gasket, exhaust manifold","Dichtung, Abgaskriimmer","D 2866, D 2876",,MAN: 51.08901.0150,
DT-MAN p188 #1,080 A,188,3.18113,"Gasket, exhaust manifold","Dichtung, Abgaskriimmer",D 2876,,MAN: 51.08901.0155,
DT-MAN p188 #2,080 A,188,3.18163,"Seal ring kit, exhaust manifold","Dichtringsatz, Abgaskriimmer","D 0834, D 0836","d 44,8 mm D 50 mm S 1,5 mm",MAN: 51.98701.0085,
DT-MAN p188 #3,080 A,188,3.25101,"Seal ring kit, exhaust manifold","Dichtringsatz, Abgaskriimmer","D 2066, D 2676","d 35,6 mm D 40 mm S 3mm",MAN: 51.98701.0121,
DT-MAN p188 #4,080 A,188,3.18162,"Seal ring kit, exhaust manifold","Dichtringsatz, Abgaskriimmer","D 2066, D 2676, D 2868","d 46,7 mm D 52 mm S 0,7 mm",MAN: 51.98701.0120,
DT-MAN p189 #1,080 A,189,3.18160,"Seal ring kit, exhaust manifold","Dichtringsatz, Abgaskriimmer","D 2840, D 2866, D 2876","d 54,4 mm D 60 mm S 1,7 mm",MAN: 51.98701.0082,
DT-MAN p189 #2,080 A,189,3.18128,"Screw, exhaust manifold","Schraube, Abgaskrimmer","D 0834, D 0836, D 2066","Lu 40 mm M8 x 1,25 8.8 vc",MAN: 51.90490.0102,
DT-MAN p189 #3,080 A,189,3.18123,"Screw, exhaust manifold","Schraube, Abgaskriimmer","D 0834, D 0836, D 2840, D 2866","Lu 48 mm M10x1,5 10.9 VC",MAN: 51.90490.0029,
DT-MAN p189 #4,080 A,189,3.18124,"Screw, exhaust manifold","Schraube, Abgaskriimmer","D 0834, D 0836, D 2066, D 2676","Lu 57mm M10x1,5 8.8 VC",MAN: 51.90490.0030,
DT-MAN p190 #1,080 A,190,3.18150,Sleeve,Hilse,"D 0834, D 0836, D 2866, D 2876","d 10,5 mm D 20 mm H 10mm",MAN: 51.91701.0512,
DT-MAN p190 #2,080 A,190,3.18190,"Extension tube, exhaust gas recirculation module","Steckrohr, Abgasriickftihrungsmodul","D 0834, D 0836",d 32 mm L 32 mm,MAN: 51.98182.0011,
DT-MAN p190 #3,080 A,190,3.18191,"Extension tube, exhaust gas recirculation module","Steckrohr, Abgasriickfiihrungsmodul","D 0834, D 0836",d 26 mm L 32 mm,MAN: 51.98182.0039,
DT-MAN p190 #4,080 A,190,3.25509,"Cylinder, exhaust gas recirculation","Zylinder, Abgasriickftihrung","D 0836, D 2066, D 2676, D 2840, D 2866, D 2876",,MAN: 51.08150.0046,
DT-MAN p191 #1,080 A,191,3.18704,"Solenoid valve, exhaust gas recirculation","Magnetventil, Abgasriickftihrung","D 0834, D 0836, D 2066, D 2676",,MAN: 51.25902.0129,
DT-MAN p191 #2,080 A,191,3.18700,"Solenoid valve, exhaust gas recirculation","Magnetventil, Abgasriickfilhrung","D 0834, D 0836, D 2066, D 2676, D 3876","max. 12,5 bar",MAN: 51.25902.0123,
DT-MAN p191 #3,080 A,191,3.18701,"Solenoid valve, flame starter system","Magnetventil, Flammstartanlage","D 0836/2066, D 2676/2840, D 2866/2868, D 2876/3876",24V,MAN: 51.25902.0081,
DT-MAN p191 #4,080 A,191,3.18702,"Solenoid valve, flame starter system","Magnetventil, Flammstartanlage",D 2866,24V,MAN: 51.25902.0059,
DT-MAN p192 #1,080 A,192,3.33054,"Relay, flame starter system","Relais, Flammstartanlage","D 2866, D 2876",24V JOA,MAN: 81.25902.0415,
DT-MAN p192 #2,080 A,192,3.33070,"Switching device, flame starter system","Schaltgerat, Flammstartanlage","D 2866, D 2876",24V 15A,MAN: 81.25902.0441,
DT-MAN p192 #3,080 A,192,3.18171,Glow plug,Flammkerze,"D 0834/0836, D 2066/2676, D 2866/2868, D 2876/3876","SW 21/24 24V 14A M20 x 1,5",MAN: 51.26803.0041,
DT-MAN p192 #4,080 A,192,3.23045,"Dosing module, urea injection","Dosiermodul, Harnstoffeinspritzung","D 2066, D 2676 TGX",,MAN: 51.15403.6001; BOSCH: 0 444 011 025,
DT-MAN p193 #1,080 B,193,3.18514,Air filter,Luftfilter,,d 128 mm D 248 mm H 460 mm,MAN: 81.08405.0018,
DT-MAN p193 #2,080 B,193,3.18517,Air filter,Luftfilter,TGA,d 171mm D 267 mm H 475 mm,MAN: 81.08304.0100,
DT-MAN p193 #3,080 B,193,3.18530,Air filter,Luftfilter,TGA/TGS,D1 234mm D2 330 mm H 525mm,MAN: 56.08404.0026,
DT-MAN p194 #1,080 B,194,3.18509,"Air filter, flame retardant","Luftfilter, flammhemmend",TGA/TGS/TGX,d 171 mm D 268 mm H 508 mm,MAN: 81.08405.0021,
DT-MAN p194 #2,080 B,194,1.10935,"Air filter, inner","Luftfilter, innen",TGA,d 137 mm D 155 mm H 506 mm,MAN: 81.08405.0027,
DT-MAN p194 #3,080 B,194,3.18529,"Air filter, inner","Luftfilter, innen",TGA/TGS,D1 125mm D2 198 mm H 505 mm,MAN: 56.08404.0027,
DT-MAN p195 #1,080 B,195,3.18510,"Air filter, inner","Luftfilter, innen",TGA/TGS/TGX,d 134mm D 156 mm H 456 mm,MAN: 81.08405.0017,
DT-MAN p195 #2,080 B,195,3.90820,Air filter kit,Luftfiltersatz,TGA/TGS,,MAN: 56.08404.0027,
DT-MAN p195 #3,080 B,195,3.33355,Pressure switch,Druckschalter,"TGL/TGM, TGA/TGS/TGX",,MAN: 81.27421.0231,DT_NUMBER_FROM_OCR
DT-MAN p196 #1,090 A,196,3.19035,Turbocharger,Turbolader,D 0824,,MAN: 51.09100.7361,
DT-MAN p196 #2,090 A,196,3.19034,Turbocharger,Turbolader,D 0836,,MAN: 51.09100.7959,DT_NUMBER_FROM_OCR
DT-MAN p196 #3,090 A,196,3.19036,Turbocharger,Turbolader,D 0836,,MAN: 51.09100.7618,
DT-MAN p197 #1,090 A,197,3.19137,Turbocharger,Turbolader,D 0836,,MAN: 51.09100.7620,
DT-MAN p197 #2,090 A,197,3.19038,"Turbocharger, with gasket kit","Turbolader, mit Dichtsatz",D 0836,,MAN: 51.09100.7598,
DT-MAN p197 #3,090 A,197,3.19002,"Turbocharger, with gasket kit","Turbolader, mit Dichtsatz",D 0836,,MAN: 51.09100.7531,
DT-MAN p198 #1,090 A,198,3.19009,"Turbocharger, with gasket kit","Turbolader, mit Dichtsatz",D 0836,,MAN: 51.09100.7439,
DT-MAN p198 #2,090 A,198,3.19015,"Turbocharger, with gasket kit","Turbolader, mit Dichtsatz",D 2066,,MAN: 51.09100.7761,
DT-MAN p198 #3,090 A,198,3.19024,"Turbocharger, with gasket kit","Turbolader, mit Dichtsatz","D 2066, D 2866",,MAN: 51.09100.7924,
DT-MAN p198 #4,090 A,198,3.19027,Turbocharger,Turbolader,D 2676,,MAN: 51.09100.7821,
DT-MAN p199 #1,090 A,199,3.19135,Turbocharger,Turbolader,D 2676,,MAN: 51.09101.7023,
DT-MAN p199 #2,090 A,199,3.19138,Turbocharger,Turbolader,D 2866,,MAN: 51.09100.7247,
DT-MAN p199 #3,090 A,199,3.19021,Turbocharger,Turbolader,D 2866,,MAN: 51.09100.7764,
DT-MAN p200 #1,090 A,200,3.19000,"Turbocharger, with gasket kit","Turbolader, mit Dichtsatz",D 2866,,MAN: 51.09100.7428,
DT-MAN p200 #2,090 A,200,3.19004,"Turbocharger, with gasket kit","Turbolader, mit Dichtsatz",D 2866,,MAN: 51.09100.7329,
DT-MAN p200 #3,090 A,200,3.19029,"Turbocharger, with gasket kit","Turbolader, mit Dichtsatz",D 2866,,MAN: 51.09100.7292,
DT-MAN p201 #1,090 A,201,3.19032,"Turbocharger, with gasket kit","Turbolader, mit Dichtsatz",D 2866,,MAN: 51.09100.7783,
DT-MAN p201 #2,090 A,201,3.19006,"Turbocharger, with gasket kit","Turbolader, mit Dichtsatz","D 2866, D 2876",,MAN: 51.09100.7766,
DT-MAN p201 #3,090 A,201,3.19022,"Turbocharger, with gasket kit","Turbolader, mit Dichtsatz","D 2866, D 2876",,MAN: 51.09100.7435,
DT-MAN p202 #1,090 A,202,3.19019,Turbocharger,Turbolader,D 2876,,MAN: 51.09100.7767,
DT-MAN p202 #2,090 A,202,3.19020,"Turbocharger, with gasket kit","Turbolader, mit Dichtsatz",D 2876,,MAN: 51.09100.7769,
DT-MAN p202 #3,090 A,202,3.19008,"Turbocharger, with gasket kit","Turbolader, mit Dichtsatz",D 2876,,MAN: 51.09100.7785,
DT-MAN p202 #4,090 A,202,3.19131,"Gasket, turbocharger","Dichtung, Turbolader","D 0836, D 2868",,MAN: 51.09901.0051,
DT-MAN p203 #1,090 A,203,3.19110,"Gasket, turbocharger","Dichtung, Turbolader","D 2066/2676, D 2840/2866, D 2868/2876",,MAN: 51.08901.0182,
DT-MAN p203 #2,090 A,203,3.19132,"Gasket, turbocharger","Dichtung, Turbolader","D 2066, D 2676, D 2868",,MAN: 51.08901.0209,
DT-MAN p203 #3,090 A,203,2.14203,"Gasket, turbocharger","Dichtung, Turbolader","D 2866, D 2876",,MAN: 51.08901.0096,
DT-MAN p203 #4,090 A,203,3.18640,"Hose, turbocharger","Schlauch, Turbolader",Universal,"d 50,5 mm L 70 mm",MAN: 51.96330.0359,
DT-MAN p204 #1,090 A,204,3.19051,"Hose, oil return","Schlauch, Olriicklauf",Universal,"d 22,5 mm L 65 mm",MAN: 51.96330.0346,
DT-MAN p204 #2,090 A,204,3.19060,Air inlet,Lufteinlass,"D 2866, D 2876",,MAN: 51.09402.0118,
DT-MAN p204 #3,090 A,204,3.19104,Gasket,Dichtung,"D 0834/0836, D 2066/2676, D 2840/2868, D 3876","d 20 mm b 9mm Lb 50 mm L 7i mm W 34mm S 1,05 mm",MAN: 51.96601.0576,
DT-MAN p204 #4,090 A,204,3.19105,Gasket,Dichtung,"D 0834/0836, D 2840/2866, D 2876",d 20 mm b 9mm Lb 44mm L 62 mm W 35mm S,MAN: 51.96601.0546,
DT-MAN p205 #1,090 A,205,3.19102,Gasket,Dichtung,"D 0836/2066, D 2676/2840, D 2866/2868, D 2876/3876","d 16mm b 9mm Lb 38 mm L 56 mm W 32 mm S 1,05 mm",MAN: 51.96601.0577,
DT-MAN p205 #2,090 A,205,3.19100,Gasket,Dichtung,"D 2866, D 2876",d 12mm b 11mm Lb 38 mm L 58 mm W 28 mm S 1mm,MAN: 51.96601.0386,
DT-MAN p205 #3,090 A,205,3.19103,Gasket,Dichtung,"D 2866, D 2876",b 9mm Lb 50 mm L 69 mm W 26 mm W1 16mm W2 19 mm,MAN: 51.96601.0575,
DT-MAN p205 #4,090 A,205,3.69023,O-ring,O-Ring,Universal,d 100 mm S 4mm,MAN: 06.56341.1239,
DT-MAN p206 #1,090 A,206,3.19115,Nut,Mutter,Universal,"sw 15 M10 10, G",MAN: 06.11251.2001,
DT-MAN p207 #1,100 A,207,3.20032,Injection nozzle,Einspritzdtise,"D 0834, D 0836",,MAN: 51.10100.6115,
DT-MAN p207 #2,100 A,207,3.20033,Injection nozzle,Einspritzdtise,"D 0834, D 0836",,MAN: 51.10100.6066,
DT-MAN p207 #3,100 A,207,3.20034,Injection nozzle,Einspritzdiise,"D 0834, D 0836",,MAN: 51.10100.6086,
DT-MAN p207 #4,100 A,207,3.20035,Injection nozzle,Einspritzdiise,"D 0834, D 0836",,MAN: 51.10100.6085,
DT-MAN p208 #1,100 A,208,3.20037,"Injection nozzle, remanufactured, without old core","Einspritzdiise, wiederaufbereitet, ohne Altteilriickgabe","D 0834, D 0836",,MAN: 51.10100.6083,
DT-MAN p208 #2,100 A,208,3.20014,Injection nozzle,Einspritzdiise,D 2066,,MAN: 51.10100.6181,
DT-MAN p208 #3,100 A,208,3.20040,"Injection nozzle, remanufactured, without old core","Einspritzdiise, wiederaufbereitet, ohne Altteilriickgabe",D 2066,,MAN: 51.10100.6125,
DT-MAN p208 #4,100 A,208,3.20043,Injection nozzle,Einspritzdiise,D 2066,,MAN: 51.10100.6128,
DT-MAN p209 #1,100 A,209,3.20012,Injection nozzle,Einspritzdtise,"D 2066, D 2676",,MAN: 51.10100.6126,
DT-MAN p209 #2,100 A,209,3.20036,Injection nozzle,Einspritzdiise,D 2676,,MAN: 51.10100.6180,
DT-MAN p209 #3,100 A,209,3.20038,Injection nozzle,Einspritzdtise,D 2676,,MAN: 51.10100.6127,
DT-MAN p209 #4,100 A,209,3.20042,Injection nozzle,Einspritzdiise,D 2676,,MAN: 51.10100.6121,
DT-MAN p210 #1,100 A,210,3.20044,Injection nozzle,Einspritzdtise,"D 2862, D 2868",,MAN: 51.10100.6131,
DT-MAN p210 #2,100 A,210,3.20031,Injection nozzle,Einspritzdiise,D 2868,,MAN: 51.10100.6114,
DT-MAN p210 #3,100 A,210,3.20041,"Injection nozzle, remanufactured, without old core","Einspritzdtise, wiederaufbereitet, ohne Altteilriickgabe",D 2876,,MAN: 51.10100.6049,
DT-MAN p210 #4,100 A,210,3.20003,Injection nozzle,Einspritzdiise,D 2866,,MAN: 51.10102.0201; BOSCH: 0 433 171 174,
DT-MAN p211 #1,100 A,211,3.20007,Injection nozzle,Einspritzdtise,D 2866,,MAN: 51.10102.0215; BOSCH: 0 433 171 214,
DT-MAN p211 #2,100 A,211,3.20008,Injection nozzle,Einspritzdiise,D 2866,,MAN: 51.10102.0221; BOSCH: 0 433 171 326,
DT-MAN p211 #3,100 A,211,3.20010,Injection nozzle,Einspritzdtise,D 2866,,MAN: 51.10102.0141; BOSCH: 0 433 271 306,
DT-MAN p211 #4,100 A,211,3.20005,Injection nozzle,Einspritzdiise,"D 2866, D 2876",,MAN: 51.10102.0252; BOSCH: 0 433 171 583,
DT-MAN p212 #1,100 A,212,3.20061,Pressure pipe neck,Druckrohrstutzen,"D 0834, D 0836",,MAN: 51.10301.6159; BOSCH: F OOR JOO 753,
DT-MAN p212 #2,100 A,212,3.20060,Pressure pipe neck,Druckrohrstutzen,"D 2066, D 2676",,MAN: 51.10301.6161,
DT-MAN p212 #3,100 A,212,3.13170,Pressure pipe neck,Druckrohrstutzen,"D 2840, D 2866, D 2876",,MAN: 51.10101.6036,
DT-MAN p212 #4,100 A,212,3.13152,Nozzle holder,Dusenhalter,D 2866,,MAN: 51.10100.6037; BOSCH: 0 432 191 417,
DT-MAN p213 #1,100 A,213,3.13153,Nozzle holder,Diisenhalter,D 2866,,MAN: 51.10100.7453; BOSCH: 0 432 191 419,
DT-MAN p213 #2,100 A,213,3.13157,Nozzle holder,Diisenhalter,D 2866,,MAN: 51.10101.7310; BOSCH: 0 432 131 853,
DT-MAN p213 #3,100 A,213,3.13158,Nozzle holder,Disenhalter,D 2866,,MAN: 51.10101.7311; BOSCH: 0 430 133 990,
DT-MAN p213 #4,100 A,213,3.13150,Nozzle holder,Diisenhalter,"D 2866, D 2876",,MAN: 51.10100.6036; BOSCH: 0 432 191 414,
DT-MAN p214 #1,100 A,214,3.13151,Nozzle holder,Diisenhalter,"D 2866, D 2876",,MAN: 51.10100.6038; BOSCH: 0 432 191 415,
DT-MAN p214 #2,100 A,214,3.13154,Nozzle holder,Diisenhalter,"D 2866, D 2876",,MAN: 51.10100.7450; BOSCH: 0 432 191 416,
DT-MAN p214 #3,100 A,214,3.20019,"Sleeve, nozzle holder","Hise, Diisenhalter","D 0834/0836, D 2840/2866, D 2876","d 21mm H 25mm M28 x 1,5",MAN: 51.10108.0005,
DT-MAN p214 #4,100 A,214,4.40069,"Sleeve, nozzle holder","Hilse, Diisenhalter","D 2840, D 2866","d 22 mm H 28 mm M28 x 1,5",MAN: 51.10108.0003,
DT-MAN p215 #1,100 A,215,3.20083,"Pressure limiting valve, Common Rail","Druckbegrenzungsventil, Common Rail","D 0834, D 0836, D 2066, D 2676",,MAN: 51.10304.0429; BOSCH: 1 110 010 026,
DT-MAN p215 #2,100 A,215,3.20081,"Pressure limiting valve, Common Rail","Druckbegrenzungsventil, Common Rail","D 0834/0836, D 2066/2676, D 2868","sw 27 M20 x 1,5",MAN: 51.10304.0291; BOSCH: 1 110 010 022,
DT-MAN p215 #3,100 A,215,3.20082,"Pressure limiting valve, Common Rail","Druckbegrenzungsventil, Common Rail","D 0834, D 0836, D 2066, D 2876",,MAN: 51.10304.0050; BOSCH: 1 110 010 007,
DT-MAN p215 #4,100 A,215,3.20084,"Pressure limiting valve, Common Rail","Druckbegrenzungsventil, Common Rail","D 0834, D 0836, D 2868",,MAN: 51.10304.0300; BOSCH: 1 110 010 024,
DT-MAN p216 #1,100 A,216,3.20080,"Pressure limiting valve, Common Rail","Druckbegrenzungsventil, Common Rail",D 2066,"SW 27 1,5",MAN: 51.10304.0120; BOSCH: 1 110 010 008,
DT-MAN p216 #2,100 A,216,3.20045,"Sensor, fuel pressure","Sensor, Kraftstoffdruck",D 0834,3 poles,MAN: 51.27421.0236; BOSCH: 0 281 002 706,
DT-MAN p216 #3,100 A,216,3.23025,"Sensor, fuel pressure","Sensor, Kraftstoffdruck","D 0834/0836, D 2066/2840, D 2868/2876",3 poles,MAN: 51.27421.0229; BOSCH: 0 281 002 937,DT_NUMBER_FROM_OCR
DT-MAN p216 #4,100 A,216,3.86584,Cable harness,Kabelstrang,"D 2066, D 2676",,MAN: 51.25413.6417,
DT-MAN p217 #1,100 A,217,3.20024,Copper washer,Kupferscheibe,"D 0834/0836, D 2066/2676, D 2840/2868, D 2876","d 7mm D 14,5 mm S 1,5 mm",MAN: 51.98701.0139,
DT-MAN p217 #2,100 A,217,4.20001,Copper washer,Kupferscheibe,"D 2866, D 2876","d 9,5 mm D 20 mm S 1mm",MAN: 51.98701.0065,
DT-MAN p217 #3,100 A,217,4.20328,Copper washer,Kupferscheibe,"D 2866, D 2876","d 9,5 mm D 20 mm S 1,5 mm",MAN: 51.98701.0076,
DT-MAN p218 #1,110 A,218,3.21222,Fuel pump,Kraftstoffpumpe,D 2066,,MAN: 51.11103.7738; BOSCH: 0 445 020 023,
DT-MAN p218 #2,110 A,218,3.21221,Fuel pump,Kraftstoffpumpe,"D 2066, D 2676",,MAN: 51.11103.7792; BOSCH: 0 445 020 208,
DT-MAN p218 #3,110 A,218,3.21220,Fuel pump,Kraftstoffpumpe,D 2876,,MAN: 51.11103.7740; BOSCH: 0 445 020 018,
DT-MAN p219 #1,110 A,219,3.21015,Feed pump,Forderpumpe,D 2066,,MAN: 51.12101.7141; BOSCH: 0 440 020 049,
DT-MAN p219 #2,110 A,219,3.21013,Feed pump,Forderpumpe,"D 2066, D 2676",,MAN: 51.12101.7148; BOSCH: 0 440 020 078,
DT-MAN p219 #3,110 A,219,3.21005,Feed pump,Forderpumpe,D 2866,,MAN: 51.12101.7106; BOSCH: 0 440 008 084,
DT-MAN p219 #4,110 A,219,3.21006,Feed pump,Forderpumpe,D 2866,,MAN: 51.12101.7107; BOSCH: 0 440 008 092,
DT-MAN p220 #1,110 A,220,3.21008,Feed pump,Forderpumpe,D 2866,,MAN: 51.12101.7102; BOSCH: 0 440 008 174,
DT-MAN p220 #2,110 A,220,3.21011,Feed pump,Forderpumpe,D 2866,,MAN: 51.12101.7099; BOSCH: 0 440 008 171,
DT-MAN p220 #3,110 A,220,3.21007,Feed pump,Forderpumpe,"D 2866, D 2876",,MAN: 51.12101.7101; BOSCH: 0 440 008 173,
DT-MAN p220 #4,110 A,220,2.32002,"Gasket, feed pump","Dichtung, Forderpumpe","D 2866, D 2876",,MAN: 81.11904.0020,
DT-MAN p221 #1,110 A,221,2.05002,"Hand pump, aluminium","Handpumpe, Aluminium","D 2866, D 2876",,MAN: 51.12150.7021; BOSCH: 2 447 010 033,
DT-MAN p221 #2,110 A,221,4.61250,Hand pump,Handpumpe,"D 2866, D 2876",,MAN: 51.12150.7022; BOSCH: 0 440 011 007,
DT-MAN p221 #3,110 A,221,4.60762,Fuel prefilter,Kraftstoffvorfilter,"D 2866, D 2876",,MAN: 51.12501.7228; BOSCH: 2 457 434 010,
DT-MAN p221 #4,110 A,221,3.92101,Prefilter kit,Vorfiltersatz,"D 2866, D 2876",,MAN: 81.11101.6151; BOSCH: 2 447 010 042,
DT-MAN p222 #1,110 A,222,3.21070,Overflow valve,Uberstromventil,"D 0834, D 0836","sw 17 M12 x 1,5",MAN: 51.11107.0008,
DT-MAN p222 #2,110 A,222,3.21075,Overflow valve,Uberstromventil,"D 0834, D 0836, D 2066","sw 19 M14x 1,5",MAN: 51.11107.0026; BOSCH: 1 417 413 065,
DT-MAN p222 #3,110 A,222,3.21076,Overflow valve,Uberstrémventil,D 0836,"sw 19 M14x1,5",MAN: 81.12505.0004; BOSCH: 2 417 413 035,
DT-MAN p222 #4,110 A,222,3.21074,Overflow valve,Uberstromventil,"D 0836, D 2066, D 2876","sw 19 1,5",MAN: 51.11107.0029; BOSCH: F OON 202 279,
DT-MAN p223 #1,110 A,223,2.91000,Overflow valve,Uberstromventil,"D 0836, D 2876","Pov 1,5 bar M14x1,5",MAN: 51.12505.0004; BOSCH: 1 417 413 000,
DT-MAN p223 #2,110 A,223,1.12219,Overflow valve,Uberstromventil,"D 2866, D 2876","Pov 1,8 bar M14x 1,5",MAN: 51.11107.0020; BOSCH: 2 417 413 082,
DT-MAN p223 #3,110 A,223,2.06027,Valve,Ventil,"D 2866, D 2876",,MAN: 81.12108.0010; BOSCH: 2 447 419 002,
DT-MAN p223 #4,110 A,223,3.20091,"Valve unit, Common Rail","Ventileinheit, Common Rail",D 0834,,MAN: 51.12505.0037; BOSCH: 0 928 400 744,DT_NUMBER_FROM_OCR
DT-MAN p223 #5,110 A,223,3.20502,"Valve unit, Common Rail","Ventileinheit, Common Rail","D 0834, D 0836",,MAN: 51.12505.0041; BOSCH: 0 928 400 761,
DT-MAN p224 #1,110 A,224,3.14060,"Valve unit, Common Rail","Ventileinheit, Common Rail",D 2066,,MAN: 51.12505.0027; BOSCH: 0 928 400 627,
DT-MAN p224 #2,110 A,224,3.20090,"Valve unit, Common Rail","Ventileinheit, Common Rail","D 2066, D 2676",,MAN: 51.12505.0033; BOSCH: 0 928 400 746,
DT-MAN p224 #3,110 A,224,3.20501,"Valve unit, Common Rail","Ventileinheit, Common Rail","D 2868, D 2876",,MAN: 51.12505.0024; BOSCH: 0 928 400 620,
DT-MAN p224 #4,110 A,224,3.21055,Seal ring,Dichtring,"D 2066, D 2676, D 3876",d 55mm D 70 mm S 8mm,MAN: 51.96501.6002,
DT-MAN p224 #5,110 A,224,2.32032,Seal ring,Dichtring,Universal,d 27mm D 30 mm S 3mm,MAN: 51.96501.0452,
DT-MAN p225 #1,110 A,225,3.21051,O-ring,O-Ring,Universal,"d 94,5 mm S 3mm",MAN: 06.56938.3163,
DT-MAN p225 #2,110 A,225,1.24312,O-ring,O-Ring,Universal,d 100 mm S 3mm,MAN: 81.96503.0046,
DT-MAN p226 #1,120 A,226,3.22040,Fuel filter cover,Kraftstofffilterdeckel,"D 2866, D 2876",,MAN: 51.12504.6003,
DT-MAN p226 #2,120 A,226,3.22020,Fuel filter,Kraftstofffilter,"D 0834/0836, D 2066/2840, D 2676/2866, D 2868/2876",D 110mm H 220 mm 1” x 14 UNS,MAN: 51.12503.6000,
DT-MAN p226 #3,120 A,226,3.22003,Fuel filter,Kraftstofffilter,"D 0836, D 2866, D 2876","d 62 mm D 76mm H 155mm M16x1,5",MAN: 51.12503.0040,
DT-MAN p226 #4,120 A,226,3.22019,"Fuel prefilter, heatable","Kraftstoffvorfilter, beheizbar","D 2066/2676, D 2840/2866, D 2868/2876, D 3876",,MAN: 81.12501.6084,
DT-MAN p227 #1,120 A,227,3.22009,Fuel filter insert,Kraftstofffiltereinsatz,"D 0834/0836, D 2066/2676, D 2868/3876",d 45 mm D 95 mm H 173 mm,MAN: 51.12503.0061,
DT-MAN p227 #2,120 A,227,3.22017,Fuel filter insert,Kraftstofffiltereinsatz,"D 2066, D 2676","di 12,5 mm d2 45 mm D 95 mm H 203,5 mm",MAN: 51.12503.0081,
DT-MAN p227 #3,120 A,227,3.22005,Fuel filter insert,Kraftstofffiltereinsatz,"D 2866, D 2876",d 27 mm D 78 mm H 231mm,MAN: 51.12503.0042,
DT-MAN p227 #4,120 A,227,3.22013,Fuel filter insert,Kraftstofffiltereinsatz,D 2876,d 27mm D 78 mm H 231 mm,MAN: 51.12503.0048,
DT-MAN p228 #1,120 A,228,3.22016,Fuel filter insert,Kraftstofffiltereinsatz,"D 0834, D 0836",L 76 mm W 76 mm H 54mm,MAN: 85.12501.0003,
DT-MAN p228 #2,120 A,228,3.22012,"Fuel filter insert, RME-resistant","Kraftstofffiltereinsatz, RME-bestandig","D 0834, D 0836",L 76 mm W 76mm H 54mm,MAN: 85.12501.0002,
DT-MAN p228 #3,120 A,228,3.22010,"Fuel filter insert, RME-resistant","Kraftstofffiltereinsatz, RME-bestandig","D 0836/2066, D 2676/2840, D 2866/2868, D 2876",L 88 mm W 88 mm H 55mm,MAN: 81.12503.0085,
DT-MAN p228 #4,120 A,228,3.22007,"Fuel filter insert, RME-resistant","Kraftstofffiltereinsatz, RME-bestandig","D 0836/2066, D 2676/2840, D 2866/2868, D 2876",L 88 mm W 88 mm H 55mm,MAN: 81.12503.0086,
DT-MAN p229 #1,120 A,229,3.92121,"Gasket kit, fuel filter insert","Dichtsatz, Kraftstofffiltereinsatz","D 0834, D 0836",L 78 mm W 85 mm,MAN: 81.12902.6000,
DT-MAN p229 #2,120 A,229,3.92120,"Gasket kit, fuel filter insert","Dichtsatz, Kraftstofffiltereinsatz","D 2066, D 2676, D 2868, D 2876",L 93 mm W 102 mm,MAN: 81.12902.6001,
DT-MAN p229 #3,120 A,229,3.22030,Prefilter,Vorfilter,"D 0834, D 0836, D 2066, D 2676, D 3876",,MAN: 51.12150.0001,
DT-MAN p229 #4,120 A,229,3.22100,Inspection glass,Schauglas,"D 0834, D 0836",,MAN: 81.12512.0008,
DT-MAN p230 #1,120 A,230,3.22101,Inspection glass,Schauglas,"D 2066, D 2676, D 3876",,MAN: 81.12512.0004,
DT-MAN p230 #2,120 A,230,4.90699,"Filter repair kit, with filter housing","Filter Reparatursatz, mit Filtergehause","D 0834, D 0836, D 2066, D 2676, D 3876",,MAN: 51.12503.0062,
DT-MAN p230 #3,120 A,230,3.22014,"Filter repair kit, without filter housing","Filter Reparatursatz, ohne Filtergehause","D 0834, D 0836, D 2066, D 2676, D 3876",,MAN: 51.12503.0062,
DT-MAN p230 #4,120 A,230,4.90698,"Filter repair kit, without filter housing","Filter Reparatursatz, ohne Filtergehause","D 2866, D 2876",,MAN: 51.12503.0043,
DT-MAN p231 #1,120 A,231,3.22045,Filter housing,Filtergehaduse,"D 0834, D 0836, D 2066, D 2676, D 3876",,MAN: 51.12502.0014,
DT-MAN p231 #2,120 A,231,4.61860,Filter housing,Filtergehause,"D 0834, D 0836, D 2066, D 2676",,,
DT-MAN p231 #3,120 A,231,3.22050,Drain tap,Ablaufhahn,"D 2066, D 2676, D 2840, D 2868, D 2876",,MAN: 81.12510.6022,
DT-MAN p231 #4,120 A,231,3.22060,Seal ring,Dichtring,"D 0834/0836, D 2840/2866, D 2876","d 6,7 mm D 11mm S 1mm",MAN: 06.56631.0101,
DT-MAN p232 #1,120 A,232,3.10048,Seal ring,Dichtring,"D 0834/0836, D 2066/2676, D 2840/2866, D 2868/2876","d 8,7 mm D 14mm S 1mm",MAN: 06.56631.0125,DT_NUMBER_FROM_OCR
DT-MAN p233 #1,120 B,233,3.23109,Fuel tank,Kraftstofftank,TGA,L 800 mm W 675 mm H 620 mm 3001,MAN: 81.12201.6111,
DT-MAN p233 #2,120 B,233,3.23103,Fuel tank,Kraftstofftank,TGA,L 1600 mm W 675 mm H 620 mm 3901/2001,MAN: 81.12201.5666,
DT-MAN p233 #3,120 B,233,3.23100,Fuel tank,Kraftstofftank,TGA/TGS,L 1050 mm W 615mm H 515mm 3001,MAN: 81.12201.6584,
DT-MAN p234 #1,120 B,234,3.23101,Fuel tank,Kraftstofftank,TGA/TGS,L 1050 mm W 675 mm H 620 mm 400,MAN: 81.12201.6582,
DT-MAN p234 #2,120 B,234,3.23110,Fuel tank,Kraftstofftank,TGA/TGS/TGX,L 1070 mm W 675 mm H 620 mm 400,MAN: 81.12201.5690,
DT-MAN p234 #3,120 B,234,3.23112,Fuel tank,Kraftstofftank,TGA/TGS/TGX,L 2085 mm W 675 mm H 620 mm 8001,MAN: 81.12201.5687,
DT-MAN p235 #1,120 B,235,2.12155,"Filler cap, unventilated","Tankdeckel, unbeliiftet","TGL/TGM, TGA/TGS/TGX",D 80 mm,MAN: 81.12210.6025,
DT-MAN p235 #2,120 B,235,4.61630,"Filler cap, ventilated, lockable","Tankdeckel, beliiftet, abschlieBbar","TGL/TGM, TGA/TGS/TGX",D 80 mm,MAN: 81.12210.6027,
DT-MAN p235 #3,120 B,235,9.69010,"Filler cap, urea","Tankdeckel, Harnstoff",TGA/TGS/TGX,D 40 mm,MAN: 81.15402.6027,
DT-MAN p235 #4,120 B,235,3.23016,Level sensor,Fullstandgeber,TGUTGM,L 345 mm,MAN: 81.27203.6015,
DT-MAN p236 #1,120 B,236,3.23006,Fuel level sensor,Fillstandgeber,"TGL/TGM, TGA/TGS/TGX",L 610 mm,MAN: 81.27203.6020,
DT-MAN p236 #2,120 B,236,3.23017,Level sensor,Fiillstandgeber,"TGL/TGM, TGS",L 388 mm,MAN: 81.27203.6016,
DT-MAN p236 #3,120 B,236,3.23007,Fuel level sensor,Fillstandgeber,"TGL (N01), TGA/TGS/TGX",L 683 mm,MAN: 81.27203.6021,
DT-MAN p236 #4,120 B,236,3.23019,Level sensor,Fullstandgeber,TGM,L 542 mm,MAN: 81.27203.6018,
DT-MAN p236 #5,120 B,236,3.23018,Level sensor,Fillstandgeber,"TGM, TGA/TGS/TGX",L 511 mm,MAN: 81.27203.6017,
DT-MAN p237 #1,120 B,237,3.23002,Fuel level sensor,Fiillstandgeber,TGA,L 610 mm,MAN: 81.27203.6033,
DT-MAN p237 #2,120 B,237,3.23005,Fuel level sensor,Fullstandgeber,TGA/TGS/TGX,L 558 mm,MAN: 81.27203.6019,
DT-MAN p237 #3,120 B,237,3.23010,"Level sensor, urea","Fiillstandgeber, Harnstoff","TGM, TGA/TGS/TGX",,MAN: 81.15408.0006,
DT-MAN p237 #4,120 B,237,2.12317,"Filter, fuel level sensor","Filter, Fuillstandgeber","TGL/TGM, TGA/TGS/TGX",,,
DT-MAN p238 #1,120 B,238,3.22022,Fuel strainer,Kraftstoffsieb,"TGL/TGM, TGA/TGS/TGX",,MAN: 81.12211.0021,
DT-MAN p238 #2,120 B,238,5.45175,Urea filter insert,Harnstofffiltereinsatz,TGA/TGS/TGX,d 25mm D 69 mm H 75 mm,MAN: 81.15403.6089,
DT-MAN p238 #3,120 B,238,3.20503,Solenoid valve,Magnetventil,"TGM, TGA/TGS/TGX",,MAN: 81.15407.6000,
DT-MAN p239 #1,150 A,239,3.25149,Silencer,Schalldampfer,TGL,,MAN: 81.15101.0420,
DT-MAN p239 #2,150 A,239,3.25150,Silencer,Schalldampfer,TGL/TGM,,MAN: 81.15101.0421,
DT-MAN p239 #3,150 A,239,3.25017,Silencer,Schalldampfer,TGUTGM,,MAN: 81.15101.0362,
DT-MAN p240 #1,150 A,240,3.25018,Silencer,Schalldampfer,TGL/TGM,,MAN: 81.15101.0392,
DT-MAN p240 #2,150 A,240,3.25013,Silencer,Schalldampfer,TGA,,MAN: 81.15101.0291,
DT-MAN p240 #3,150 A,240,3.25040,Silencer,Schalldampfer,TGA,,MAN: 81.15101.0345,
DT-MAN p241 #1,150 A,241,3.25041,Silencer,Schalldampfer,TGA,,MAN: 81.15101.0344,
DT-MAN p241 #2,150 A,241,3.25042,Silencer,Schalldampfer,TGA/TGS,,MAN: 81.15101.0359,
DT-MAN p241 #3,150 A,241,3.25043,Silencer,Schalldampfer,TGA/TGS,,MAN: 81.15101.0358,
DT-MAN p242 #1,150 A,242,3.25044,Silencer,Schalldampfer,TGA/TGS,,MAN: 81.15101.0360,
DT-MAN p242 #2,150 A,242,3.25143,Silencer,Schalldampfer,TGA/TGS,,MAN: 81.15101.0385,
DT-MAN p242 #3,150 A,242,3.25002,Silencer,Schalldampfer,TGA/TGS/TGX,,MAN: 81.15101.0346,
DT-MAN p243 #1,150 A,243,3.25142,Silencer,Schalldampfer,TGA/TGS/TGX,,MAN: 81.15101.0411,
DT-MAN p243 #2,150 A,243,3.25145,Silencer,Schalldampfer,TGA/TGS/TGX,,MAN: 81.15101.0370,
DT-MAN p243 #3,150 A,243,3.25148,Silencer,Schalldampfer,TGA/TGS/TGX,,MAN: 81.15103.6037,
DT-MAN p244 #1,150 A,244,3.25310,Silencer,Schalldampfer,TGS,,MAN: 81.15103.6034,
DT-MAN p244 #2,150 A,244,3.25133,"Bracket, silencer","Halter, Schalldampfer",TGA,,MAN: 81.15502.5120,
DT-MAN p244 #3,150 A,244,3.25066,Heat shield,Hitzeschild,TGA/TGS/TGX,,MAN: 81.15110.0361,
DT-MAN p245 #1,150 B,245,3.25232,Front exhaust pipe,Vorderes Auspuffrohr,TGL,L 270 mm,MAN: 81.15201.0223,
DT-MAN p245 #2,150 B,245,3.25231,Front exhaust pipe,Vorderes Auspuffrohr,TGUTGM,,MAN: 81.15201.6002,
DT-MAN p245 #3,150 B,245,3.25235,Front exhaust pipe,Vorderes Auspuffrohr,TGUTGM,L 499 mm,MAN: 81.15204.0542,
DT-MAN p245 #4,150 B,245,3.25023,Front exhaust pipe,Vorderes Auspuffrohr,TGA,,MAN: 81.15204.5942,
DT-MAN p246 #1,150 B,246,3.25239,Front exhaust pipe,Vorderes Auspuffrohr,TGA/TGS,,MAN: 81.15205.5079,
DT-MAN p246 #2,150 B,246,3.25022,Front exhaust pipe,Vorderes Auspuffrohr,TGA/TGS/TGX,,MAN: 81.15204.0451,
DT-MAN p246 #3,150 B,246,3.25238,Exhaust pipe,Auspuffrohr,"TGM, TGA/TGS/TGX",,MAN: 81.15204.0527,
DT-MAN p246 #4,150 B,246,3.25325,Exhaust pipe,Auspuffrohr,TGA/TGS,,MAN: 81.15204.0716,
DT-MAN p247 #1,150 B,247,3.25309,Exhaust pipe,Auspuffrohr,TGA/TGS/TGX,,MAN: 51.15201.5225,
DT-MAN p247 #2,150 B,247,3.25057,Flexible pipe,Flexibles Rohr,TGL/TGM,d 80 mm D 84mm L 305 mm S 2mm,MAN: 81.15210.5004,
DT-MAN p247 #3,150 B,247,3.25260,Flexible pipe,Flexibles Rohr,TGA (HB1),d 80 mm D 84mm L 225mm S 2mm,MAN: 81.15210.0022,
DT-MAN p248 #1,150 B,248,3.25054,Flexible pipe,Flexibles Rohr,TGA/TGS/TGX,D 110 mm L 380 mm,MAN: 81.15210.0084,
DT-MAN p248 #2,150 B,248,3.25264,Flexible pipe,Flexibles Rohr,TGA/TGS/TGX,D 116 mm L 405 mm S 2mm,MAN: 81.15210.5008,
DT-MAN p248 #3,150 B,248,3.25053,Flexible pipe,Flexibles Rohr,TGA/TGS/TGX,D 114mm L 440 mm S 2mm,MAN: 81.15210.0086,
DT-MAN p248 #4,150 B,248,3.25268,Flexible pipe,Flexibles Rohr,TGS/TGX,D 114mm L 400 mm,MAN: 81.15210.0114,
DT-MAN p249 #1,150 B,249,3.25245,End pipe,Endrohr,,,MAN: 81.15201.0222,
DT-MAN p249 #2,150 B,249,3.25247,End pipe,Endrohr,TGA/TGS,,MAN: 81.15201.0219,
DT-MAN p249 #3,150 B,249,3.25248,End pipe,Endrohr,TGA/TGS,,MAN: 81.15201.0218,
DT-MAN p249 #4,150 B,249,3.25250,Rain cap,Regenklappe,,,MAN: 81.15204.6034,
DT-MAN p250 #1,150 C,250,3.25077,Clamp,Schelle,Universal,"D 83,5 mm",MAN: 81.97420.0023,
DT-MAN p250 #2,150 C,250,4.62181,Clamp,Schelle,Universal,"D 94,5 mm",MAN: 06.67041.0125,
DT-MAN p250 #3,150 C,250,3.25078,Clamp,Schelle,Universal,"D 100,5 mm",MAN: 06.67041.0124,
DT-MAN p250 #4,150 C,250,3.25070,Clamp,Schelle,Universal,D 104 mm,MAN: 81.97420.2017,
DT-MAN p251 #1,150 C,251,3.25072,Clamp,Schelle,Universal,"D 110,5 mm",MAN: 81.97420.0073,
DT-MAN p251 #2,150 C,251,3.25071,Clamp,Schelle,Universal,D,MAN: 81.97420.0139,
DT-MAN p251 #3,150 C,251,3.25120,Clamp,Schelle,Universal,"D 124,5 mm",MAN: 81.97420.0157,
DT-MAN p251 #4,150 C,251,3.25090,Rubber buffer,Gummipuffer,TGA,"D 50 mm H 30 mm M10 x 1,5",MAN: 81.96210.0153,
DT-MAN p252 #1,150 C,252,3.25091,Rubber buffer,Gummipuffer,TGA,"D 50 mm H 40 mm M10 x 1,5",MAN: 81.96210.0101,
DT-MAN p252 #2,150 C,252,3.25092,Rubber buffer,Gummipuffer,TGA/TGS,"D 40 mm H 30 mm M8 x 1,25",MAN: 81.96210.0052,
DT-MAN p253 #1,159 A,253,3.25550,"Exhaust manifold, with throttle","Abgaskriimmer, mit Drosselklappe","TGA/TGS/TGX D 2066, D 2676",,MAN: 51.15201.6294,
DT-MAN p253 #2,159 A,253,3.25551,"Exhaust manifold, with throttle","Abgaskriimmer, mit Drosselklappe","TGA/TGS/TGX D 2066, D 2676",,MAN: 51.15201.6217,
DT-MAN p253 #3,159 A,253,3.25521,"Throttle, complete","Drosselklappe, komplett",TGA,,MAN: 81.15600.6106,
DT-MAN p253 #4,159 A,253,3.25524,"Throttle, complete","Drosselklappe, komplett",TGA,D 16mm,MAN: 81.15600.6108,
DT-MAN p254 #1,159 A,254,3.25527,"Throttle, complete","Drosselklappe, komplett",TGA,D 13 mm,MAN: 81.15601.0024,
DT-MAN p254 #2,159 A,254,3.25522,"Throttle, complete with cylinder","Drosselklappe, komplett mit Zylinder",TGA,,MAN: 81.15600.6103,
DT-MAN p254 #3,159 A,254,3.25523,Throttle,Drosselklappe,TGA/TGX,,MAN: 81.15601.0032,
DT-MAN p254 #4,159 A,254,3.25523S,"Throttle, complete with cylinder","Drosselklappe, komplett mit Zylinder",TGA/TGX,,MAN: 81.15601.0032,
DT-MAN p255 #1,159 A,255,3.25507,"Cylinder, exhaust brake","Zylinder, Motorbremse","TGL/TGM, TGA/TGX","D 44mm Ls 48 mm M8 x 1,25",MAN: 81.15701.6124,
DT-MAN p255 #2,159 A,255,3.25501,"Cylinder, exhaust brake","Zylinder, Motorbremse",TGA,"D 40 mm Ls 48 mm M8 x 1,25",MAN: 81.15701.6119,
DT-MAN p255 #3,159 A,255,3.25503,"Cylinder, exhaust brake","Zylinder, Motorbremse",TGA,"D 44mm Ls 48 mm M8 x 1,25",MAN: 81.15701.6120,
DT-MAN p255 #4,159 A,255,3.25504,"Cylinder, exhaust brake","Zylinder, Motorbremse",TGA,D 55 mm,MAN: 81.15701.6112,
DT-MAN p255 #5,159 A,255,3.25531,"Blocking flap, exhaust gas recirculation","Sperrklappe, Abgasriickfiihrung","TGA/TGS/TGX D 2066, D 2676",7,MAN: 51.08150.6048,
DT-MAN p256 #1,159 A,256,3.25533,"Blocking flap, exhaust gas recirculation","Sperrklappe, Abgasriickfiihrung","TGA/TGS/TGX D 2066, D 2676",,MAN: 51.08150.6069,DT_NUMBER_FROM_OCR
DT-MAN p257 #1,250 A,257,3.31005,"Headlamp, left","Hauptscheinwerfer, links","TGL/TGM, TGA/TGS/TGX",24V H7 WSW,MAN: 81.25101.6457,
DT-MAN p257 #2,250 A,257,3.31006,"Headlamp, right","Hauptscheinwerfer, rechts","TGL/TGM, TGA/TGS/TGX",24V H7 W5W,MAN: 81.25101.6456,
DT-MAN p257 #3,250 A,257,3.31008,"Headlamp, left","Hauptscheinwerfer, links","TGL/TGM, TGA/TGS/TGX",24V H7,MAN: 81.25101.6580,
DT-MAN p257 #4,250 A,257,3.31009,"Headlamp, right","Hauptscheinwerfer, rechts","TGL/TGM, TGA/TGS/TGX",24V H7 WSW,MAN: 81.25101.6579,
DT-MAN p258 #1,250 A,258,3.31151,"Headlamp, left","Hauptscheinwerfer, links","TGL/TGM, TGA/TGS/TGX",24V H7 W5W,MAN: 81.25101.6453,
DT-MAN p258 #2,250 A,258,3.31152,"Headlamp, right","Hauptscheinwerfer, rechts","TGL/TGM, TGA/TGS/TGX",24V H7 W5W,MAN: 81.25101.6452,
DT-MAN p258 #3,250 A,258,3.31160,"Headlamp, left","Hauptscheinwerfer, links","TGL/TGM, TGA",24V H1,MAN: 81.25101.6455,
DT-MAN p258 #4,250 A,258,3.31161,"Headlamp, right","Hauptscheinwerfer, rechts","TGL/TGM, TGA",24V H1,MAN: 81.25101.6454,
DT-MAN p259 #1,250 A,259,3.31014,"Headlamp, left, without bulb","Hauptscheinwerfer, links, ohne Gluhlampe",TGS/TGX,"24V H7 PY21W, LED",MAN: 81.25101.6657,
DT-MAN p259 #2,250 A,259,3.31015,"Headlamp, right, without bulb","Hauptscheinwerfer, rechts, ohne Gluhlampe",TGS/TGX,"24V H7 PY21W, LED",MAN: 81.25101.6682,
DT-MAN p259 #3,250 A,259,3.31164,"Headlamp, left","Hauptscheinwerter, links",TGS/TGX,"24V H7 PY21W, H21W, LED",MAN: 81.25101.6687,
DT-MAN p259 #4,250 A,259,3.31165,"Headlamp, right","Hauptscheinwerfer, rechts",TGS/TGX,"24V H7 PY21W, H21W, LED",MAN: 81.25101.6688,
DT-MAN p260 #1,250 A,260,3.31017,"Headlamp, right","Hauptscheinwerfer, rechts",TGS/TGX,"24V H7 PY21W, H21W, LED",MAN: 81.25101.6686,
DT-MAN p260 #2,250 A,260,3.31016,"Headlamp, left","Hauptscheinwerfer, links",TGS/TGX,"24V H7 PY21W, H21W, LED",MAN: 81.25101.6685,
DT-MAN p260 #3,250 A,260,3.31166,"Headlamp, left","Hauptscheinwerfer, links",TGS/TGX,"24V H7 PY21W, LED",MAN: 81.25101.6683,
DT-MAN p260 #4,250 A,260,3.31167,"Headlamp, right","Hauptscheinwerfer, rechts",TGS/TGX,"24V H7 PY21W, LED",MAN: 81.25101.6684,
DT-MAN p261 #1,250 A,261,3.31023,"Headlamp glass, left","Hauptscheinwerferglas, links","TGL/TGM, TGA/TGS/TGX",,MAN: 81.25110.0080,
DT-MAN p261 #2,250 A,261,3.31024,"Headlamp glass, right","Hauptscheinwerferglas, rechts","TGL/TGM, TGA/TGS/TGX",,MAN: 81.25110.0081,
DT-MAN p261 #3,250 A,261,3.31027,"Headlamp glass, left","Hauptscheinwerferglas, links",TGS/TGX,,MAN: 81.25110.0083; HELLA: 9ES 354 987-091,
DT-MAN p262 #1,250 A,262,3.31028,"Headlamp glass, right","Hauptscheinwerferglas, rechts",TGS/TGX,,MAN: 81.25110.0084; HELLA: 9ES 354 987-101,
DT-MAN p262 #2,250 A,262,3.32065,"Rubber boot, headlamp, left","Gummimanschette, Hauptscheinwerfer, links","TGUTGM, TGA/TGS/TGX",,MAN: 81.25111.0050,
DT-MAN p262 #3,250 A,262,3.32066,"Rubber boot, headlamp, right","Gummimanschette, Hauptscheinwerfer, rechts",TGA/TGS/TGX,,MAN: 81.25111.0051,
DT-MAN p262 #4,250 A,262,3.31080,"Lamp protector kit, headlamp","Scheinwerferschutzsatz, Hauptscheinwerfer",TGX,,,
DT-MAN p263 #1,250 A,263,3.80195,Lamp bracket,Scheinwerferhalter,"TGL/TGM, TGA/TGS/TGX",,MAN: 81.25140.0121,
DT-MAN p263 #2,250 A,263,3.31045,"Combination lamp, left","Kombinationsleuchte, links",TGA/TGS/TGX,H4,MAN: 81.25320.6111; HELLA: 1NB 354 986-031,
DT-MAN p263 #3,250 A,263,3.31046,"Combination lamp, right","Kombinationsleuchte, rechts",TGA/TGS/TGX,H4,MAN: 81.25320.6112; HELLA: 1NB 354 986-041,
DT-MAN p263 #4,250 A,263,3.31057,"Combination lamp, left, with bulbs","Kombinationsleuchte, links, mit Glihlampen","TGUTGM, TGA/TGS/TGX",H4,MAN: 81.25320.6113; HELLA: 1NB 354 986-051,
DT-MAN p264 #1,250 A,264,3.31056,"Combination lamp, right, with bulbs","Kombinationsleuchte, rechts, mit Gluhlampen","TGL/TGM, TGA/TGS/TGX",H4,MAN: 81.25320.6114; HELLA: 1NB 354 986-061,
DT-MAN p264 #2,250 A,264,3.31130,"Auxiliary lamp, left","Zusatzscheinwerfer, links",TGS/TGX,H4 H3,MAN: 81.25101.6521,
DT-MAN p264 #3,250 A,264,3.31131,"Auxiliary lamp, right","Zusatzscheinwerfer, rechts",TGS/TGX,H4 H3,MAN: 81.25101.6522,
DT-MAN p264 #4,250 A,264,3.31140,"Auxiliary lamp glass, left","Zusatzscheinwerferglas, links",TGS/TGX,,MAN: 81.25110.0085,
DT-MAN p265 #1,250 A,265,3.31141,"Auxiliary lamp glass, right","Zusatzscheinwerferglas, rechts",TGS/TGX,,MAN: 81.25110.0086,
DT-MAN p265 #2,250 A,265,3.31043,"Turn signal lamp, left","Blinkleuchte, links","TGL/TGM, TGA/TGS/TGX",,MAN: 81.25320.6089,
DT-MAN p265 #3,250 A,265,3.31044,"Turn signal lamp, right","Blinkleuchte, rechts","TGL/TGM, TGA/TGS/TGX",,MAN: 81.25320.6090,
DT-MAN p265 #4,250 A,265,3.31195,"Turn signal lamp, left","Blinkleuchte, links","TGL/TGM, TGA/TGS/TGX",,MAN: 81.25320.6109,
DT-MAN p265 #5,250 A,265,3.31196,"Turn signal lamp, right","Blinkleuchte, rechts","TGUTGM, TGA/TGS/TGX",,MAN: 81.25320.6110,
DT-MAN p266 #1,250 A,266,3.31171,"Turn signal lamp, lateral","Blinkleuchte, seitlich",TGL/TGM,,MAN: 81.25320.6102,
DT-MAN p266 #2,250 A,266,3.31052,"Turn signal lamp, lateral","Blinkleuchte, seitlich","TGL/TGM, TGA",,MAN: 81.25320.6117,
DT-MAN p266 #3,250 A,266,3.31055,"Turn signal lamp, lateral, transparent","Blinkleuchte, seitlich, transparent",TGA/TGS/TGX,,MAN: 81.25320.6118,
DT-MAN p266 #4,250 A,266,5.81147,"Turn signal lamp, with lamp socket","Blinkleuchte, mit Lampenfassung",TGS,,MAN: 82.25320.6007,
DT-MAN p267 #1,250 A,267,3.31079,"Gasket, turn signal lamp","Dichtung, Blinkleuchte",TGA/TGS,,MAN: 82.25111.0002,
DT-MAN p267 #2,250 A,267,3.80190,"Bracket, turn signal lamp","Halter, Blinkleuchte","TGL/TGM, TGA/TGS/TGX",,MAN: 81.25245.0144,
DT-MAN p267 #3,250 A,267,3.31106,"Marking lamp, without bulb","Markierungsleuchte, ohne Gliihlampe",TGA (H76),,MAN: 36.25260.6000; HELLA: 2PF 008 221-011,
DT-MAN p267 #4,250 A,267,3.31112,"Side marking lamp, with plug","Seitenmarkierungsleuchte, mit Stecker","TGL/TGM, TGA/TGS/TGX",LED,MAN: 81.25260.6101,
DT-MAN p268 #1,250 A,268,3.32171,"Rotating emergency lamp, yellow","Rundumkennleuchte, gelb","TGL/TGM, TGA/TGS/TGX",,MAN: 81.25207.6067; BOSCH: 7 782 324 020,
DT-MAN p268 #2,250 A,268,3.32170,"Rotating emergency lamp, yellow","Rundumkennleuchte, gelb",TGA/TGS,,MAN: 81.25207.6059; BOSCH: 7 782 364 007,
DT-MAN p268 #3,250 A,268,3.31114,Clearance lamp,Umrissleuchte,"TGL/TGM, TGA/TGS/TGX",24V WSW,MAN: 81.25260.6099,
DT-MAN p268 #4,250 A,268,3.31115,Clearance lamp,Umrissleuchte,"TGA (H55), TGS (70S), TGX","24V 1,3 W LED",MAN: 81.25260.6121,
DT-MAN p269 #1,250 A,269,,Daytime running light set,Tagfahrlichtsatz,Universal,"2W 12-24 V, LED",,NO_DT_NUMBER
DT-MAN p270 #1,250 B,270,3.32012,"Tail lamp, left","Riickleuchte, links","TGL/TGM, TGA/TGS/TGX",24V RSW PY21W,MAN: 81.25225.6544,
DT-MAN p270 #2,250 B,270,3.32013,"Tail lamp, right","Ruckleuchte, rechts","TGL/TGM, TGA/TGS/TGX",24V R5W PY21W,MAN: 81.25225.6545,
DT-MAN p270 #3,250 B,270,3.32018,"Tail lamp, right, with reverse alarm","Riickleuchte, rechts, mit Rickfahralarm","TGL/TGM, TGA/TGS/TGX",24V RSW PY21W,MAN: 81.25225.6547,
DT-MAN p270 #4,250 B,270,3.32011,"Tail lamp, left","Ruickleuchte, links","TGL/TGM, TGA/TGS/TGX",Lb 152 mm L 340 mm H 130 mm 24V,MAN: 81.25225.6531,
DT-MAN p271 #1,250 B,271,3.32010,"Tail lamp, right","Riickleuchte, rechts","TGL/TGM, TGA/TGS/TGX",Lb 152mm L 340 mm H 130 mm 24V,MAN: 81.25225.6532,
DT-MAN p271 #2,250 B,271,3.32019,"Tail lamp, right, with reverse alarm","Riickleuchte, rechts, mit Ruckfahralarm",TGA/TGS/TGX,24V ROW P21W,MAN: 81.25225.6530,
DT-MAN p271 #3,250 B,271,3.32026,"Tail lamp, left, with license plate lamp","Ruickleuchte, links, mit Kennzeichenleuchte",TGS/TGX,LED,MAN: 81.25225.6563; HELLA: 2VD 012 381-011,
DT-MAN p271 #4,250 B,271,3.32027,"Tail lamp, right","Ruickleuchte, rechts",TGS/TGX,LED,MAN: 81.25225.6562; HELLA: 2VP 012 381-021,
DT-MAN p272 #1,250 B,272,3.32028,"Tail lamp, left, with license plate lamp","Riickleuchte, links, mit Kennzeichenleuchte","TGL/TGM, TGS/TGX",LED,MAN: 81.25225.6565; HELLA: 2VD 012 381-031,
DT-MAN p272 #2,250 B,272,3.32029,"Tail lamp, right","Riickleuchte, rechts","TGL/TGM, TGS/TGX",LED,MAN: 81.25225.6564; HELLA: 2VP 012 381-041,
DT-MAN p272 #3,250 B,272,3.32024,"Tail lamp, left","Riickleuchte, links","TGL/TGM, TGS/TGX",LED,MAN: 81.25225.6559; HELLA: 2VP 012 381-051,
DT-MAN p272 #4,250 B,272,3.32025,"Tail lamp, right, with reverse alarm","Riickleuchte, rechts, mit Ruickfahralarm",TGS/TGX,LED,MAN: 81.25225.6566; HELLA: 2VP 012 381-061,
DT-MAN p273 #1,250 B,273,3.32045,"Tail lamp, right, with reverse alarm","Riickleuchte, rechts, mit Riickfahralarm",TGS/TGX,LED,MAN: 81.25225.6568; HELLA: 2VP 012 381-081,
DT-MAN p273 #2,250 B,273,5.81125,"Tail lamp, left, with license plate lamp","Riickleuchte, links, mit Kennzeichenleuchte",TGA/TGS,Lb 152 mm L 468 mm H 134mm 24V P21W RSW,MAN: 81.25225.6524; HELLA: 2VD 008 204-251,
DT-MAN p273 #3,250 B,273,5.81129,"Tail lamp, right","Riickleuchte, rechts",TGA/TGS,Lb 152 mm L 468 mm H 134mm 24V P21W RSW,MAN: 81.25225.6523; HELLA: 2VP 008 204-241,
DT-MAN p273 #4,250 B,273,1.21251,Tail lamp,Riickleuchte,TGA/TGS/TGX,Lb 152 mm L 465 mm H 130 mm 24V,MAN: 81.25228.6033,
DT-MAN p274 #1,250 B,274,3.32036,"Tail lamp glass, left","Riickleuchtenglas, links","TGL/TGM, TGA/TGS/TGX",,MAN: 81.25229.6059,
DT-MAN p274 #2,250 B,274,3.32037,"Tail lamp glass, right","Riickleuchtenglas, rechts","TGL/TGM, TGA/TGS/TGX",,MAN: 81.25229.6060,
DT-MAN p274 #3,250 B,274,1.21255,Tail lamp glass,Riickleuchtenglas,"TGLUTGM, TGA/TGS/TGX",,MAN: 81.25229.6051,
DT-MAN p274 #4,250 B,274,4.62822,Tail lamp glass,Riickleuchtenglas,"TGL/TGM, TGA/TGS/TGX",,MAN: 81.25225.6538,
DT-MAN p275 #1,250 B,275,3.32046,Tail lamp glass,Riickleuchtenglas,"TGL/TGM, TGS/TGX",,MAN: 81.25230.0031; HELLA: 9EL 208 551-011,
DT-MAN p275 #2,250 B,275,9.69080,"Tail lamp, white","Riickleuchte, weiB",Universal,"12/24 V, LED",HELLA: 2SB 344 200-027,
DT-MAN p275 #3,250 B,275,9.69081,"Tail lamp, red","Riickleuchte, rot",Universal,"12/24 V, LED",HELLA: 2SB 344 200-081,
DT-MAN p276 #1,250 B,276,3.32090,"Warning buzzer, tail lamp","Warnsummer, Riickleuchte","TGL/TGM, TGA/TGS/TGX",,MAN: 81.25305.0000,
DT-MAN p276 #2,250 B,276,3.32050,"License plate lamp, without bulb","Kennzeichenleuchte, ohne Gliihlampe",TGA/TGS/TGX,,MAN: 81.25225.6182; HELLA: 2KA 003 389-081,
DT-MAN p276 #3,250 B,276,3.32051,"Housing, license plate lamp","Gehause, Kennzeichenleuchte",TGA/TGS/TGX,,MAN: 81.25228.6002; HELLA: 9BG 121 587-031,
DT-MAN p276 #4,250 B,276,3.31135,"Work lamp, without bulb","Arbeitsscheinwerfer, ohne Gliihlampe","TGL/TGM, TGA/TGS/TGX",H3 83 x 83 mm ol,MAN: 81.25103.6060; HELLA: 1GA 007 506-081,
DT-MAN p277 #1,250 B,277,3.32084,Reflector,Reflektor,TGM (N38),,MAN: 81.42950.0050; HELLA: 8RA 002 016-121,
DT-MAN p277 #2,250 B,277,3.32083,Reflector,Reflektor,TGA/TGS,D 61 mm b 6mm,MAN: 81.42950.0071,
DT-MAN p277 #3,250 B,277,3.32081,Reflector,Reflektor,TGS (56S),L 122 mm W 33 mm,MAN: 81.42950.0046,
DT-MAN p277 #4,250 B,277,3.18622,Rubber buffer,Gummipuffer,TGA/TGS/TGX,D 30 mm L 60 mm H 20 mm M8,MAN: 81.96210.0289,
DT-MAN p278 #1,250 C,278,1.21580,Socket bulb,Sockellampe,Universal,"24V 1,2W BAX10d B8,5d, grey",MAN: 81.25901.0086,
DT-MAN p278 #2,250 C,278,2.27221,Socket bulb,Sockellampe,universal,"24V 1,2 W EBS R4",MAN: 81.25901.0110,
DT-MAN p278 #3,250 C,278,3.32907,Socket bulb,Sockellampe,Universal,"24V 1,2 W EBS N10",MAN: 81.25901.0076,
DT-MAN p278 #4,250 C,278,1.21579,Bulb,Glihlampe,Universal,"24V 1,2 W W2x4,6d 15",MAN: 81.25901.0057,
DT-MAN p279 #1,250 C,279,2.27228,Bulb,Gliihlampe,Universal,24V 2W BAQs,MAN: 81.25901.0062,
DT-MAN p279 #2,250 C,279,1.21587,Bulb,Gliihlampe,Universal,24V 3W BA7s,HELLA: 8GP 002 066-241,
DT-MAN p279 #3,250 C,279,3.32908,Bulb,Gluhlampe,Universal,24V 4W BAQs HD,MAN: 81.25901.0072; HELLA: 8GP 002 067-261,
DT-MAN p279 #4,250 C,279,2.27223,Bulb,Glihlampe,Universal,24V BAQs,HELLA: 8GP 002 067-241,
DT-MAN p280 #1,250 C,280,6.82351,Bulb,Glihlampe,Universal,"28V 7,5W BAQs/13",MAN: 07.92008.1295; HELLA: 8GP 008 285-001,
DT-MAN p280 #2,250 C,280,1.21583,Bulb,Glihlampe,Universal,24V BAY9s,BOSCH: 1 987 302 533,
DT-MAN p280 #3,250 C,280,2.27226,Bulb,Gliihlampe,Universal,"24V W2,1x9,5d W5W",MAN: 81.25901.0093,
DT-MAN p280 #4,250 C,280,1.21575,Bulb,Glihlampe,Universal,"24V 2W W2,1x9,5d",MAN: 81.25901.0111,
DT-MAN p281 #1,250 C,281,9.78101,Bulb,Gliihlampe,Universal,24V 5 W BA15d RSW,BOSCH: 1 987 302 527,
DT-MAN p281 #2,250 C,281,1.21577,Bulb,Gliihlampe,Universal,24V 5W BA15s,HELLA: 8GA 002 071-241,PRINTED_DT_DIFFERS_FROM_QR
DT-MAN p281 #3,250 C,281,1.21570,Bulb,Gluhlampe,Universal,24V 5W BA15s HD,MAN: 81.25901.0073; HELLA: 8GA 002 071-261,
DT-MAN p281 #4,250 C,281,9.78100,Bulb,Glihlampe,Universal,24V 10 W BA15d R10W,,
DT-MAN p282 #1,250 C,282,1.21574,Bulb,Glihlampe,Universal,24V 10W BA15s,HELLA: 8GA 002 071-251,
DT-MAN p282 #2,250 C,282,2.27225,Bulb,Glihlampe,Universal,24V 10W BA15s HD,MAN: 81.25901.0074; HELLA: 8GA 002 071-271,
DT-MAN p282 #3,250 C,282,1.21571,Bulb,Gliihlampe,Universal,24V 21W BA15s,MAN: 84.25901.0016,
DT-MAN p282 #4,250 C,282,1.21578,Bulb,Glihlampe,Universal,24V 21W BA15s HD,MAN: 81.25901.0075,
DT-MAN p283 #1,250 C,283,2.27229,Bulb,Glihlampe,Universal,24V 21/5 W,MAN: 07.92008.1483,
DT-MAN p283 #2,250 C,283,2.27233,Bulb,Glihlampe,Universal,24V 21/5 W HD,,
DT-MAN p283 #3,250 C,283,2.27232,Bulb,Gliihlampe,Universal,"24V 21W BAU15s PY21w HD, orange",MAN: 81.25901.0102,
DT-MAN p283 #4,250 C,283,3.32900,Bulb,Gluhlampe,Universal,"30V 0,04A 15,5",MAN: 81.25901.0107,
DT-MAN p284 #1,250 C,284,1.21582,Bulb,Glihlampe,Universal,24V 55/50 W P45t R2,MAN: 81.25901.7069,
DT-MAN p284 #2,250 C,284,1.21581,Bulb,Glihlampe,Universal,"24V 70 W P14,5s H1",MAN: 81.25901.0019,
DT-MAN p284 #3,250 C,284,9.78118,Bulb,Glihlampe,Universal,24V 70W PGJ19-1 H9,,
DT-MAN p284 #4,250 C,284,4.64285,Bulb,Glihlampe,Universal,24V 70W PGJ19-2 H11,,
DT-MAN p285 #1,250 C,285,1.21572,Bulb,Gliihlampe,Universal,24V 70W PK22s H3,MAN: 81.25901.0027,
DT-MAN p285 #2,250 C,285,2.27234,Bulb,Gliihlampe,Universal,24V 70 W PX26d H7 HD,MAN: 07.92008.1673,
DT-MAN p285 #3,250 C,285,2.27227,Bulb,Gluhlampe,Universal,24V 70 W PX26d H7,MAN: 81.25901.0091,
DT-MAN p285 #4,250 C,285,1.21573,Bulb,Gliihlampe,Universal,24V 75/70 W P43t H4,,
DT-MAN p286 #1,250 C,286,3.32912,Bulb,Glihlampe,Universal,24V 75/70 W P43t H4 HD,MAN: 81.25901.0084,
DT-MAN p286 #2,250 C,286,1.21649,Xenon bulb,Xenonlampe,Universal,35W PK32d-3 DIR Xenon,,
DT-MAN p286 #3,250 C,286,3.32943,Xenon bulb,Xenonlampe,Universal,35W PK32d-2 DiS Xenon,,
DT-MAN p286 #4,250 C,286,3.32942,Xenon bulb,Xenonlampe,Universal,35W P32d-3 D2R Xenon,MAN: 07.92008.1816,
DT-MAN p287 #1,250 C,287,9.78000,Bulb kit,Glihlampensatz,Universal,24V H4,,
DT-MAN p287 #2,250 C,287,9.78001,Bulb kit,Gliihlampensatz,Universal,24V H7,,
DT-MAN p287 #3,250 C,287,4.60742,Lamp socket,Lampenfassung,Universal,,MAN: 81.25236.0032,
DT-MAN p288 #1,250 D,288,6.81036,Relay,Relais,"TGL/TGM, TGA/TGS/TGX",24V 30A,MAN: 81.25902.0474,
DT-MAN p288 #2,250 D,288,1.21094,Relay,Relais,"TGUTGM, TGA/TGS/TGX",24V 2x20A,MAN: 81.25902.0410,
DT-MAN p288 #3,250 D,288,7.78207,Relay,Relais,TGA/TGS/TGX,24V 40A,MAN: 81.25902.0473,
DT-MAN p288 #4,250 D,288,1.21093,Relay,Relais,"TGL/TGM, TGA/TGS/TGX",24V JOA,MAN: 81.25902.0520,
DT-MAN p289 #1,250 D,289,3.33013,Relay,Relais,"TGL/TGM, TGA/TGS/TGX",24V 7OA,MAN: 81.25902.0155,
DT-MAN p289 #2,250 D,289,3.33091,Relay,Relais,"TGUTGM, TGA/TGS/TGX",24V,MAN: 81.25902.0479,
DT-MAN p289 #3,250 D,289,3.33017,Relay,Relais,TGA/TGS/TGX,24V 40A,MAN: 81.25902.0437,
DT-MAN p289 #4,250 D,289,7.80103,Relay,Relais,Universal,12V 40A,MAN: 39.90058.0029,
DT-MAN p290 #1,250 D,290,3.33094,"Relay, fuel filter heating","Relais, Kraftstofffilterheizung","TGUTGM, TGA/TGS/TGX",,MAN: 81.25902.6268,
DT-MAN p290 #2,250 D,290,3.33007,"Relay, fuel filter heating","Relais, Kraftstofffilterheizung",TGA/TGX,24V 23 A,MAN: 81.25902.6267,
DT-MAN p290 #3,250 D,290,3.33051,"Relay, rear fog lamp","Relais, Nebelschlussleuchte",TGA/TGS/TGX,24V,MAN: 81.25902.0469,
DT-MAN p290 #4,250 D,290,3.33090,Retardation relay,Verzogerungsrelais,TGA (H99),,MAN: 81.25902.0498,
DT-MAN p291 #1,250 D,291,3.33092,Timer relay,Zeitrelais,"TGM, TGA/TGS",24V,MAN: 81.25902.0500,
DT-MAN p291 #2,250 D,291,3.33014,Buzzer,Summer,"TGM, TGA/TGS/TGX",24V,MAN: 81.25906.0021,
DT-MAN p291 #3,250 D,291,3.33022,Limit sender,Grenzwertgeber,TGA,24V 20A,MAN: 81.25902.0303,
DT-MAN p291 #4,250 D,291,3.32461,Resistor group,Widerstandsgruppe,"TGL/TGM, TGA/TGS/TGX",,MAN: 81.25907.0278,
DT-MAN p291 #5,250 D,291,3.33060,Diode group,Diodengruppe,TGL/TGM,,MAN: 81.25927.0107,
DT-MAN p292 #1,250 D,292,3.33083,Diode group,Diodengruppe,"TGL/TGM, TGA/TGS/TGX",,MAN: 81.25927.0112,
DT-MAN p292 #2,250 D,292,3.33086,Diode group,Diodengruppe,"TGL/TGM, TGA/TGS/TGX",,MAN: 81.25927.0115,
DT-MAN p292 #3,250 D,292,3.33082,Diode group,Diodengruppe,"TGM, TGA/TGS",,MAN: 81.25927.0110,
DT-MAN p292 #4,250 D,292,3.33084,Diode group,Diodengruppe,TGA/TGX,,MAN: 81.25927.0113,
DT-MAN p293 #1,250 D,293,3.33087,Diode group,Diodengruppe,TGS,,MAN: 81.25927.0117,
DT-MAN p293 #2,250 D,293,3.33116,Horn,Signalhorn,"TGUTGM, TGA/TGS","24V 335 Hz Type F 2,8 Plus 2 poles",MAN: 85.25301.6002,
DT-MAN p293 #3,250 D,293,3.33117,Horn,Signalhorn,TGA/TGS,"24V 420 Hz Type F 2,8 Plus 2 poles",MAN: 85.25301.6003,
DT-MAN p293 #4,250 D,293,4.62914,"Horn, sharp tone","Signalhorn, hoher Ton","TGL/TGM, TGA/TGS/TGX",,MAN: 81.25301.6078,
DT-MAN p294 #1,250 D,294,4.62913,"Horn, deep tone","Signalhorn, tiefer Ton","TGL/TGM, TGA/TGS/TGX",,MAN: 81.25301.6077,
DT-MAN p294 #2,250 D,294,3.70502,"Horn, sharp tone","Signalhorn, hoher Ton",TGA/TGS/TGX,24V 510 Hz,MAN: 81.25301.6089,
DT-MAN p294 #3,250 D,294,3.70503,"Horn, deep tone","Signalhorn, tiefer Ton",TGA/TGS/TGX,24V 420 Hz,MAN: 81.25301.6088,
DT-MAN p295 #1,250 E,295,3.33075,"Central electrical system, with relays and fuses","Zentralelektrik, mit Relais und Sicherungen","TGL/TGM, TGA/TGS/TGX",,MAN: 81.25444.6074,
DT-MAN p295 #2,250 E,295,3.33308,Steering column switch,Lenkstockschalter,"TGU/TGM, TGA/TGS/TGX",1,MAN: 81.25509.0139,
DT-MAN p295 #3,250 E,295,3.33406,Steering column switch,Lenkstockschalter,"TGUTGM, TGA/TGS/TGX",it,MAN: 81.25509.0125,
DT-MAN p295 #4,250 E,295,3.33301,Steering column switch,Lenkstockschalter,"TGL/TGM, TGA/TGS/TGX",,MAN: 81.25509.0144,
DT-MAN p296 #1,250 E,296,3.33388,Steering column switch,Lenkstockschalter,"TGL/TGM, TGA",,MAN: 81.25509.0175,
DT-MAN p296 #2,250 E,296,3.33404,Steering column switch,Lenkstockschalter,"TGL/TGM, TGA",,MAN: 81.25509.0127,
DT-MAN p296 #3,250 E,296,3.33312,Steering column switch,Lenkstockschalter,"TGL/TGM, TGA/TGS",,MAN: 81.25509.0149,
DT-MAN p296 #4,250 E,296,3.33385,Steering column switch,Lenkstockschalter,"TGL/TGM, TGA/TGS",,MAN: 81.25509.0179,
DT-MAN p297 #1,250 E,297,3.33400,Steering column switch,Lenkstockschalter,"TGL/TGM, TGA/TGS",,MAN: 81.25509.0178,
DT-MAN p297 #2,250 E,297,3.33401,Steering column switch,Lenkstockschalter,TGAITGS,,MAN: 81.25509.0187,
DT-MAN p297 #3,250 E,297,3.33402,Steering column switch,Lenkstockschalter,TGA/TGS,,MAN: 81.25509.0186,
DT-MAN p297 #4,250 E,297,3.33403,Steering column switch,Lenkstockschalter,"TGUTGM, TGA/TGS",“4,MAN: 81.25509.0165,
DT-MAN p298 #1,250 E,298,3.33300,Steering column switch,Lenkstockschalter,TGA,,MAN: 81.25509.0124,
DT-MAN p298 #2,250 E,298,3.33405,Steering column switch,Lenkstockschalter,TGA/TGS,Pp.,MAN: 81.25509.0126,
DT-MAN p298 #3,250 E,298,3.33389,Steering column switch,Lenkstockschalter,TGX,,MAN: 81.25509.0113,
DT-MAN p298 #4,250 E,298,3.37081,Door control panel,Tursteuermodul,"TGL/TGM, TGA/TGS",,MAN: 81.25806.7097,
DT-MAN p299 #1,250 E,299,3.37086,Door control panel,Tursteuermodul,"TGL/TGM, TGA/TGS",,MAN: 81.25806.7101,
DT-MAN p299 #2,250 E,299,3.37080,Door control panel,Tirsteuermodul,"TGL/TGM, TGA/TGS/TGX",,MAN: 81.25806.7098,
DT-MAN p299 #3,250 E,299,3.37084,Door control panel,Tiirsteuermodul,"TGL/TGM, TGA/TGS/TGX",,MAN: 81.25806.7112,
DT-MAN p299 #4,250 E,299,3.37082,Door control panel,Tiirsteuermodul,"TGU/TGM, TGS/TGX",,MAN: 81.25806.7107,
DT-MAN p300 #1,250 E,300,3.37085,Door control panel,Tirsteuermodul,"TGL/TGM, TGS/TGX",,MAN: 81.25806.7108,
DT-MAN p300 #2,250 E,300,3.37083,Door control panel,Tursteuermodul,TGA/TGS/TGX,,MAN: 81.25806.7109,
DT-MAN p300 #3,250 E,300,3.33380,Potentiometer,Potentiometer,TGA,,MAN: 81.25907.0225,
DT-MAN p300 #4,250 E,300,3.33328,Toggle switch,Kippschalter,"TGL/TGM, TGA/TGS/TGX",,MAN: 81.25505.0374,
DT-MAN p301 #1,250 E,301,3.33334,Light switch,Lichtschalter,TGA,,MAN: 81.25505.6255,
DT-MAN p301 #2,250 E,301,3.33320,Hazard warning switch,Warnblinkschalter,TGA,,MAN: 81.25505.6291,
DT-MAN p301 #3,250 E,301,3.33393,Rocker switch,Wippenschalter,TGA,,MAN: 81.25505.6267,
DT-MAN p301 #4,250 E,301,3.33375,Rocker switch,Wippenschalter,TGA,,MAN: 81.25505.6270,
DT-MAN p302 #1,250 E,302,3.33366,Rotary switch,Drehschalter,"TGL/TGM, TGA/TGS/TGX",,MAN: 81.25505.6876,
DT-MAN p302 #2,250 E,302,3.33367,Rotary switch,Drehschalter,"TGL/TGM, TGA/TGS/TGX",,MAN: 81.25505.6877,
DT-MAN p302 #3,250 E,302,3.33368,Rotary switch,Drehschalter,TGS/TGX,,MAN: 81.25525.6244,
DT-MAN p302 #4,250 E,302,3.31193,Control panel,Bedienelement,"TGL/TGM, TGA/TGS/TGX",,MAN: 81.25505.6601,
DT-MAN p303 #1,250 E,303,3.32450,Control lamp socket,Kontrollleuchtenfassung,TGA/TGX,,MAN: 81.25210.0060,
DT-MAN p304 #1,260 A,304,3.34009,Starter,Anlasser,"D 0834, D 0836",24V 4kW,MAN: 51.26201.7236; BOSCH: 0 001 231 034,
DT-MAN p304 #2,260 A,304,3.34145,Starter,Anlasser,"D 0834, D 0836","24V 5,5 kw 11 teeth",MAN: 51.26201.7237,
DT-MAN p304 #3,260 A,304,3.34004,Starter,Anlasser,D 0836,24V 4kw 11 teeth,MAN: 51.26201.7213; BOSCH: 0 001 231 030,
DT-MAN p304 #4,260 A,304,3.34005,Starter,Anlasser,"D 2066, D 2676","24V 5,5 kW",MAN: 51.26201.7199,
DT-MAN p305 #1,260 A,305,3.34013,Starter,Anlasser,"D 2066, D 2676","24V 5,5 kW",MAN: 51.26201.9238,
DT-MAN p305 #2,260 A,305,3.34007,Starter,Anlasser,"D 2066, D 2676","24V 6,7 kw",MAN: 81.26201.6022; BOSCH: 0 001 371 020,
DT-MAN p305 #3,260 A,305,3.34011,Starter,Anlasser,"D 2066, D 2676",24V,MAN: 51.26201.7231,DT_NUMBER_FROM_OCR
DT-MAN p305 #4,260 A,305,4.63001,Starter,Anlasser,D 2840,"24V 6,6 kW",MAN: 51.26201.7123; BOSCH: 0 001 417 001,
DT-MAN p306 #1,260 A,306,3.34008,Starter,Anlasser,"D 2866, D 2876","24V 5,4 kW",MAN: 51.26201.7127; BOSCH: 0 986 013 730,
DT-MAN p306 #2,260 A,306,4.61910,Starter,Anlasser,"D 2866, D 2876","24V 5,4 kW",MAN: 51.26201.7181; BOSCH: 0 001 416 002,
DT-MAN p306 #3,260 A,306,3.34003,Starter,Anlasser,D 2876,"24V 5,5 kW",MAN: 51.26201.7239; BOSCH: 0 001 241 021,
DT-MAN p306 #4,260 A,306,1.32104,"Repair kit, starter","Reparatursatz, Anlasser","D 2840, D 2866, D 2876",,MAN: 51.26232.6003; BOSCH: 2 007 011 069,
DT-MAN p307 #1,260 A,307,2.92820,"Repair kit, starter","Reparatursatz, Anlasser","D 2840, D 2876",,MAN: 81.26232.6004; BOSCH: 2 007 011 070,
DT-MAN p307 #2,260 A,307,1.32100,"Repair kit, starter","Reparatursatz, Anlasser",D 2876,,MAN: 51.91607.6000; BOSCH: 6 033 ADS 100,
DT-MAN p307 #3,260 A,307,1.32101,"Repair kit, starter","Reparatursatz, Anlasser",D 2876,,BOSCH: 6 033 ADS 157,
DT-MAN p307 #4,260 A,307,3.34142,"Freewheel gear, starter","Freilaufgetriebe, Anlasser","D 0834, D 0836",,MAN: 51.26213.0002; BOSCH: 6 033 ADO 304,
DT-MAN p308 #1,260 A,308,1.21391,"Freewheel gear, starter","Freilaufgetriebe, Anlasser",D 2876,,MAN: 51.26213.0010; BOSCH: 6 033 ADS 078,
DT-MAN p308 #2,260 A,308,4.50001,Starter pinion,Anlasserritzel,"D 2866, D 2876",9 teeth,MAN: 81.26209.0015; BOSCH: 2 006 382 020,
DT-MAN p308 #3,260 A,308,5.47071,Starter pinion,Anlasserritzel,D 2876,12 teeth,MAN: 51.26209.0008; BOSCH: 6 033 AC5 246,
DT-MAN p308 #4,260 A,308,2.22050,Starter clutch,Lamellenkupplung,"D 2840, D 2866, D 2876",,MAN: 81.26225.6003; BOSCH: 2 006 401 527,
DT-MAN p308 #5,260 A,308,5.47060,Armature,Anker,"D 0834, D 0836",,MAN: 51.26203.0004; BOSCH: 6 033 AD4 080,
DT-MAN p309 #1,260 A,309,2.22057,Armature,Anker,D 2840,,MAN: 81.26203.6019; BOSCH: 2 004 005 023,
DT-MAN p309 #2,260 A,309,3.34160,Armature shaft,Ankerwelle,D 2840,,MAN: 81.26214.0003; BOSCH: 2 003 050 040,
DT-MAN p309 #3,260 A,309,2.22053,Armature shaft,Ankerwelle,"D 2866, D 2876",,MAN: 81.26214.0002; BOSCH: 2 003 050 076,
DT-MAN p309 #4,260 A,309,4.65211,Field winding,Feldwicklung,D 2840,,MAN: 81.26204.0033; BOSCH: 2 004 125 083,
DT-MAN p310 #1,260 A,310,2.22051,Field winding,Feldwicklung,"D 2866, D 2876",,MAN: 81.26204.0032; BOSCH: 2 004 125 078,
DT-MAN p310 #2,260 A,310,1.21517,Solenoid switch,Magnetschalter,"D 2840, D 2866, D 2876",24V,MAN: 81.26212.0014; BOSCH: 0 331 101 006,
DT-MAN p310 #3,260 A,310,3.34039,Starter relay,Starterrelais,"D 2066, D 2676",,MAN: 51.26212.0014,
DT-MAN p310 #4,260 A,310,3.34019,Starter relay,Starterrelais,"D 2840, D 2866, D 2876",,MAN: 51.25902.0077; BOSCH: 0 333 006 025,
DT-MAN p311 #1,260 A,311,3.34017,Starter relay,Starterrelais,"D 2866, D 2876",,MAN: 81.26212.0028; BOSCH: 2 339 450 012,
DT-MAN p311 #2,260 A,311,3.34018,Starter relay,Starterrelais,D 2876,,MAN: 51.26212.0015; BOSCH: 2 339 402 222,
DT-MAN p311 #3,260 A,311,1.21740,"Carbon brush set, starter","Kohlebiirstensatz, Anlasser",D 0836,,MAN: 81.25921.6042; BOSCH: 2 007 014 063,
DT-MAN p311 #4,260 A,311,4.60987,"Carbon brush set, starter","Kohlebiirstensatz, Anlasser","D 2840, D 2876",,MAN: 81.25921.6051; BOSCH: 2 007 014 070,
DT-MAN p312 #1,260 A,312,3.34102,"Carbon brush set, starter","Kohlebiirstensatz, Anlasser","D 2866, D 2876",,MAN: 81.25921.6058; BOSCH: 2 007 014 079,
DT-MAN p312 #2,260 A,312,1.21322,Carbon brush holder,Kohlebiirstenhalter,"D 0834, D 0836, D 2876",,MAN: 51.26216.0005; BOSCH: 6 033 AD4 194,
DT-MAN p312 #3,260 A,312,5.47092,Carbon brush holder,Kohlebiirstenhalter,D 0836,,MAN: 81.26216.0005; BOSCH: 2 004 336 031,
DT-MAN p313 #1,260 B,313,3.34025,Alternator,Generator,"D 0834, D 0836",24V 80A,MAN: 51.26101.7271; BOSCH: 0 124 555 013,
DT-MAN p313 #2,260 B,313,3.34026,Alternator,Generator,"D 0834, D 0836, D 2066, D 2676, D 2840, D 2868",24V 110A,MAN: 51.26101.7270; BOSCH: 0 124 655 009,
DT-MAN p313 #3,260 B,313,3.34024,Alternator,Generator,"D 2840, D 2866, D 2876",24V 100A,MAN: 51.26101.7265; BOSCH: 0 123 525 501,
DT-MAN p313 #4,260 B,313,3.34023,Alternator,Generator,D 2866,24V 35A,MAN: 51.26101.7197; BOSCH: 0 120 488 271,
DT-MAN p314 #1,260 B,314,4.62882,Alternator,Generator,D 2866,24V 35A,MAN: 51.26101.7215; BOSCH: 0 120 488 277,
DT-MAN p314 #2,260 B,314,3.34021,Alternator,Generator,"D 2866, D 2876",24V 55A,MAN: 51.26101.7201; BOSCH: 0 120 469 982,
DT-MAN p314 #3,260 B,314,3.34021S,"Alternator, without pulley","Generator, ohne Riemenscheibe","D 2866, D 2876",24V 55A,MAN: 51.26101.7201; BOSCH: 0 986 037 041,
DT-MAN p314 #4,260 B,314,3.34120,Alternator,Generator,"D 2866, D 2876",24V 55A,MAN: 51.26101.7266; BOSCH: 0 123 325 500,
DT-MAN p315 #1,260 B,315,3.34128,Alternator,Generator,"D 2866, D 2876",24V 80A,MAN: 51.26101.7269; BOSCH: 0 124555 014,
DT-MAN p315 #2,260 B,315,5.47012,Alternator,Generator,"D 2866, D 2876",24V 80A,MAN: 51.26101.7192; BOSCH: 0 120 468 107,
DT-MAN p315 #3,260 B,315,2.93500,"Repair kit, alternator","Reparatursatz, Generator","D 2866, D 2876",,MAN: 81.26100.6023; BOSCH: 1 127 011 071,
DT-MAN p315 #4,260 B,315,1.32121,"Repair kit, alternator","Reparatursatz, Generator","D 2866, D 2876",,MAN: 81.26100.6030; BOSCH: 1 127 011 160,
DT-MAN p316 #1,260 B,316,4.91009,"Repair kit, alternator","Reparatursatz, Generator","D 2866, D 2876",,MAN: 51.26100.6105; BOSCH: 1 127 011 143,
DT-MAN p316 #2,260 B,316,3.34091,Rectifier,Gleichrichter,"D 0834, D 0836",,BOSCH: F 00M 147 631,
DT-MAN p316 #3,260 B,316,3.34046,Rectifier,Gleichrichter,"D 0834/0836, D 2066/2676, D 2840/2866, D 2876",,MAN: 51.26109.0008; BOSCH: F 00M 133 346,
DT-MAN p316 #4,260 B,316,3.34090,Rectifier,Gleichrichter,"D 2840, D 2866, D 2876",,MAN: 81.26109.0024; BOSCH: 1 127 319 793,
DT-MAN p317 #1,260 B,317,3.34092,Rectifier,Gleichrichter,D 2866,,MAN: 81.26109.0020; BOSCH: 1 127 320 991,
DT-MAN p317 #2,260 B,317,3.34049,Rectifier,Gleichrichter,"D 2866, D 2876",,MAN: 81.26109.0018; BOSCH: 1 127 320 989,
DT-MAN p317 #3,260 B,317,5.47040,Rotor,Laufer,"D 2866, D 2876",,MAN: 81.26102.0035; BOSCH: 1 124 035 226,
DT-MAN p317 #4,260 B,317,2.21020,Stator,Stander,"D 2866, D 2876",,MAN: 81.26106.0030; BOSCH: 1 125 045 152,
DT-MAN p318 #1,260 B,318,4.67710,Stator,Stander,"D 0834/0836 D 2066/2676, D 2866/2876",,MAN: 51.26106.0007; BOSCH: F 00M 130 112,
DT-MAN p318 #2,260 B,318,3.34045,Regulator,Regler,"D 0834/0836, D 2066/2676, D 2840/2866, D 2868/2876",,MAN: 51.25601.0006; BOSCH: F 00M 144 122,
DT-MAN p318 #3,260 B,318,3.34033,Regulator,Regler,"D 2866, D 2876",28V,MAN: 81.25601.0025; BOSCH: 1 197 311 558,
DT-MAN p318 #4,260 B,318,4.60915,Regulator,Regler,"D 2866, D 2876",28V,MAN: 81.25601.6035; BOSCH: 1 197 311 304,
DT-MAN p319 #1,260 B,319,3.34101,"Carbon brush set, alternator","Kohlebiirstensatz, Generator","D 0834, D 0836",,BOSCH: 6 033 RD7 001,
DT-MAN p319 #2,260 B,319,3.34100,"Carbon brush set, alternator","Kohlebiirstensatz, Generator","D 2840, D 2866, D 2876",,MAN: 81.25921.6060; BOSCH: 1 127 014 028,
DT-MAN p319 #3,260 B,319,3.34100S,"Carbon brush set, alternator","Kohlebiirstensatz, Generator","D 2840, D 2866, D 2876",,MAN: 81.25921.6060; BOSCH: 1 127 014 028,
DT-MAN p319 #4,260 B,319,1.21324,"Carbon brush set, alternator","Kohlebiirstensatz, Generator","D 2866, D 2876",,MAN: 51.25921.6001; BOSCH: 1 127 014 022,
DT-MAN p320 #1,260 C,320,3.93001,"Belt tensioner, complete, with multiribbed belt","Riemenspanner, komplett, mit Keilrippenriemen",D 2840,L 1290 mm PK 4,MAN: 81.95801.6077,
DT-MAN p320 #2,260 C,320,3.93014,"Belt tensioner, complete, with multiribbed belt","Riemenspanner, komplett, mit Keilrippenriemen","D 2066, D 2676",L 1880 mm PK 6,MAN: 51.95800.7436,
DT-MAN p320 #3,260 C,320,3.93002,"Belt tensioner, complete, with multiribbed belt","Riemenspanner, komplett, mit Keilrippenriemen","D 2866, D 2876",L 880 mm PK 8,MAN: 81.95801.6079,
DT-MAN p321 #1,260 C,321,3.93010,"Belt tensioner, complete, with multiribbed belt","Riemenspanner, komplett, mit Keilrippenriemen","D 0834, D 0836",L 1275 mm PK 8,MAN: 51.95800.6137,
DT-MAN p321 #2,260 C,321,3.93003,"Belt tensioner, complete, with multiribbed belt","Riemenspanner, komplett, mit Keilrippenriemen","D 2866, D 2876",L 1376 mm PK 8,MAN: 81.95801.6080,
DT-MAN p321 #3,260 C,321,3.93009,"Belt tensioner, complete, with multiribbed belt","Riemenspanner, komplett, mit Keilrippenriemen","D 0834, D 0836",L 1495 mm PK 8,MAN: 51.95800.7437,
DT-MAN p322 #1,260 C,322,3.93012,"Belt tensioner, complete, with multiribbed belt","Riemenspanner, komplett, mit Keilrippenriemen","D 0834, D 0836",L 1548 mm PK 8,MAN: 51.95800.7437,
DT-MAN p322 #2,260 C,322,3.93011,"Belt tensioner, complete, with multiribbed belt","Riemenspanner, komplett, mit Keilrippenriemen","D 0834, D 0836",L 1580 mm PK 8,MAN: 51.95800.7437,
DT-MAN p322 #3,260 C,322,3.93016,"Belt tensioner, complete, with multiribbed belt","Riemenspanner, komplett, mit Keilrippenriemen","D 2066, D 2676",L 1635 mm PK 8,MAN: 81.95800.6017,
DT-MAN p323 #1,260 C,323,3.93017,"Belt tensioner, complete, with multiribbed belt","Riemenspanner, komplett, mit Keilrippenriemen","D 2066, D 2676",L 1655 mm PK 8,MAN: 51.95800.7436,
DT-MAN p323 #2,260 C,323,3.93015,"Belt tensioner, complete, with multiribbed belt","Riemenspanner, komplett, mit Keilrippenriemen","D 2066, D 2676",L 1875 mm PK 8,MAN: 51.95800.7436,
DT-MAN p323 #3,260 C,323,3.93013,"Belt tensioner, complete, with multiribbed belt","Riemenspanner, komplett, mit Keilrippenriemen","D 2066, D 2676",L 1920 mm PK 8,MAN: 81.95801.6085,
DT-MAN p324 #1,260 C,324,3.34065,Belt tensioner,Riemenspanner,"D 0834, D 0836",D 74mm H 34mm,MAN: 51.95800.7437,
DT-MAN p324 #2,260 C,324,3.34066,Belt tensioner,Riemenspanner,"D 2066, D 2676",D 74mm H 34mm,MAN: 51.95800.7436,
DT-MAN p324 #3,260 C,324,3.34061,"Belt tensioner, air conditioning","Riemenspanner, Klimaanlage",D 2840,,MAN: 51.95800.7392,
DT-MAN p324 #4,260 C,324,3.34062,"Belt tensioner, air conditioning","Riemenspanner, Klimaanlage","D 2866, D 2876",D 65 mm H 36 mm,MAN: 51.95800.7396,
DT-MAN p325 #1,260 C,325,3.34063,"Belt tensioner, air conditioning","Riemenspanner, Klimaanlage","D 2866, D 2876",D 65 mm H 36mm,MAN: 51.95800.7397,
DT-MAN p325 #2,260 C,325,3.34075,"Pressure spring, belt tensioner","Druckfeder, Riemenspanner","D 2866, D 2876",L 130 mm,MAN: 51.97601.0290,
DT-MAN p325 #3,260 C,325,3.34084,Tension roller,Spannrolle,"D 0834, D 0836, D 2066, D 2676, D 2868",d 20 mm D 74mm H 34mm,MAN: 51.95800.6099,
DT-MAN p325 #4,260 C,325,3.34073,Tension roller,Spannrolle,D 0836,"d 12 mm D 85 mm H 46,5 mm",MAN: 51.95800.5001,
DT-MAN p326 #1,260 C,326,3.34520,Tension roller,Spannrolle,D 0836,d 20 mm D 80 mm H 32 mm,MAN: 51.95800.6082,
DT-MAN p326 #2,260 C,326,3.34077,Tension roller,Spannrolle,D 2866,D 118mm H 34mm 2 grooves,MAN: 51.95800.7315,
DT-MAN p326 #3,260 C,326,3.34072,Tension roller,Spannrolle,"D 2866, D 2876","d 12,25 mm D 65 mm H 37mm",MAN: 51.95800.7485,
DT-MAN p326 #4,260 C,326,3.34085,Ball bearing,Kugellager,"D 0834, D 0836, D 2840, D 2866, D 2876",d 20 mm D 47mm H 14mm,MAN: 51.93410.0104,
DT-MAN p327 #1,260 D,327,3.34448,V-belt kit,Keilriemensatz,Universal,L 1415 mm W 10 mm 2 belts,MAN: 81.96820.0054,
DT-MAN p327 #2,260 D,327,3.34447,V-belt kit,Keilriemensatz,Universal,L 1640 mm W 10 mm 2 belts,MAN: 81.96820.0053,
DT-MAN p327 #3,260 D,327,3.34206,V-belt kit,Keilriemensatz,"D 2866, D 2876",L 1225 mm W 13 mm 2 belts,MAN: 06.58073.2302,
DT-MAN p327 #4,260 D,327,3.34300,Multiribbed belt,Keilrippenriemen,Universal,L 790 mm PK 4,MAN: 51.96820.0251,
DT-MAN p328 #1,260 D,328,3.34339,Multiribbed belt,Keilrippenriemen,D 2840,L 1290 mm PK 4,MAN: 51.96820.0269,
DT-MAN p328 #2,260 D,328,3.34347,Multiribbed belt,Keilrippenriemen,"D 0834, D 0836",L 1366 mm PK 4,MAN: 51.96820.0350,
DT-MAN p328 #3,260 D,328,3.34301,Multiribbed belt,Keilrippenriemen,"D 0834, D 0836",L 1390 mm PK 4,MAN: 51.96820.0317,
DT-MAN p328 #4,260 D,328,3.34210,Multiribbed belt,Keilrippenriemen,"D 2866, D 2876",L 1482 mm PK 5,MAN: 51.96820.0271,
DT-MAN p329 #1,260 D,329,3.34346,Multiribbed belt,Keilrippenriemen,Universal,L 1180 mm PK 6,,
DT-MAN p329 #2,260 D,329,3.34305,Multiribbed belt,Keilrippenriemen,TGA,"L 855 mm W 28,48 mm PK 8",MAN: 81.96820.0051,
DT-MAN p329 #3,260 D,329,3.34212,Multiribbed belt,Keilrippenriemen,"D 2866, D 2876","L 880 mm W 28,48 mm PK 8",MAN: 51.96820.0238,
DT-MAN p329 #4,260 D,329,2.15417,Multiribbed belt,Keilrippenriemen,D 0836,"L 1275 mm W 28,48 mm PK 8",MAN: 51.96820.0243,
DT-MAN p330 #1,260 D,330,3.34308,Multiribbed belt,Keilrippenriemen,"D 0834, D 0836","L 1325 mm W 28,48 mm PK 8",MAN: 51.96820.0280,
DT-MAN p330 #2,260 D,330,3.34211,Multiribbed belt,Keilrippenriemen,"D 2866, D 2876","L 1376 mm W 28,48 mm PK 8",MAN: 51.96820.0239,
DT-MAN p330 #3,260 D,330,4.80396,Multiribbed belt,Keilrippenriemen,D 2868,"L 1480 mm W 28,48 mm PK 8",MAN: 51.96820.0352,
DT-MAN p330 #4,260 D,330,1.21215,Multiribbed belt,Keilrippenriemen,Universal,"L 1510 mm W 28,48 mm PK 8",MAN: 51.96820.0313,
DT-MAN p331 #1,260 D,331,3.34310,Multiribbed belt,Keilrippenriemen,"D 0834, D 0836","L 1548 mm W 28,48 mm PK 8",MAN: 51.96820.0326,
DT-MAN p331 #2,260 D,331,3.34341,Multiribbed belt,Keilrippenriemen,"D 2066, D 2676","L 1635 mm W 28,48 mm PK 8",MAN: 51.96820.0344,
DT-MAN p331 #3,260 D,331,3.34342,Multiribbed belt,Keilrippenriemen,"D 2066, D 2676","L 1655 mm W 28,48 mm PK 8",MAN: 51.96820.0346,
DT-MAN p331 #4,260 D,331,3.34215,Multiribbed belt,Keilrippenriemen,"D 2066, D 2676","L 1920 mm W 28,48 mm PK 8",MAN: 51.96820.0345,
DT-MAN p332 #1,260 D,332,3.34314,Multiribbed belt,Keilrippenriemen,Universal,"L 2990 mm W 28,48 mm PK 8",MAN: 51.96820.0222,
DT-MAN p332 #2,260 D,332,3.34317,Multiribbed belt,Keilrippenriemen,D 2840,L 1725 mm PK 9,MAN: 51.96820.0308,
DT-MAN p332 #3,260 D,332,3.34318,Multiribbed belt,Keilrippenriemen,Universal,L 1795 mm PK 9,MAN: 51.96820.0268,
DT-MAN p332 #4,260 D,332,2.21055,Multiribbed belt,Keilrippenriemen,D 0836,"L 1580 mm W 35,6 mm PK 10",MAN: 51.96820.0310,
DT-MAN p333 #1,260 D,333,3.34328,Multiribbed belt,Keilrippenriemen,Universal,L PK 11,MAN: 51.96820.0225,
DT-MAN p333 #2,260 D,333,3.34329,Multiribbed belt,Keilrippenriemen,"D 0834, D 0836",L 1300 mm PK 12,MAN: 51.96820.0253,
DT-MAN p333 #3,260 D,333,4.80391,Multiribbed belt,Keilrippenriemen,Universal,L PK 12,MAN: 51.96820.0250,
DT-MAN p333 #4,260 D,333,3.34331,Multiribbed belt,Keilrippenriemen,Universal,L 1555 mm PK 12,MAN: 06.58049.0024,
DT-MAN p334 #1,260 D,334,3.34333,Multiribbed belt,Keilrippenriemen,Universal,L 1632 mm PK 12,MAN: 81.96820.0047,
DT-MAN p334 #2,260 D,334,3.34340,Multiribbed belt,Keilrippenriemen,D 2840,L 1962 mm PK 12,MAN: 51.96820.0226,
DT-MAN p334 #3,260 D,334,3.34335,Multiribbed belt,Keilrippenriemen,Universal,L 2040 mm PK 12,MAN: 82.96820.0016,
DT-MAN p334 #4,260 D,334,3.34336,Multiribbed belt,Keilrippenriemen,D 2066,L 1286 mm PK 14,MAN: 51.96820.0319,
DT-MAN p335 #1,260 D,335,3.34208,Multiribbed belt,Keilrippenriemen,"D 2866, D 2876",L 1306 mm PK 14,MAN: 51.96820.0270,
DT-MAN p335 #2,260 D,335,3.34209,Multiribbed belt,Keilrippenriemen,"D 2866, D 2876",L 1590 mm PK 14,MAN: 51.96820.0246,
DT-MAN p335 #3,260 D,335,3.34337,Multiribbed belt,Keilrippenriemen,"D 2866, D 2876",L 1708 mm PK 14,MAN: 82.96820.0018,
DT-MAN p336 #1,260 E,336,3.35001,Wiper motor,Wischermotor,"TGL/TGM, TGA/TGS/TGX",24V,MAN: 81.26401.6141,
DT-MAN p336 #2,260 E,336,3.35121,Washer pump,Wischwasserpumpe,"TGL/TGM, TGA/TGS/TGX",24V,MAN: 81.26485.6033; HELLA: 8TW 006 849-091,
DT-MAN p336 #3,260 E,336,4.61882,"Washer pump, headlamp","Wischwasserpumpe, Scheinwerfer","TGL/TGM, TGA/TGS/TGX",24V,MAN: 81.26485.6029; HELLA: 8TW 007 540-037,
DT-MAN p336 #4,260 E,336,1.22114,Wiper blade,Wischerblatt,TGA/TGS/TGX,L 700 mm,MAN: 81.26440.0063,
DT-MAN p337 #1,260 E,337,3.35012,Wiper linkage,Wischergestange,"TGL/TGM, TGA/TGS",,MAN: 81.26411.6118,
DT-MAN p337 #2,260 E,337,3.35013,Wiper linkage,Wischergestange,TGA/TGX,,MAN: 81.26411.6120,
DT-MAN p337 #3,260 E,337,3.35015,Wiper linkage,Wischergestange,TGA/TGX,,MAN: 81.26411.6112,
DT-MAN p337 #4,260 E,337,2.25223,Wiper nozzle,Wischerdiise,"TGL/TGM, TGA/TGS/TGX",,MAN: 81.26482.0037,
DT-MAN p338 #1,260 E,338,3.35076,Valve,Ventil,"TGL/TGM, TGA",,MAN: 84.26484.0002,
DT-MAN p338 #2,260 E,338,3.35110,"Cap, water container","Deckel, Wasserbehalter",TGUTGM,,MAN: 81.26481.0026,
DT-MAN p339 #1,261 A,339,9.67433,"Starter battery, maintenance-free","Starterbatterie, wartungsfrei",Universal,L 514mm W 189 mm H 223 mm 12V 7604 140 Ah,MAN: 81.26601.0134,
DT-MAN p339 #2,261 A,339,9.67435,"Starter battery, maintenance-free","Starterbatterie, wartungsfrei",Universal,L 513 mm W 223 mm H 223 mm 12V 1000 A 180 Ah,MAN: 81.26601.0129,
DT-MAN p339 #3,261 A,339,9.67437,"Starter battery, maintenance-free","Starterbatterie, wartungsfrei",Universal,L 518 mm W 274mm H 242 mm 12V 1150A 225 Ah,MAN: 81.26601.0119,
DT-MAN p340 #1,261 A,340,3.36001,Battery cover,Batterieabdeckung,"TGL/TGM, TGA",,MAN: 81.41860.0144,
DT-MAN p340 #2,261 A,340,3.36002,Battery cover,Batterieabdeckung,TGA/TGS/TGX,,MAN: 81.41860.6110,
DT-MAN p340 #3,261 A,340,3.36003,Battery cover,Batterieabdeckung,TGA/TGS/TGX,,MAN: 81.41860.0139,
DT-MAN p341 #1,261 A,341,3.36010,Battery main switch,Batteriehauptschalter,"TGL/TGM, TGA/TGS/TGX",24V 250A,MAN: 81.25506.6120,
DT-MAN p341 #2,261 A,341,3.36030,"Key, battery main switch","Schlussel, Batterichauptschalter","TGL/TGM, TGA/TGS/TGX",,MAN: 81.25502.0018,
DT-MAN p341 #3,261 A,341,3.32431,Voltage converter,Spannungswandler,"TGUTGM, TGA/TGS/TGX",,MAN: 81.25943.6023,
DT-MAN p341 #4,261 A,341,3.36040,Battery cable,Batteriekabel,TGA/TGS/TGX,,MAN: 81.25417.6708,
DT-MAN p342 #1,261 A,342,3.36016,Battery terminal,Batterieklemme,Universal,"d 15,9 mm M8 x 28 M10 x 16",,
DT-MAN p342 #2,261 A,342,3.36016S,Battery terminal,Batterieklemme,Universal,"d 15,9 mm M8 x 28 M10 x 16",MAN: 81.25470.0015,
DT-MAN p342 #3,261 A,342,3.36015,Battery terminal,Batterieklemme,Universal,"d 17,5 mm M8 x 28 M12 x 16",MAN: 81.25470.0014,
DT-MAN p342 #4,261 A,342,3.36015S,Battery terminal,Batterieklemme,Universal,"d 17,5 mm M8 x 28 M12 x 16",MAN: 81.25470.0014,
DT-MAN p342 #5,261 A,342,9.78018,Battery terminal,Batterieklemme,Universal,"d 17,5 mm 3x M8 M6",,
DT-MAN p343 #1,261 A,343,9.78021,Battery terminal,Batterieklemme,Universal,"d 15,9 mm 3x M8",,
DT-MAN p343 #2,261 A,343,9.78020,Battery terminal,Batterieklemme,Universal,"d 15,9 mm 3x M8",,
DT-MAN p343 #3,261 A,343,9.78019,Battery terminal,Batterieklemme,Universal,d 3x M8,,
DT-MAN p343 #4,261 A,343,9.78016,Battery terminal,Batterieklemme,Universal,"d 15,9 mm M8 4x M6",,
DT-MAN p343 #5,261 A,343,9.78017,Battery terminal,Batterieklemme,Universal,"d 17,5 mm 3x M8 M6",,
DT-MAN p344 #1,261 A,344,9.78015,Battery terminal,Batterieklemme,Universal,"d 17,5 mm M8 5x M6",,
DT-MAN p345 #1,270 A,345,3.37027,Rotation sensor,Drehzahlsensor,"D 0834, D 0836, D 2840, D 2866, D 2876",L 910 mm 930 Ohm 2 poles,MAN: 51.27120.0014; BOSCH: 0 281 002 426,
DT-MAN p345 #2,270 A,345,3.37024,Rotation sensor,Drehzahlsensor,"D 0834, D 2866, D 2876",L 400 mm 910 Ohm 2 poles,MAN: 51.27120.0008; BOSCH: 0 281 002 270,
DT-MAN p345 #3,270 A,345,3.37025,Rotation sensor,Drehzahlsensor,"D 0834, D 2866, D 2876",L 410 mm 870 Ohm 2 poles,MAN: 51.27120.0009; BOSCH: 0 281 002 271,
DT-MAN p345 #4,270 A,345,3.37031,Rotation sensor,Drehzahlsensor,"D 0836/2066, D 2676/2840, D 2868/3876","L 34,5 mm 2 poles",MAN: 51.27120.7038; BOSCH: 0 281 002 662,
DT-MAN p346 #1,270 A,346,3.37028,Rotation sensor,Drehzahlsensor,"D 2866, D 2876",L 975 mm 940 Ohm 2 poles,MAN: 51.27120.0015; BOSCH: 0 281 002 427,
DT-MAN p346 #2,270 A,346,3.37092,Pressure sensor,Drucksensor,"D 0834/0836 TGL/TGM, TGA/TGS/TGX",,MAN: 51.27421.0223,
DT-MAN p346 #3,270 A,346,3.37093,Pressure sensor,Drucksensor,"D 0834/0836, D 2066/2676, D 2840/2866, D 2868/2876, D 3876","M18 x 1,5 15 bar",MAN: 51.27421.0263,
DT-MAN p346 #4,270 A,346,3.37090,Pressure sensor,Drucksensor,"D 0834/0836, D 2066/2676, D 2840/2866, D 2868/2876, D 3876",SPmax 6 bar,MAN: 51.27421.0262,
DT-MAN p347 #1,270 A,347,7.56622,Pressure sensor,Drucksensor,"D 2866, D 2876",,MAN: 51.27421.0169; BOSCH: 0 281 006 123,
DT-MAN p347 #2,270 A,347,3.37003,Oil pressure sensor,Oldrucksensor,"D 0834/0836, D 2066/2866, D 2876","SPmax 5 bar M18 x 1,5 0,25 bar",MAN: 81.27421.0109,
DT-MAN p347 #3,270 A,347,3.37128,Oil level sensor,Olstandsensor,"D 0834, D 0836, D 2866, D 3876",,MAN: 51.27421.0283,
DT-MAN p347 #4,270 A,347,3.37127,Oil level sensor,Olstandsensor,"D 0834, D 0836, D 2066, D 2676",,MAN: 51.27421.0281,
DT-MAN p348 #1,270 A,348,3.37001,Oil temperature sensor,Oltemperatursensor,"D 0834/0836, D 2066/2866, D 2876",Tmin -40°C Tmax 130°C,MAN: 81.27421.0077,
DT-MAN p348 #2,270 A,348,3.37018,Temperature sensor,Temperatursensor,"D 0834/0836, D 2066/2676 TGL/TGM, TGA/TGS/TGX",,MAN: 81.27421.0264,
DT-MAN p348 #3,270 A,348,3.21321,Temperature sensor,Temperatursensor,"D 0834/0836, D 2066/2676, D 2862/2868, D 2876 TGL/TGM, TGA/TGS/TGX",,MAN: 81.27421.0263,
DT-MAN p348 #4,270 A,348,3.37005,Temperature sensor,Temperatursensor,"D 0834/0836, D 2066/2676, D 2840/2866, D 2868/3876","M16 x 1,5",MAN: 51.27421.0190,
DT-MAN p349 #1,270 A,349,3.37014,Temperature sensor,Temperatursensor,"D 0834/0836, D 2066/2676, D 2840/2866, D 2876/3876","M16 x 1,5",MAN: 51.27421.0165,
DT-MAN p349 #2,270 A,349,3.37011,Temperature sensor,Temperatursensor,"D 0834, D 0836, D 2066, D 2866","M14x 1,5 106 °C",MAN: 51.27421.0151,
DT-MAN p349 #3,270 A,349,3.37043,Temperature sensor,Temperatursensor,"D 2066, D 2676, D 2876",,MAN: 81.27420.0101; ZF: 0501 322 529,
DT-MAN p349 #4,270 A,349,3.10303,Temperature sensor,Temperatursensor,"D 2866, D 2876","M14x1,5 100 °C 2 poles",MAN: 51.27420.0074,
DT-MAN p349 #5,270 A,349,3.37010,Temperature sensor,Temperatursensor,"D 2866, D 2876","Tmax 130°C M18 x 1,5",MAN: 81.27421.0171,
DT-MAN p350 #1,270 A,350,3.37013,Temperature sensor,Temperatursensor,"D 2866, D 2876","Tmin -30°C Tmax 130°C 1,5",MAN: 81.27420.0085,
DT-MAN p350 #2,270 A,350,3.18200,Temperature sensor,Temperatursensor,"D 2866, D 2876","M16 x 1,5",MAN: 51.27421.0113; BOSCH: 0 281 002 232,
DT-MAN p350 #3,270 A,350,3.10301,Temperature sensor,Temperatursensor,"D 2866, D 2876","M14 x 1,5 100 °C",MAN: 81.27421.0125; HELLA: 6PT 013 309-041,
DT-MAN p350 #4,270 A,350,1.11079,"Temperature sensor, air","Temperatursensor, Luft","D 2866, D 2876",,MAN: 51.27421.0077; BOSCH: 0 281 002 046,
DT-MAN p350 #5,270 A,350,3.37015,Charge pressure sensor,Ladedrucksensor,"D 0834/0836, D 2066/2676, D 2840/2866, D 2868/2876",,MAN: 51.27421.0216; BOSCH: 0 281 002 655,
DT-MAN p351 #1,270 A,351,3.37004,Charge pressure sensor,Ladedrucksensor,"D 0834, D 2840, D 2866, D 2876",,MAN: 51.27421.0180; BOSCH: 0 281 002 233,
DT-MAN p351 #2,270 A,351,3.32385,"Adapter cable, charge pressure sensor","Adapterleitung, Ladedrucksensor","D 2840, D 2866, D 2876",4 poles,MAN: 51.25411.6021,
DT-MAN p351 #3,270 A,351,3.37112,Impulse sensor,Impulssensor,"TGL/TGM, TGA/TGS/TGX","Lu 19,8 mm 4 poles",MAN: 81.27121.0040,
DT-MAN p351 #4,270 A,351,3.37113,Impulse sensor,Impulssensor,TGA,"Lu 19,8 mm 4 poles",MAN: 81.27421.0137,
DT-MAN p352 #1,270 A,352,1.21102,Impulse sensor,Impulssensor,TGA (H76),24V,MAN: 81.27421.0129,
DT-MAN p352 #2,270 A,352,6.46901,Impulse sensor,Impulssensor,TGA/TGS/TGX,Lu 90 mm 4 poles,MAN: 81.27121.0043,
DT-MAN p352 #3,270 A,352,3.37042,Level sensor,Niveausensor,TGA/TGX,"M14 x 1,5",MAN: 81.27421.0217,
DT-MAN p352 #4,270 A,352,3.37076,Sensor,Sensor,"D 0834, D 0836",,MAN: 51.15408.0008,
DT-MAN p353 #1,270 A,353,3.37077,Sensor,Sensor,D 0836 TGUTGM,,MAN: 51.15408.0007,
DT-MAN p353 #2,270 A,353,3.37075,Sensor,Sensor,"D 2066, D 2676, D 3876",,MAN: 51.15408.0012,
DT-MAN p353 #3,270 A,353,3.33338,"Sensor, cabin tilt","Sensor, Fahrerhauskippung",TGA/TGS/TGX,,MAN: 81.25520.0177,
DT-MAN p353 #4,270 A,353,3.37033,ABS sensor,ABS Sensor,TGA,L 2025 mm,MAN: 81.27120.6156; KNORR: 0 486 000 241,
DT-MAN p354 #1,270 A,354,3.37026,ABS sensor,ABS Sensor,TGA,L 2045 mm,MAN: 81.27120.6157; KNORR: 0 486 000 242,
DT-MAN p354 #2,270 A,354,3.37135,"EBS sensor, left","EBS Sensor, links",TGL/TGM,L 3000 mm,MAN: 81.27120.6218; WABCO: 441 035 343 0,
DT-MAN p354 #3,270 A,354,3.37136,"EBS sensor, right","EBS Sensor, rechts",TGLITGM,L 3000 mm,MAN: 81.27120.6219; WABCO: 441 032 988 0,
DT-MAN p354 #4,270 A,354,3.37137,"EBS sensor, left","EBS Sensor, links",,L 1300 mm,MAN: 81.27120.6220; WABCO: 441 035 107 0,
DT-MAN p355 #1,270 A,355,3.37138,"EBS sensor, right","EBS Sensor, rechts",,L 1300 mm,MAN: 81.27120.6221; WABCO: 441 035 108 0,
DT-MAN p355 #2,270 A,355,3.37131,"EBS sensor, left","EBS Sensor, links",TGM,L 2065 mm,MAN: 81.27120.6186; WABCO: 441 032 288 0,DT_NUMBER_FROM_OCR
DT-MAN p355 #3,270 A,355,3.37132,"EBS sensor, right","EBS Sensor, rechts",TGM,L 2065 mm,MAN: 81.27120.6187; WABCO: 441 032 289 0,DT_NUMBER_FROM_OCR
DT-MAN p355 #4,270 A,355,3.37142,"EBS sensor, left","EBS Sensor, links","TGM, TGA/TGS/TGX",L 1535 mm,MAN: 81.27120.6177; KNORR: 0 486 000 250,
DT-MAN p356 #1,270 A,356,3.37032,"EBS sensor, right","EBS Sensor, rechts","TGM, TGA/TGS/TGX",L 1535 mm,MAN: 81.27120.6176; KNORR: 0 486 000 251,
DT-MAN p356 #2,270 A,356,3.37111,"EBS sensor, left","EBS Sensor, links","TGM, TGA/TGS/TGX",L 2140 mm,MAN: 81.27120.6182; WABCO: 441 032 283 0,
DT-MAN p356 #3,270 A,356,3.37039,"EBS sensor, right","EBS Sensor, rechts","TGM, TGA/TGS/TGX",L 2160 mm,MAN: 81.27120.6183; WABCO: 441 032 284 0,
DT-MAN p356 #4,270 A,356,3.37145,"EBS sensor, left","EBS Sensor, links",TGA/TGS,L 1900 mm,MAN: 81.27120.6169; KNORR: 0 486 000 260,DT_NUMBER_FROM_OCR
DT-MAN p357 #1,270 A,357,3.37146,"EBS sensor, right","EBS Sensor, rechts",TGA/TGS,L 1900 mm,MAN: 81.27120.6168; KNORR: 0 486 000 261,DT_NUMBER_FROM_OCR
DT-MAN p357 #2,270 A,357,3.37147,"EBS sensor, left","EBS Sensor, links","TGA/TGS, TGX (89X)",L 2595 mm,MAN: 81.27120.6184; WABCO: 441 032 285 0,DT_NUMBER_FROM_OCR
DT-MAN p357 #3,270 A,357,3.37103,"EBS sensor, right","EBS Sensor, rechts","TGA/TGS, TGX (89X)",L 2660 mm,MAN: 81.27120.6185; WABCO: 441 032 299 0,
DT-MAN p357 #4,270 A,357,3.37105,"EBS sensor, left","EBS Sensor, links","TGA/TGS, TGX (92X)",L 2880 mm,MAN: 81.27120.6171; KNORR: 0 486 000 258,
DT-MAN p358 #1,270 A,358,3.37104,"EBS sensor, right","EBS Sensor, rechts","TGA/TGS, TGX (92X)",L 2830 mm,MAN: 81.27120.6170; KNORR: 0 486 000 259,
DT-MAN p358 #2,270 A,358,3.37029,"EBS sensor, left","EBS Sensor, links",TGA/TGS/TGX,L 1850 mm,MAN: 81.27120.6175; KNORR: 0 486 000 253,
DT-MAN p358 #3,270 A,358,3.37030,"EBS sensor, right","EBS Sensor, rechts",TGA/TGS/TGX,L 1850 mm,MAN: 81.27120.6174; KNORR: 0 486 000 252,
DT-MAN p358 #4,270 A,358,3.37143,"EBS sensor, left","EBS Sensor, links",TGA/TGS/TGX,L 2150 mm,MAN: 81.27120.6165; KNORR: 0 486 000 256,
DT-MAN p359 #1,270 A,359,3.37144,"EBS sensor, right","EBS Sensor, rechts",TGA/TGS/TGX,L 2150 mm,MAN: 81.27120.6164; KNORR: 0 486 000 257,
DT-MAN p359 #2,270 A,359,3.37101,"EBS sensor, left","EBS Sensor, links",TGA/TGS/TGX,L 2200 mm,MAN: 81.27120.6173; KNORR: 0 486 000 254,
DT-MAN p359 #3,270 A,359,3.37148,"EBS sensor, right","EBS Sensor, rechts",TGA/TGS/TGX,L 3600 mm,MAN: 81.27120.6198; WABCO: 441 032 279 0,DT_NUMBER_FROM_OCR
DT-MAN p359 #4,270 A,359,3.37133,"EBS sensor, left","EBS Sensor, links",TGA/TGS/TGX,L 3900 mm,MAN: 81.27120.6166; KNORR: 0 486 000 263,
DT-MAN p360 #1,270 A,360,3.37134,"EBS sensor, right","EBS Sensor, rechts",TGA/TGS/TGX,L 3900 mm,MAN: 81.27120.6167; KNORR: 0 486 000 262,
DT-MAN p360 #2,270 A,360,5.77090,EBS cable,EBS Kabel,TGA/TGS/TGX,L 4m 24V EBS ISO 7638 7 poles,MAN: 81.25411.6058,
DT-MAN p360 #3,270 A,360,3.37049,Lambda probe,Lambdasonde,"D 0834, D 0836, D 2676, D 3876",L 1000 mm 5 poles,MAN: 51.15408.0001; BOSCH: 0 281 004 107,
DT-MAN p361 #1,290 A,361,3.32390,Plug housing,Steckergehause,Universal,MKR Plus 7 poles,MAN: 81.25475.0132,
DT-MAN p361 #2,290 A,361,3.32391,Plug housing,Steckergehause,Universal,DIN 72585 4 poles,MAN: 81.25475.0181,
DT-MAN p361 #3,290 A,361,6.97200,"Repair kit, socket","Reparatursatz, Steckdose",Universal,DIN 72585 7 poles,,
DT-MAN p361 #4,290 A,361,3.32440,Adapter angular,Kegeladapter,Universal,PG 11,MAN: 07.91164.0097,
DT-MAN p362 #1,290 A,362,3.32395,Cable clip,Rundstecker,Universal,"0,75-1,5 mm2",MAN: 07.91216.0032,
DT-MAN p363 #1,300 A,363,3.94027,Clutch kit,Kupplungssatz,TGL D 0834,D 362 mm,MAN: 81.30005.9039; SACHS: 3400 710 011,
DT-MAN p363 #2,300 A,363,3.94028,Clutch kit,Kupplungssatz,"TGL D 0834, D 0836",D 362 mm,MAN: 81.30305.0232; SACHS: 3400 700 303,
DT-MAN p363 #3,300 A,363,3.94024,Clutch kit,Kupplungssatz,TGL D 0834,D 395 mm,MAN: 81.30305.9235; SACHS: 3400 700 394,
DT-MAN p364 #1,300 A,364,3.94008,Clutch kit,Kupplungssatz,TGL/TGM D 0836,D 395 mm,MAN: 81.30305.0234; SACHS: 3400 700 364,
DT-MAN p364 #2,300 A,364,3.94036,Clutch kit,Kupplungssatz,"TGL/TGM, TGA D 0836",D 395 mm,MAN: 81.30305.9235; SACHS: 3400 700 396,
DT-MAN p364 #3,300 A,364,3.94011,Clutch kit,Kupplungssatz,"TGA D 0836/2066, D 2676/2866, D 2876",D 395 mm,MAN: 81.30000.6532; SACHS: 3400 121 701,
DT-MAN p365 #1,300 A,365,3.94010,Clutch kit,Kupplungssatz,"TGA D 2866, D 2876",D 400 mm,MAN: 81.30000.6557; SACHS: 3400 121 901,
DT-MAN p365 #2,300 A,365,3.94065,Clutch kit,Kupplungssatz,"TGA/TGS/TGX D 2066, D 2676, D 2866, D 2876",D 400 mm,MAN: 81.30305.0231,
DT-MAN p365 #3,300 A,365,3.94002,Clutch kit,Kupplungssatz,"TGA D 2866, D 2876",D 430 mm,MAN: 81.30000.6592; SACHS: 3400 700 404,
DT-MAN p366 #1,300 A,366,3.94001,Clutch kit,Kupplungssatz,"TGA/TGS/TGX D 0836, D 2066, D 2866, D 2876",D 430 mm,MAN: 81.30005.9021; SACHS: 3400 122 201,
DT-MAN p366 #2,300 A,366,3.94004,Clutch kit,Kupplungssatz,"TGA/TGS/TGX D 0836, D 2066, D 2866, D 2876",D 430 mm,MAN: 81.30000.9022; SACHS: 3400 127 401,
DT-MAN p366 #3,300 A,366,3.94007,Clutch kit,Kupplungssatz,"TGA/TGS/TGX D 0836, D 2066, D 2866, D 2876",D 430 mm,MAN: 81.30005.9037; SACHS: 3400 700 380,
DT-MAN p366 #4,300 A,366,3.94003,Clutch kit,Kupplungssatz,"TGA/TGS/TGX D 0836, D 2066, D 2866, D 2876",D 430 mm,MAN: 81.30005.9026; SACHS: 3400 700 402,
DT-MAN p367 #1,300 A,367,3.94066,Clutch kit,Kupplungssatz,"TGA/TGS/TGX D 2066, D 2676",D 430 mm,MAN: 81.30005.9032; SACHS: 3400 700 381,
DT-MAN p367 #2,300 A,367,3.94032,Clutch kit,Kupplungssatz,"TGA/TGS/TGX D 2066, D 2676, D 2866, D 2876",D 430 mm,MAN: 81.30005.9019; SACHS: 3400 700 327,
DT-MAN p367 #3,300 A,367,3.94016,Clutch kit,Kupplungssatz,"TGA/TGS/TGX D 2066, D 2676, D 2876",D 430 mm,MAN: 81.30005.6033; SACHS: 3400 700 459,
DT-MAN p367 #4,300 A,367,3.94005,Clutch kit,Kupplungssatz,"TGA/TGS/TGX D 2066, D 2866",D 430 mm,MAN: 81.30000.9005; SACHS: 3400 700 403,
DT-MAN p368 #1,300 A,368,3.94012,Clutch kit,Kupplungssatz,"TGA/TGS/TGX D 2066, D 2866",D 430 mm,MAN: 81.30005.6032; SACHS: 3400 700 450,
DT-MAN p368 #2,300 A,368,3.94018,Clutch kit,Kupplungssatz,"TGA/TGS/TGX D 2066, D 2866",D 430 mm,MAN: 81.30305.0230,
DT-MAN p368 #3,300 A,368,3.40007,Clutch cover,Druckplatte,TGL D 0834,D 362 mm,MAN: 81.30305.0232; SACHS: 3482 000 461,
DT-MAN p369 #1,300 A,369,3.40018,Clutch cover,Druckplatte,TGL D 0834,D 395 mm,MAN: 81.30305.9235; SACHS: 3482 000 679,
DT-MAN p369 #2,300 A,369,3.40016,Clutch cover,Druckplatte,TGL/TGM D 0836,D 395 mm,MAN: 81.30305.0234; SACHS: 3482 000 546,
DT-MAN p369 #3,300 A,369,3.40010,Clutch cover,Druckplatte,"TGA D 0834, D 0836",D 395 mm,MAN: 81.30305.0233; SACHS: 3482 000 467,
DT-MAN p370 #1,300 A,370,3.40002,Clutch cover,Druckplatte,"TGA/TGS/TGX D 2066, D 2676, D 2866, D 2876",D 400 mm,MAN: 81.30305.0231; SACHS: 3488 017 447,
DT-MAN p370 #2,300 A,370,3.40008,Clutch cover,Druckplatte,"TGA/TGS/TGX D 0836, D 2066, D 2866, D 2876",D 430 mm,MAN: 81.30305.0230; SACHS: 3482 000 361,
DT-MAN p370 #3,300 A,370,3.40014,Clutch cover,Druckplatte,"TGA/TGS/TGX D 2066, D 2676, D 2866, D 2876",D 430 mm,MAN: 81.30305.0226; SACHS: 3482 114 031,
DT-MAN p371 #1,300 A,371,3.40009,Clutch cover,Druckplatte,"TGA/TGS/TGX D 2066, D 2676, D 2876",D 430 mm _A,MAN: 81.30305.0229; SACHS: 3482 000 246,
DT-MAN p371 #2,300 A,371,3.40027,Clutch disc,Mitnehmerscheibe,TGL D 0834,D 362 mm,MAN: 81.30301.0529; SACHS: 1878 079 331,
DT-MAN p371 #3,300 A,371,3.40103,Clutch disc,Mitnehmerscheibe,TGL D 0834,D 395 mm,MAN: 81.30301.0613; SACHS: 1878 004 540,
DT-MAN p372 #1,300 A,372,3.40118,Clutch disc,Mitnehmerscheibe,"TGL D 0834, D 0836",D 395 mm,MAN: 81.30301.0580; SACHS: 1878 006 713,
DT-MAN p372 #2,300 A,372,3.40030,Clutch disc,Mitnehmerscheibe,"TGL/TGM, TGA D 0836",D 395 mm,MAN: 81.30301.0557; SACHS: 1862 506 131,
DT-MAN p372 #3,300 A,372,3.40024,Clutch disc,Mitnehmerscheibe,"TGA/TGS/TGX D 2066, D 2676, D 2866, D 2876",D 400 mm,MAN: 81.30301.0566; SACHS: 1878 002 643,
DT-MAN p373 #1,300 A,373,3.40037,Clutch disc,Mitnehmerscheibe,TGA D 0836,D 430 mm,MAN: 81.30301.0497; SACHS: 1878 080 031,
DT-MAN p373 #2,300 A,373,3.40021,Clutch disc,Mitnehmerscheibe,"TGA/TGS/TGX D 0836, D 2066, D 2676, D 2866, D 2876",D 430 mm,MAN: 81.30301.0569; SACHS: 1878 080 035,
DT-MAN p373 #3,300 A,373,3.40026,Clutch disc,Mitnehmerscheibe,"TGA/TGS/TGX D 2066, D 2676, D 2876",D 430 mm,MAN: 81.30301.0575; SACHS: 1878 002 139,
DT-MAN p374 #1,300 A,374,4.61432,Clutch disc,Mitnehmerscheibe,"TGA/TGS/TGX D 2066, D 2866, D 2876",D 430 mm,MAN: 81.30301.0549; SACHS: 1878 080 037,
DT-MAN p374 #2,300 A,374,3.40067,Release bearing,Ausriicklager,TGL D 0834,,MAN: 81.30550.0250; SACHS: 3182 600 142,
DT-MAN p374 #3,300 A,374,3.40061,Release bearing,Ausriicklager,"TGL D 0834, D 0836",,MAN: 81.30550.0112; SACHS: 3151 000 512,
DT-MAN p375 #1,300 A,375,6.40203,Release bearing,Ausriicklager,"TGL/TGM, TGA D 0834, D 0836",,MAN: 81.30550.0049; SACHS: 3151 007 303,
DT-MAN p375 #2,300 A,375,3.40060,Release bearing,Ausricklager,"TGL/TGM, TGA D 0834, D 0836",,MAN: 81.30550.0082; SACHS: 3151 253 031,
DT-MAN p375 #3,300 A,375,3.40063,Release bearing,Ausricklager,"TGA/TGS/TGX D 0836/2066, D 2676/2866, D 2876",,MAN: 81.30550.0255; SACHS: 3151 000 493,
DT-MAN p375 #4,300 A,375,3.40057,Release bearing,Ausriicklager,"TGU/TGM, TGA/TGS/TGX D 0836, D 2066, D 2866, D 2876",,MAN: 81.30550.0114; SACHS: 3151 000 144,
DT-MAN p376 #1,300 A,376,3.40053,Release bearing,Ausriicklager,"TGA/TGS/TGX D 0836, D 2066, D 2866, D 2876",d 78 mm H 110 mm H1 98 mm,MAN: 81.30550.0116; SACHS: 3151 000 034,
DT-MAN p376 #2,300 A,376,3.40059,Release bearing,Ausriicklager,"TGA/TGS/TGX D 2066, D 2676, D 2866, D 2876",,MAN: 81.30550.0089; SACHS: 3151 263 031,
DT-MAN p376 #3,300 A,376,3.40056,Release bearing,Ausriicklager,"TGA/TGS/TGX D 2066/2676, D 2840/2866, D 2876",,MAN: 81.30550.0085; SACHS: 3151 262 031,
DT-MAN p376 #4,300 A,376,4.61769,Release ring,Ausriickring,"TGA/TGS/TGX D 0834/0836, D 2066/2676, D 2840/2866, D 2876",,MAN: 81.30300.6002; SACHS: 3496 006 000,
DT-MAN p377 #1,300 B,377,3.40220,Release shaft,Ausriickwelle,"TGL/TGM, TGA/TGS/TGX","D 30 mm b 12,5 mm Lb 115mm L H 18mm",MAN: 81.30530.0037; ZF: 1328 368 001,
DT-MAN p377 #2,300 B,377,3.40206,Release fork,Ausriickgabel,TGL,,MAN: 81.30560.0075; SACHS: 3189 600 041,
DT-MAN p377 #3,300 B,377,3.40210,Release fork,Ausriickgabel,TGUTGM,,MAN: 81.30560.0073; SACHS: 3189 600 044,
DT-MAN p377 #4,300 B,377,3.40203,Release fork,Ausriickgabel,"TGUTGM, TGA/TGS/TGX",d 30 mm Ww 89mm,MAN: 81.30560.0079,
DT-MAN p378 #1,300 B,378,3.40046,Release fork for Eaton-gearbox,Ausriickgabel flr Eaton-Getriebe,TGA,"d 25mm w 78,5 mm",MAN: 81.30560.0063,
DT-MAN p378 #2,300 B,378,3.40045,Release fork for ZF-gearbox,Ausriickgabel fiir ZF-Getriebe,TGA/TGS/TGX,"d 25mm w 78,5 mm",MAN: 81.32411.0007; ZF: 1315 268 017,
DT-MAN p378 #3,300 B,378,3.40204,"Release fork, complete with bracket","Ausriickgabel, komplett mit Lagerbock",TGA/TGS/TGX,,MAN: 81.32411.0007,
DT-MAN p379 #1,300 B,379,3.40095,"Bearing bracket, release fork","Lagerbock, Ausrtickgabel",TGA/TGS/TGX,,MAN: 81.32404.0002; ZF: 1315 306 080,
DT-MAN p379 #2,300 B,379,3.94040,"Repair kit, release fork","Reparatursatz, Ausriickgabel","TGL/TGM, TGA/TGS/TGX",,MAN: 81.30560.6019,
DT-MAN p379 #3,300 B,379,3.41001,"Bolt, release fork","Bolzen, Ausriickgabel","TGL/TGM,",D 25mm L 96 mm,MAN: 81.91001.0604,
DT-MAN p379 #4,300 B,379,3.50073,"Bushing, release fork","Buchse, Ausriickgabel",TGA/TGS/TGX,"d 30 mm D L 51,5 mm",MAN: 81.93021.0426,
DT-MAN p380 #1,300 B,380,3.50072,"Ball socket, release fork","Kugelpfanne, Ausriickgabel",TGA/TGS/TGX,,MAN: 81.95302.0091,
DT-MAN p380 #2,300 B,380,3.41000,Joint bearing,Gelenklager,TGA/TGS/TGX,d 25 mm D 42 mm H 20 mm,MAN: 06.36950.0309,
DT-MAN p380 #3,300 B,380,3.41002,Seal ring,Dichtring,"TGL/TGM, TGA/TGS/TGX",d 32 mm D 42 mm S 5mm,MAN: 81.96601.0393,
DT-MAN p381 #1,300 C,381,3.41051,Pedal rubber,Pedalgummi,"TGL/TGM, TGA/TGS/TGX",,MAN: 81.48227.0006,
DT-MAN p381 #2,300 C,381,3.41116,Clutch cylinder,Kupplungszylinder,TGL,,MAN: 81.30700.6022; WABCO: 974 010 008 0,
DT-MAN p381 #3,300 C,381,3.41107,Clutch cylinder,Kupplungszylinder,"TGL/TGM, TGA/TGS/TGX",,MAN: 81.30715.6152,
DT-MAN p381 #4,300 C,381,3.41108,Clutch cylinder,Kupplungszylinder,TGA/TGS/TGX,,MAN: 81.30715.6156,
DT-MAN p382 #1,300 C,382,5.53010,Clutch servo,Kupplungsservo,"TGL/TGM, TGA/TGS/TGX",,MAN: 81.30716.6111; KNORR: K013727,
DT-MAN p382 #2,300 C,382,3.41209,Clutch servo,Kupplungsservo,TGA/TGS/TGX,,MAN: 81.30725.6084; WABCO: 970 051 412 0,
DT-MAN p382 #3,300 C,382,3.41203,Clutch servo,Kupplungsservo,TGA/TGS/TGX,,MAN: 81.30725.6116; WABCO: 970 051 466 0,
DT-MAN p382 #4,300 C,382,3.94152,"Repair kit, clutch servo","Reparatursatz, Kupplungsservo",TGA/TGS/TGX,,MAN: 81.30725.6099; WABCO: 970 051 971 2,
DT-MAN p383 #1,300 C,383,3.94153,"Repair kit, clutch servo","Reparatursatz, Kupplungsservo",TGA/TGX,,MAN: 81.30725.6102,
DT-MAN p383 #2,300 C,383,4.64345,"Sensor, clutch servo","Sensor, Kupplungsservo",TGA/TGS/TGX,,MAN: 81.25937.0045; WABCO: 441 100 531 2,
DT-MAN p383 #3,300 C,383,3.42020,O-ring,O-Ring,TGA (H95),"d 6,07 mm S 1,78 mm",MAN: 06.56939.0033,
DT-MAN p384 #1,320 A,384,3.95002,"Gasket kit, gearbox","Dichtsatz, Getriebe",TGA,,MAN: 81.96601.6000; ZF: 1315 298 001,
DT-MAN p384 #2,320 A,384,7.93002,"Seal ring kit, gearbox","Dichtringsatz, Getriebe",TGA,,MAN: 81.33901.6040; ZF: 1315 298 003,
DT-MAN p384 #3,320 A,384,6.93500,"Seal ring kit, gearbox","Dichtringsatz, Getriebe",TGA,,MAN: 81.96502.6086; ZF: 1315 298 002,
DT-MAN p385 #1,320 A,385,3.50100,"Gasket, gearbox housing","Dichtung, Getriebegehause",TGA/TGS/TGX,,MAN: 81.32903.0262; ZF: 1315 301 233,
DT-MAN p385 #2,320 A,385,3.50101,"Gasket, gearbox housing","Dichtung, Getriebegehause",TGA/TGS/TGX,,MAN: 81.96601.0689; ZF: 1316 301 042,
DT-MAN p385 #3,320 A,385,3.50102,"Gasket, gearbox housing","Dichtung, Getriebegehause",TGA/TGS/TGX,,MAN: 81.96601.0719; ZF: 0501 316 146,
DT-MAN p386 #1,320 A,386,6.45106,"Gasket, gearbox housing","Dichtung, Getriebegehause",TGA/TGS/TGX,,MAN: 81.55201.0004; ZF: 0501 315 048,
DT-MAN p386 #2,320 A,386,3.50111,"Gasket, gearbox housing","Dichtung, Getriebegehause",TGA/TGS/TGX,,MAN: 81.96601.0738; ZF: 1315 331 001,
DT-MAN p386 #3,320 A,386,3.50120,"Gasket, gear shift housing","Dichtung, Schaltgehause",TGA/TGS/TGX,,MAN: 81.96601.0566; ZF: 1315 307 013,
DT-MAN p387 #1,320 A,387,3.53026,Valve block,Ventilblock,TGA/TGS/TGX,,MAN: 81.32550.6016; ZF: 0501 219 311,
DT-MAN p387 #2,320 A,387,2.32173,"Oil filter insert, gearbox","Olfiltereinsatz, Getriebe",TGA/TGS/TGX,d 33 mm D 69 mm H 104mm,MAN: 81.33215.0002,
DT-MAN p387 #3,320 A,387,3.51320,"Oil cooler, retarder","Olkiihler, Retarder",TGA/TGS/TGX,,MAN: 81.32560.6092; HELLA: 8MO 376 765-501,
DT-MAN p388 #1,320 A,388,5.51070,"Oil cooler, retarder","Olkiihler, Retarder",TGA/TGS/TGX,,MAN: 81.32560.0059; HELLA: 8MO 376 765-511,
DT-MAN p388 #2,320 A,388,6.45261,Oil pump housing,Olpumpengehause,TGA/TGS/TGX,,MAN: 81.38520.0003; ZF: 1315 302 121,
DT-MAN p388 #3,320 A,388,6.93605,"Repair kit, oil pump","Reparatursatz, Olpumpe",TGA/TGS/TGX,,MAN: 81.38520.0003,DT_NUMBER_FROM_OCR
DT-MAN p388 #4,320 A,388,6.45264,Pump element,Pumpenelement,TGA/TGS/TGX,,MAN: 81.33208.0025,
DT-MAN p389 #1,320 A,389,4.70090,Pressure spring,Druckfeder,TGL,"D 14,6 mm L 19mm",MAN: 81.97602.0264; ZF: 0732 040 986,
DT-MAN p389 #2,320 A,389,4.70054,"Pressure spring, outer","Druckfeder, auBen",TGA/TGS/TGX,"D 9,6 mm L 36,5 mm",MAN: 81.97601.0745; ZF: 0732 040 736,
DT-MAN p389 #3,320 A,389,4.63102,Switch,Schalter,"TGUTGM, TGA/TGS/TGX","M18 x 1,5",MAN: 81.25525.0257,
DT-MAN p389 #4,320 A,389,2.27150,Switch,Schalter,"TGL, TGA/TGS/TGX","M18 x 1,5",MAN: 81.25525.0032,
DT-MAN p389 #5,320 A,389,3.50010,Switch,Schalter,"TGM, TGA","M18 x 1,5 M27 x 1",MAN: 81.25505.0636,
DT-MAN p390 #1,320 A,390,4.60816,Switch,Schalter,TGA,"M18 x 1,5 M27 x1",MAN: 81.25505.0808,
DT-MAN p390 #2,320 A,390,3.50016,"Switch, with adapter cable","Schalter, mit Adapterkabel",TGA/TGS/TGX,"M18 x 1,5",MAN: 81.25525.0156,
DT-MAN p390 #3,320 A,390,3.54001,Rubber buffer,Gummipuffer,"TGA/TGX, TGS (58W)","D 100 mm H 72 mm M16 x 1,5",MAN: 81.96210.0388,
DT-MAN p390 #4,320 A,390,6.46507,Tapered roller bearing,Kegelrollenlager,TGA/TGS/TGX,"d 49,2 mm D 103,1 mm H 43,6 mm",MAN: 81.93420.0391; ZF: 0750 117 009,
DT-MAN p391 #1,320 A,391,2.12121,Oil seal,Wellendichtring,"TGL/TGM, TGA",d 25 mm D 35mm H 7mm,MAN: 81.96501.0702,
DT-MAN p391 #2,320 A,391,3.50031,Oil seal,Wellendichtring,TGA/TGS/TGX,"d 55mm D 75 mm H1 8mm H2 9,2 mm",MAN: 81.96503.0475,
DT-MAN p391 #3,320 A,391,6.45179,Oil seal,Wellendichtring,TGA,d 78 mm D 100 mm H 10 mm Material: FPM,MAN: 81.32050.0451,DT_NUMBER_FROM_OCR
DT-MAN p391 #4,320 A,391,6.45171,Oil seal,Wellendichtring,"TGL/TGM, TGA","d 105 mm D 125 mm H1 12 mm H2 9,5 mm",MAN: 81.96503.0220,
DT-MAN p392 #1,320 A,392,5.50204,Oil seal,Wellendichtring,TGA/TGS/TGX,d 105 mm D 130mm H1 12mm H2 9.5mm,MAN: 81.96503.0236,
DT-MAN p392 #2,320 A,392,3.67525,Oil seal,Wellendichtring,Universal,d 125mm D 150mm H 10mm,MAN: 81.96502.0313,
DT-MAN p392 #3,320 A,392,1.12263,Seal ring,Dichtring,"TGL/TGM, TGA/TGS/TGX","d 16mm D 24mm S 1,5 mm",MAN: 06.56631.0107,
DT-MAN p392 #4,320 A,392,6.45150,O-ring,O-Ring,"TGL/TGM, TGA/TGS/TGX",d 20mm S 3mm,MAN: 81.96502.0255,
DT-MAN p393 #1,320 B,393,3.51006,Sliding sleeve,Schiebemuffe,TGA/TGS/TGX,,MAN: 81.32402.0197; ZF: 1310 304 202,
DT-MAN p393 #2,320 B,393,3.51017,Follower,Mitnehmer,TGA/TGS/TGX,,MAN: 81.32425.0093; ZF: 1312 304 056,
DT-MAN p393 #3,320 B,393,3.50057,Roller bearing,Rollenlager,TGA,d 40 mm D 94mm H 30 mm,MAN: 06.32609.0065,
DT-MAN p393 #4,320 B,393,6.46509,Roller bearing,Rollenlager,"TGLITGM, TGA",d 65 mm D 120 mm H 23 mm,MAN: 81.93420.0284,
DT-MAN p394 #1,320 B,394,6.46505,Tapered roller bearing,Kegelrollenlager,TGA/TGS/TGX,"d 85 mm D 150 mm H 30,5 mm",MAN: 81.93420.0329,
DT-MAN p394 #2,320 B,394,3.60516,Distance sleeve,Distanzhilse,TGA,"d 48,1 mm D 58 mm H 18,1 mm",MAN: 81.93021.0399,
DT-MAN p394 #3,320 B,394,3.60517,Distance ring,Distanzring,TGA,"d 75mm D 90 mm H 8,25 mm",MAN: 81.93021.0340,
DT-MAN p394 #4,320 B,394,5.50209,Oil seal,Wellendichtring,"TGL/TGM, TGA/TGS/TGX",d 52 mm D 72 mm H 8mm,MAN: 81.96503.0319,
DT-MAN p395 #1,320 C,395,2.33045,Main shaft,Hauptwelle,TGA,,MAN: 81.32202.0102,
DT-MAN p395 #2,320 C,395,3.51025,Main shaft,Hauptwelle,TGA/TGS/TGX,,MAN: 81.32202.0100; ZF: 1316 304 132,
DT-MAN p395 #3,320 C,395,3.51007,Coupling cone,Kupplungskonus,TGA/TGS/TGX,,MAN: 81.32425.0092; ZF: 1312 304 027,
DT-MAN p395 #4,320 C,395,3.51008,Sliding sleeve,Schiebemuffe,TGA/TGS/TGX,,MAN: 81.32402.0189; ZF: 1316 304 078,
DT-MAN p396 #1,320 C,396,5.50365,Synchronizer body,Synchronkérper,TGA,,MAN: 81.32425.0094; ZF: 1313 304 009,
DT-MAN p396 #2,320 C,396,3.51015,Synchronizer body,Synchronkérper,TGA/TGS/TGX,,MAN: 81.32425.0157; ZF: 1316 304 156,
DT-MAN p396 #3,320 C,396,3.51016,Synchronizer body,Synchronk6rper,TGA/TGS/TGX,,MAN: 81.32425.0158; ZF: 1316 304 159,
DT-MAN p396 #4,320 C,396,2.32897,Synchronizer ring,Synchronring,TGA (HB1),,MAN: 81.32420.0163; ZF: 1268 304 424,
DT-MAN p397 #1,320 C,397,3.51005,Synchronizer ring,Synchronring,TGA/TGS/TGX,,MAN: 81.32420.0230; ZF: 1297 304 484,
DT-MAN p397 #2,320 C,397,3.51010,Synchronizer ring,Synchronring,TGA/TGS/TGX,,MAN: 81.32420.0288; ZF: 1316 304 170,
DT-MAN p397 #3,320 C,397,7.44300,Coupling body,Kupplungskorper,TGA (HB1),,MAN: 81.32425.0103; ZF: 1312 304 106,
DT-MAN p397 #4,320 C,397,2.32899,Follower,Mitnehmer,TGA (HB1),,MAN: 81.38108.0005; ZF: 1312 304 159,
DT-MAN p398 #1,320 C,398,3.51514,Pressure spring,Druckfeder,"TGL/TGM, TGA/TGS/TGX","D 6,5 mm L 24mm",MAN: 81.97601.0895; ZF: 0732 040 409,
DT-MAN p398 #2,320 C,398,4.64488,Plunger,Druckstiick,"TGUTGM, TGA/TGS/TGX",,MAN: 81.32510.0013; ZF: 1297 304 436,
DT-MAN p398 #3,320 C,398,6.93600,Repair kit,Reparatursatz,TGA/TGS/TGX,,MAN: 81.32510.0013,
DT-MAN p398 #4,320 C,398,4.81152,Bushing,Buchse,TGA/TGS/TGX,d 67 mm D 77mm H 66 mm,MAN: 81.37260.0006; ZF: 0750 119 124,DT_NUMBER_FROM_OCR
DT-MAN p399 #1,320 C,399,6.46556,Bushing,Buchse,TGA/TGS/TGX,d 85 mm D 96 mm L 72 mm,MAN: 81.93021.0143,
DT-MAN p399 #2,320 C,399,6.46558,Bushing,Buchse,TGA/TGS/TGX,d 80 mm D 90 mm H 50 mm,MAN: 81.93021.0388,
DT-MAN p399 #3,320 C,399,6.46510,Roller bearing,Rollenlager,TGA/TGS/TGX,"d 42,07 mm H 40,386 mm",MAN: 81.93501.0080; ZF: 0750 117 232,
DT-MAN p399 #4,320 C,399,6.46506,Roller bearing,Rollenlager,TGA/TGS/TGX,d 77 mm D 101 mm H 29 mm,MAN: 81.93404.0061,
DT-MAN p400 #1,320 C,400,6.46508,Roller bearing,Rollenlager,TGA/TGS/TGX,"d 80 mm D 150 mm H 36,5 mm",MAN: 06.32499.0191,
DT-MAN p400 #2,320 C,400,6.46560,Needle bearing,Nadellager,TGA/TGS/TGX,d 45 mm D 57mm H 25mm,MAN: 81.93402.0128,
DT-MAN p400 #3,320 C,400,6.46559,Needle bearing,Nadellager,TGA/TGS/TGX,d 90 mm D 98 mm H 50 mm,MAN: 81.93402.0117,
DT-MAN p400 #4,320 C,400,6.46555,Needle bearing,Nadellager,TGA/TGS/TGX,d 92 mm D 100 mm H 63 mm,MAN: 81.93402.0115,
DT-MAN p401 #1,320 C,401,6.46557,Needle bearing,Nadellager,TGA/TGS/TGX,d 96 mm D 104 mm H 72 mm,MAN: 81.93402.0116,
DT-MAN p401 #2,320 C,401,6.46720,Washer,Scheibe,TGA/TGS/TGX,"d 67,1 mm D 81,5 mm S 5mm",MAN: 81.32313.0322,
DT-MAN p402 #1,320 D,402,3.51055,Gear,Zahnrad,TGL,FF,MAN: 82.32302.0006; ZF: 1290 303 221,DT_NUMBER_FROM_OCR
DT-MAN p402 #2,320 D,402,3.51057,Gear,Zahnrad,TGA/TGS/TGX,,MAN: 81.32302.0078,
DT-MAN p402 #3,320 D,402,3.51058,Gear,Zahnrad,TGA/TGS/TGX,F,MAN: 81.32302.0033,
DT-MAN p402 #4,320 D,402,3.51059,Gear,Zahnrad,TGA/TGS/TGX,,MAN: 81.32302.0207,
DT-MAN p403 #1,320 D,403,3.51061,Reverse idler gear,Riicklaufrad,TGA/TGS/TGX,,MAN: 81.32315.0070; ZF: 1315 305 011,
DT-MAN p403 #2,320 D,403,3.51062,Reverse idler gear,Riicklaufrad,TGA/TGS/TGX,,MAN: 81.32315.0058; ZF: 1316 305 001,
DT-MAN p403 #3,320 D,403,4.63840,Tapered roller bearing,Kegelrollenlager,TGA/TGS/TGX,"d 50,8 mm D 104,7 mm H 39,6 mm",MAN: 81.93420.0134,
DT-MAN p404 #1,320 E,404,3.51004,Coupling cone,Kupplungskonus,TGA/TGS/TGX,,MAN: 81.32425.0132; ZF: 1316 233 015,
DT-MAN p404 #2,320 E,404,3.51014,Follower,Mitnehmer,TGA/TGS/TGX,,MAN: 81.32425.0141; ZF: 1296 333 050,
DT-MAN p404 #3,320 E,404,3.51003,Sliding sleeve,Schiebemuffe,TGA/TGS/TGX,,MAN: 81.32402.0111; ZF: 1296 333 023,
DT-MAN p404 #4,320 E,404,3.51002,Synchronizer body,Synchronk6rper,"TGL/TGM, TGA/TGS/TGX",,MAN: 81.32420.0152; ZF: 1313 333 001,
DT-MAN p405 #1,320 E,405,2.33050,Synchronizer body,Synchronk6rper,TGA,,MAN: 81.32420.0225; ZF: 1310 304 157,
DT-MAN p405 #2,320 E,405,3.51001,Synchronizer ring,Synchronring,"TGU/TGM, TGA/TGS/TGX",,MAN: 81.32420.0236; ZF: 1296 333 045,
DT-MAN p405 #3,320 E,405,5.30217,Coupling body,Kupplungskorper,TGA/TGS/TGX,,MAN: 81.32425.0136; ZF: 1316 233 014,
DT-MAN p405 #4,320 E,405,3.51101,Coupling flange,Kupplungsflansch,TGA/TGS/TGX,,MAN: 81.39115.0289,
DT-MAN p406 #1,320 E,406,4.90194,Repair kit,Reparatursatz,"TGUTGM, TGA/TGS/TGX",,MAN: 81.32510.0005,
DT-MAN p406 #2,320 E,406,4.60651,Plunger,Druckstiick,"TGL/TGM, TGA/TGS/TGX",,MAN: 81.32510.0005; ZF: 1240 304 278,
DT-MAN p406 #3,320 E,406,4.70051,"Pressure spring, inner","Druckfeder, innen","TGL/TGM, TGA/TGS/TGX","D 3,2 mm L 35mm",MAN: 81.97601.0758; ZF: 0732 040 386,
DT-MAN p406 #4,320 E,406,4.70053,"Pressure spring, inner","Druckfeder, innen","TGL/TGM, TGA/TGS/TGX",D 5.9mm L 36 mm,MAN: 81.97601.0807; ZF: 0732 040 929,
DT-MAN p406 #5,320 E,406,4.70052,"Pressure spring, outer","Druckfeder, auBen","TGL/TGM, TGA/TGS/TGX","D 6,25 mm L",MAN: 81.97601.0757; ZF: 0732 040 385,
DT-MAN p407 #1,320 E,407,3.50049,Roller bearing,Rollenlager,TGA,d 67 mm D 101 mm H 38 mm,MAN: 81.93420.0269,
DT-MAN p407 #2,320 E,407,3.50056,Roller bearing,Rollenlager,TGA/TGS,"d 77 mm D 101 mm H 29,2 mm",MAN: 81.93404.0062; ZF: 0750 115 534,DT_NUMBER_FROM_OCR
DT-MAN p407 #3,320 E,407,3.50033,Oil seal,Wellendichtring,TGA/TGS/TGX,d 60 mm D 90 mm H 8mm,MAN: 81.96503.0323,
DT-MAN p408 #1,320 F,408,4.50154,"Bushing, shifting shaft","Buchse, Schaltwelle",TGL,"d 25,2 mm D 32 mm H 20 mm",MAN: 81.93020.0525; ZF: 0730 260 330,
DT-MAN p408 #2,320 F,408,3.53130,Slider,Gleitstiick,"TGM, TGA/TGS/TGX",D 14mm L 40 mm,MAN: 81.32526.0031; ZF: 1297 306 120,
DT-MAN p408 #3,320 F,408,3.53131,Slider,Gleitstiick,TGA/TGS/TGX,D 18 mm L 60 mm,MAN: 81.32526.0026; ZF: 1296 334 004,
DT-MAN p408 #4,320 F,408,4.50180,Detent pin,Rastbolzen,TGA,"d 10mm D 13 mm L 20,3 mm",MAN: 81.32523.0157; ZF: 1250 307 601,
DT-MAN p408 #5,320 F,408,6.45172,Grooved ring,Nutring,TGA/TGS/TGX,"d 55mm D 62,5 mm H 9.4mm",MAN: 81.32527.0022,
DT-MAN p409 #1,320 G,409,3.53080,Bleeder valve,Entliiftungsventil,TGA/TGS/TGX,,MAN: 81.32580.0007,
DT-MAN p409 #2,320 G,409,5.52005,Solenoid valve,Magnetventil,TGA/TGS/TGX,,MAN: 81.32550.0011; ZF: 0501 321 459,
DT-MAN p409 #3,320 G,409,3.53005,Shifting valve,Schaltventil,TGA,M14,MAN: 81.52131.6017; ZF: 6038 202 043,
DT-MAN p409 #4,320 G,409,3.53040,"Shifting valve, complete with ball casters","Schaltventil, komplett mit Kugelrollen",TGA,"M14x1,5 M12 x 1,5",MAN: 81.52131.6017,
DT-MAN p410 #1,320 G,410,3.53115,"Ball caster, shifting valve","Kugelrolle, Schaltventil",TGA,,MAN: 81.95801.0165; ZF: 0501 209 188,
DT-MAN p410 #2,320 G,410,3.53007,Valve,Ventil,TGA,,MAN: 81.32550.6003; ZF: 0501 212 582,
DT-MAN p410 #3,320 G,410,3.50125,"Shift mechanism, pneumatic","Schaltmechanismus, pneumatisch",TGA,,MAN: 81.32690.6027; ZF: 0501 215 299,
DT-MAN p410 #4,320 G,410,3.50126,"Shift mechanism, pneumatic","Schaltmechanismus, pneumatisch",TGA/TGS/TGX,,MAN: 81.32690.6058; ZF: 0501 216 322,
DT-MAN p411 #1,320 G,411,3.53061,Shifting cylinder,Schaltzylinder,TGA,,MAN: 81.32655.6181,
DT-MAN p411 #2,320 G,411,3.53062,Shifting cylinder,Schaltzylinder,TGA,,MAN: 81.32655.6182,
DT-MAN p411 #3,320 G,411,3.53060,Shifting cylinder,Schaltzylinder,TGA,,MAN: 81.32655.6115,
DT-MAN p411 #4,320 G,411,3.53022,Shifting cylinder,Schaltzylinder,TGL,,MAN: 81.32735.6044; ZF: 0501 002 636,
DT-MAN p412 #1,320 G,412,3.95101,"Seal ring kit, shifting cylinder","Dichtringsatz, Schaltzylinder","TGM, TGA/TGS/TGX",,MAN: 81.96401.0158,
DT-MAN p412 #2,320 G,412,3.95102,"Seal ring kit, shifting cylinder","Dichtringsatz, Schaltzylinder","TGM, TGA/TGS/TGX",,MAN: 81.96401.0158,
DT-MAN p412 #3,320 G,412,4.90448,"Seal ring kit, shifting cylinder","Dichtringsatz, Schaltzylinder","TGM, TGA/TGS/TGX",,MAN: 81.96401.0158,
DT-MAN p412 #4,320 G,412,3.53050,Power-take-off,Nebenantrieb,"TGL/TGM, TGA/TGS/TGX",,MAN: 81.38100.6771; ZF: 6090 012 022,
DT-MAN p413 #1,320 G,413,4.20267,Oil seal,Wellendichtring,"TGM, TGA/TGS/TGX","d 25 mm D 38 mm H1 10 mm H2 14,5 mm",MAN: 81.96401.0158,
DT-MAN p413 #2,320 G,413,5.50231,Oil seal,Wellendichtring,TGA,d 25mm D 40 mm H 15mm,MAN: 81.96401.0163,
DT-MAN p413 #3,320 G,413,4.61012,Seal ring,Dichtring,TGA/TGS/TGX,d 84 mm D 87 mm S 4mm,MAN: 81.91710.0357; ZF: 0750 112 066,
DT-MAN p414 #1,329 A,414,3.53251,Gear shift knob,Schaltknauf,"TGL, TGA (HB1)",,MAN: 81.97010.6007,
DT-MAN p414 #2,329 A,414,3.53220,"Control unit, gearbox switching","Steuergerat, Getriebeschaltung","TGA, TGX (79X)",,MAN: 81.32605.6111,
DT-MAN p414 #3,329 A,414,4.91073,"Repair kit, switching device","Reparatursatz, Schaltgerat",TGA/TGS/TGX,,MAN: 81.32655.6157,
DT-MAN p414 #4,329 A,414,3.95211,"Repair kit, valve plunger","Reparatursatz, Ventilkolben",TGA/TGS/TGX,,MAN: 81.32655.6180,
DT-MAN p415 #1,329 A,415,3.50019,Pressure switch,Druckschalter,TGA/TGS/TGX,,MAN: 81.25514.0037,
DT-MAN p415 #2,329 A,415,3.55179,"Ball joint, left hand thread","Kugelgelenk, Linksgewinde",TGL,"C 22 mm L 190 mm M30 x 1,5L",MAN: 81.95301.6363,
DT-MAN p415 #3,329 A,415,3.55180,"Ball joint, right hand thread","Kugelgelenk, Rechtsgewinde",TGL,"C 22 mm L 190 mm M30 x 1,5R",MAN: 81.95301.6362,
DT-MAN p415 #4,329 A,415,1.14082,"Ball joint, left hand thread","Kugelgelenk, Linksgewinde",TGLUTGM,"C 10mm L 55mm M12 x 1,75L",MAN: 81.95301.6171,
DT-MAN p415 #5,329 A,415,1.14083,"Ball joint, right hand thread","Kugelgelenk, Rechtsgewinde",TGUTGM,"C 10 mm L 55mm M12 x 1,75R",MAN: 81.95301.6170,
DT-MAN p416 #1,329 A,416,3.55160,"Ball joint, right hand thread","Kugelgelenk, Rechtsgewinde",TGL/TGM,"12 mm LTh 96 mm L 116mm M14 x 1,5R",MAN: 81.95301.6202,
DT-MAN p416 #2,329 A,416,3.55177,"Ball joint, right hand thread","Kugelgelenk, Rechtsgewinde",TGA/TGS/TGX,"C 30 mm L 80 mm M30 x 1,5R",MAN: 81.95301.6238,
DT-MAN p416 #3,329 A,416,3.55178,Ball joint,Kugelgelenk,TGA,"L 58,5 mm M8 x1 M10x 1,5",MAN: 81.95301.6299,
DT-MAN p416 #4,329 A,416,3.55174,Ball joint,Kugelgelenk,TGA,M6 M8,MAN: 06.36099.0002,
DT-MAN p417 #1,329 A,417,3.53282,"Control cable, switching","Kabelzug, Schaltung",TGA,L 7560 mm,MAN: 81.32655.6080,
DT-MAN p417 #2,329 A,417,3.53243,"Control cable, switching","Kabelzug, Schaltung",TGA/TGS,L 3110 mm,MAN: 81.32655.6314,
DT-MAN p417 #3,329 A,417,3.53241,"Control cable, switching","Kabelzug, Schaltung",TGA/TGS,L 3186 mm,MAN: 81.32655.6311,
DT-MAN p418 #1,329 A,418,3.53272,"Control cable, switching","Kabelzug, Schaltung",TGA/TGS,L 3200 mm,MAN: 81.32655.6325,
DT-MAN p418 #2,329 A,418,3.53246,"Control cable, switching","Kabelzug, Schaltung",TGA/TGS,L 3235 mm,MAN: 81.32655.6315,
DT-MAN p418 #3,329 A,418,3.53240,"Control cable, switching","Kabelzug, Schaltung",TGA/TGS,L 3252 mm,MAN: 81.32655.6322,
DT-MAN p419 #1,329 A,419,3.53247,"Control cable, switching","Kabelzug, Schaltung",TGA/TGS,L 3300 mm,MAN: 81.32655.6312,
DT-MAN p419 #2,329 A,419,3.53275,"Control cable, switching","Kabelzug, Schaltung",TGA/TGS,L 3325 mm,MAN: 81.32655.6326,
DT-MAN p419 #3,329 A,419,3.53278,"Control cable, switching","Kabelzug, Schaltung",TGA/TGS,L 3365 mm,MAN: 81.32655.6328,
DT-MAN p420 #1,329 A,420,3.53276,"Control cable, switching","Kabelzug, Schaltung",TGA/TGS,L 3377 mm,MAN: 81.32655.6323,
DT-MAN p420 #2,329 A,420,3.53249,"Control cable, switching","Kabelzug, Schaltung",TGA/TGS,L 3642 mm,MAN: 81.32655.6317,
DT-MAN p420 #3,329 A,420,3.53245,"Control cable, switching","Kabelzug, Schaltung",TGA/TGX,L 3187 mm,MAN: 81.32655.6313,
DT-MAN p421 #1,329 A,421,3.53274,"Control cable, switching","Kabelzug, Schaltung",TGA/TGX,L 3267 mm,MAN: 81.32655.6324,
DT-MAN p421 #2,329 A,421,3.53270,"Control cable, switching","Kabelzug, Schaltung",TGA/TGX,L 3727 mm,MAN: 81.32655.6318,
DT-MAN p421 #3,329 A,421,3.53279,"Control cable, switching","Kabelzug, Schaltung",TGA/TGX,L 3807 mm,MAN: 81.32655.6329,
DT-MAN p422 #1,329 A,422,3.53242,"Control cable, switching","Kabelzug, Schaltung",TGS,L 2685 mm,MAN: 81.32655.6341,
DT-MAN p422 #2,329 A,422,3.53266,"Control cable, switching","Kabelzug, Schaltung",TGS,L 2765 mm,MAN: 81.32655.6295,DT_NUMBER_FROM_OCR
DT-MAN p422 #3,329 A,422,3.53271,"Control cable, switching","Kabelzug, Schaltung",TGS,L 2775 mm,MAN: 81.32655.6298,
DT-MAN p423 #1,329 A,423,3.53286,"Control cable, switching","Kabelzug, Schaltung",TGS,L 3175 mm,MAN: 81.32655.6316,
DT-MAN p423 #2,329 A,423,3.53262,"Control cable, switching","Kabelzug, Schaltung",TGS,L 3190 mm,MAN: 81.32655.6319,DT_NUMBER_FROM_OCR
DT-MAN p423 #3,329 A,423,3.53287,"Control cable, switching","Kabelzug, Schaltung",TGS,L 3240 mm,MAN: 81.32655.6327,
DT-MAN p424 #1,329 A,424,3.53267,"Control cable, switching","Kabelzug, Schaltung",TGS,L 3295 mm,MAN: 81.32655.6330,DT_NUMBER_FROM_OCR
DT-MAN p424 #2,329 A,424,3.53264,"Control cable, switching","Kabelzug, Schaltung",TGS,L,MAN: 81.32655.6320,DT_NUMBER_FROM_OCR
DT-MAN p424 #3,329 A,424,3.53269,"Control cable, switching","Kabelzug, Schaltung",TGS,L 3365 mm,MAN: 81.32655.6331,DT_NUMBER_FROM_OCR
DT-MAN p425 #1,329 A,425,3.53244,"Control cable, switching","Kabelzug, Schaltung",TGS/TGX,L 2810 mm,MAN: 81.32655.6283,
DT-MAN p425 #2,329 A,425,3.53261,"Control cable, switching","Kabelzug, Schaltung",TGX,L 2645 mm,MAN: 81.32655.6340,DT_NUMBER_FROM_OCR
DT-MAN p425 #3,329 A,425,3.53265,"Control cable, switching","Kabelzug, Schaltung",TGX,L 2720 mm,MAN: 81.32655.6297,DT_NUMBER_FROM_OCR
DT-MAN p426 #1,329 A,426,3.53263,"Control cable, switching","Kabelzug, Schaltung",TGX,L 3240 mm,MAN: 81.32655.6321,DT_NUMBER_FROM_OCR
DT-MAN p426 #2,329 A,426,3.53268,"Control cable, switching","Kabelzug, Schaltung",TGX,L 3340 mm,MAN: 81.32655.6332,DT_NUMBER_FROM_OCR
DT-MAN p426 #3,329 A,426,4.60267,Slider,Gleitstiick,,D 14mm H 23 mm,MAN: 81.32526.0019; ZF: 1272 334 003,
DT-MAN p426 #4,329 A,426,6.45056,Slider,Gleitstiick,"TGL/TGM, TGA/TGS/TGX",q,MAN: 81.32526.0035,
DT-MAN p427 #1,350 A,427,3.96217,King pin kit,Achsschenkelbolzensatz,,D1 38 mm D2 39mm L 173 mm,MAN: 81.44205.6033,
DT-MAN p427 #2,350 A,427,3.96221,King pin kit,Achsschenkelbolzensatz,TGM,"D1 42 mm D2 43 mm L 199,5 mm",MAN: 81.44205.6034,
DT-MAN p427 #3,350 A,427,3.96202,King pin kit,Achsschenkelbolzensatz,"TGM, TGA/TGS","d 22,5 mm D1 64mm D2 50 mm L1 108 mm L2 119 mm M24 x 1,5",MAN: 81.36305.6004,
DT-MAN p428 #1,350 A,428,3.96211,King pin kit,Achsschenkelbolzensatz,"TGM, TGA/TGS/TGX",D1 52 mm D2 53 mm L 235 mm,MAN: 81.44205.6037,
DT-MAN p428 #2,350 A,428,3.96230,"Repair kit, steering knuckle","Reparatursatz, Achsschenkel","TGM, TGA/TGS",,MAN: 06.33019.0047,
DT-MAN p428 #3,350 A,428,3.63240,Needle bearing,Nadellager,"TGM, TGA/TGS",d 50 mm D 65 mm L 25mm,MAN: 06.33019.0047,
DT-MAN p428 #4,350 A,428,4.20606,Oil seal,Wellendichtring,"TGM, TGA/TGS",d 50 mm D 70 mm H 8mm,MAN: 06.56279.0029,
DT-MAN p429 #1,350 A,429,4.20296,Oil seal,Wellendichtring,"TGM, TGA/TGS",d 50 mm D 70mm H1 10mm H2 14mm,MAN: 06.56279.0031,
DT-MAN p430 #1,350 B,430,3.63033,Track rod,Spurstange,TGL,D 42 mm C 22 mm L 1632 mm,MAN: 81.46711.6915,
DT-MAN p430 #2,350 B,430,3.63027,Track rod,Spurstange,TGL,D 42 mm 22 mm L 1666 mm,MAN: 81.46711.6913,DT_NUMBER_FROM_OCR
DT-MAN p430 #3,350 B,430,3.63028,Track rod,Spurstange,TGUTGM,D 38 mm C 22 mm L 1632 mm,MAN: 81.46711.6894,
DT-MAN p430 #4,350 B,430,3.63034,Track rod,Spurstange,TGM,D 50 mm C 26mm L 1680 mm,MAN: 81.46711.6818,
DT-MAN p430 #5,350 B,430,3.63002,Track rod,Spurstange,"TGM, TGA/TGS",D 52 mm 30mm L 1588 mm,MAN: 81.46711.6736,
DT-MAN p431 #1,350 B,431,3.63029,Track rod,Spurstange,"TGM, TGA/TGS/TGX",D 38 mm C 22 mm L 1530 mm,MAN: 81.46711.6720,
DT-MAN p431 #2,350 B,431,3.63004,Track rod,Spurstange,"TGM, TGA/TGS/TGX",D 52 mm C 30 mm L 1679 mm,MAN: 81.46711.6921,
DT-MAN p431 #3,350 B,431,3.63023,Track rod,Spurstange,TGA/TGS,D 50 mm C 30 mm L 1588 mm,MAN: 81.46711.6734,
DT-MAN p431 #4,350 B,431,3.63031,Track rod,Spurstange,TGA/TGS,D 42 mm C 30mm L 1680 mm,MAN: 81.46711.6933,
DT-MAN p431 #5,350 B,431,3.63012,Track rod,Spurstange,TGA/TGS/TGX,D 60 mm C 30 mm L 1392 mm,MAN: 81.46711.6865,
DT-MAN p432 #1,350 B,432,3.63003,Track rod,Spurstange,TGA/TGS/TGX,D 50 mm C 30 mm L 1652 mm,MAN: 81.46711.6820,
DT-MAN p432 #2,350 B,432,4.61802,"Ball joint, right hand thread","Kugelkopf, Rechtsgewinde",TGL,"C 22 mm L 105 mm M28 x 1,5R",MAN: 81.95301.6328,
DT-MAN p432 #3,350 B,432,4.61207,"Ball joint, right hand thread","Kugelkopf, Rechtsgewinde","TGL/TGM, TGA","C 26mm L 115mm M30 x 1,5R",MAN: 81.95301.6319,
DT-MAN p432 #4,350 B,432,3.63116,"Ball joint, right hand thread","Kugelkopf, Rechtsgewinde",TGM,"C 26mm L 141 mm M30 x 1,5R",MAN: 81.95301.6270,
DT-MAN p433 #1,350 B,433,5.55221,"Ball joint, right hand thread","Kugelkopf, Rechtsgewinde",TGM,"C 26mm L 141 mm M30 x 1,5R",MAN: 81.95301.6331,
DT-MAN p433 #2,350 B,433,3.63113,"Ball joint, right hand thread","Kugelkopf, Rechtsgewinde","TGM, TGA/TGS/TGX","C 30 mm L 119mm M30 x 1,5R",MAN: 81.95301.6288,
DT-MAN p433 #3,350 B,433,3.63104,"Ball joint, right hand thread","Kugelkopf, Rechtsgewinde","TGM, TGA/TGS/TGX","30mm L 141 mm M30 x 1,5R",MAN: 81.95301.6286,
DT-MAN p433 #4,350 B,433,1.19009,"Ball joint, right hand thread","Kugelkopf, Rechtsgewinde",Universal,"C 30 mm LTh 90 mm L 135mm M30 x 1,5R",MAN: 81.95301.0022,
DT-MAN p434 #1,350 B,434,1.19013,Adjusting sleeve,Gewindehiilse,TGA/TGS/TGX,"Lu 90 mm SW 34 L 100 mm M30 x 1,5R M38 x 1,5L",MAN: 81.46710.0123,
DT-MAN p435 #1,350 C,435,3.67639,"Wheel hub, with bearing","Radnabe, mit Lager",TGL,"di 140 mm d2 140mm D 121,5 mm b 18mm H 290 mm",MAN: 81.35701.0165,
DT-MAN p435 #2,350 C,435,3.67638,"Wheel hub, without bearings","Radnabe, ohne Lager",TGL,"di 140 mm d2 140 mm D 121,5 mm b 18mm H 290 mm",MAN: 81.35701.0165,
DT-MAN p435 #3,350 C,435,3.67616,"Wheel hub, with bearing rear axle","Radnabe, mit Lager Hinterachse","TGM, TGA/TGS/TGX",di 160 mm d2 160 mm D 380 mm b 22 mm P 335mm H 163 mm,MAN: 81.35701.0155,DT_NUMBER_FROM_OCR
DT-MAN p436 #1,350 C,436,3.67611,"Wheel hub, without bearings rear axle","Radnabe, ohne Lager Hinterachse","TGM, TGA/TGS/TGX",di 160 mm d2 160 mm D 380 mm b 22 mm P 335mm H 163 mm eee,MAN: 81.35701.0155,
DT-MAN p436 #2,350 C,436,3.67619,"Wheel hub, with bearing rear axle","Radnabe, mit Lager Hinterachse","TGM, TGA/TGS/TGX","di 170 mm d2 170 mm D 369 mm b 22 mm H 158,5 mm",MAN: 81.35700.6150,
DT-MAN p436 #3,350 C,436,3.67613,"Wheel hub, without bearings rear axle","Radnabe, ohne Lager Hinterachse","TGM, TGA/TGS/TGX","di 170 mm d2 170 mm D 369 mm b 22 mm H 158,5 mm",MAN: 81.35700.6150,
DT-MAN p437 #1,350 C,437,3.67618,"Wheel hub, with bearing rear axle","Radnabe, mit Lager Hinterachse",TGA,"di 180 mm d2 170mm D 369 mm b 22 mm H 200,5 mm 10 bores",MAN: 81.35701.0141,
DT-MAN p437 #2,350 C,437,3.67614,"Wheel hub, without bearings rear axle","Radnabe, ohne Lager Hinterachse",TGA,"di 180 mm d2 170mm D 369 mm b 22 mm H 200,5 mm 10 bores",MAN: 81.35701.0141,
DT-MAN p437 #3,350 C,437,3.67615,"Wheel hub, with bearing rear axle","Radnabe, mit Lager Hinterachse",TGA/TGS/TGX,di 180 mm d2 170 mm D 369 mm b 22 mm H 217mm,MAN: 81.35701.0128,
DT-MAN p438 #1,350 C,438,3.67610,"Wheel hub, without bearings rear axle","Radnabe, ohne Lager Hinterachse",TGA/TGS/TGX,di 180 mm d2 170 mm D 369 mm b 22 mm H 217mm,MAN: 81.35701.0128,
DT-MAN p438 #2,350 C,438,3.96100,"Repair kit, wheel hub","Reparatursatz, Radnabe",TGA,,MAN: 81.96601.0298,
DT-MAN p438 #3,350 C,438,3.96051,"Repair kit, wheel hub rear axle","Reparatursatz, Radnabe Hinterachse",TGA,,MAN: 06.56289.0335,
DT-MAN p439 #1,350 C,439,3.96001,"Repair kit, wheel hub rear axle","Reparatursatz, Radnabe Hinterachse",TGA/TGS/TGX,,MAN: 81.35710.6016,
DT-MAN p439 #2,350 C,439,3.67544,Hub cover,Nabendeckel,TGA (H33),,MAN: 81.41352.0009,
DT-MAN p439 #3,350 C,439,4.20239,"Gasket, hub cover","Dichtung, Nabendeckel",TGA,,MAN: 81.96601.0298,
DT-MAN p440 #1,350 C,440,3.60030,Wheel bearing unit front axle,Radlagereinheit Vorderachse,TGL/TGM,d 55mm D 145 mm H 100 mm,MAN: 81.93420.0337,
DT-MAN p440 #2,350 C,440,3.60013,Wheel bearing unit rear axle,Radlagereinheit Hinterachse,TGUTGM,d 78 mm D 130 mm H 90 mm,MAN: 81.93420.0379,
DT-MAN p440 #3,350 C,440,3.60037,Wheel bearing unit,Radlagereinheit,TGL,d 82 mm D 140 mm H 115mm,MAN: 81.93420.0354,
DT-MAN p441 #1,350 C,441,3.60018,Wheel bearing unit,Radlagereinheit,"TGM, TGA, TGS (245), TGX (24X)","d 60 mm D 168 mm H 105,5 mm",MAN: 81.93420.0353,
DT-MAN p441 #2,350 C,441,3.60005,Wheel bearing unit rear axle,Radlagereinheit Hinterachse,"TGM, TGA/TGS/TGX",d 105 mm D 160 mm H 140 mm,MAN: 81.93420.0376,
DT-MAN p441 #3,350 C,441,3.60004,Wheel bearing unit rear axle,Radlagereinheit Hinterachse,"TGM, TGA/TGS/TGX",d 110 mm D 170 mm H 146 mm,MAN: 81.93420.0346,
DT-MAN p442 #1,350 C,442,3.60011,Wheel bearing unit front axle,Radlagereinheit Vorderachse,TGA/TGS/TGX,d 70 mm D 196 mm H 140 mm,MAN: 81.93420.0349,
DT-MAN p442 #2,350 C,442,3.60055,"Sensor ring, ABS","Sensorring, ABS",TGL,"d 114mm D1 160 mm D2 125mm S 2mm H 27,5 mm",MAN: 81.52403.0029,
DT-MAN p442 #3,350 C,442,1.17242,Tapered roller bearing,Kegelrollenlager,"TGL/TGM, TGA/TGS/TGX",d 90 mm D 160 mm H,MAN: 06.32499.0008,
DT-MAN p442 #4,350 C,442,7.32523,Tapered roller bearing,Kegelrollenlager,"TGUTGM, TGA/TGS/TGX",d 120 mm D 180 mm H 38 mm,MAN: 06.32489.0063,
DT-MAN p443 #1,350 C,443,3.60016,Tapered roller bearing,Kegelrollenlager,"TGM, TGA/TGS","d 106 mm D 160 mm H 37,5 mm",MAN: 06.32489.0009,
DT-MAN p443 #2,350 C,443,3.60021,Tapered roller bearing,Kegelrollenlager,"TGM,","d 54,5 mm D 104,775 mm H 36,513 mm",MAN: 06.32499.0071,
DT-MAN p443 #3,350 C,443,4.64672,Tapered roller bearing,Kegelrollenlager,"TGM, TGA/TGS/TGX",d 65mm D 140 mm H 5i mm,MAN: 06.32499.0095,
DT-MAN p443 #4,350 C,443,3.60029,Tapered roller bearing,Kegelrollenlager,"TGM, TGA/TGS/TGX",d 80 mm D 165 mm H 57mm,MAN: 06.32499.0192,
DT-MAN p444 #1,350 C,444,3.60001,Tapered roller bearing,Kegelrollenlager,"TGM, TGA/TGS/TGX",d 110 mm D 170 mm H 47 mm,MAN: 06.32499.0155,
DT-MAN p444 #2,350 C,444,3.60000,Tapered roller bearing,Kegelrollenlager,TGA,d 100 mm D 180 mm H 37mm,MAN: 06.32489.0032,
DT-MAN p444 #3,350 C,444,5.30130,Tapered roller bearing,Kegelrollenlager,TGA/TGS,d 95 mm D 145 mm H 39mm,MAN: 06.32499.0123,
DT-MAN p444 #4,350 C,444,3.60027,Tapered roller bearing,Kegelrollenlager,TGA/TGS/TGX,d 65 mm D 140 mm H 36 mm,MAN: 06.32499.0088,
DT-MAN p445 #1,350 C,445,3.60033,Tapered roller bearing,Kegelrollenlager,TGA/TGS/TGX,d 70 mm D 165 mm H 57mm,MAN: 06.32489.0069,
DT-MAN p445 #2,350 C,445,3.60002,Tapered roller bearing,Kegelrollenlager,TGA/TGS/TGX,d 95 mm D 145 mm H 32 mm,MAN: 06.32489.0114,
DT-MAN p445 #3,350 C,445,4.63168,Tapered roller bearing,Kegelrollenlager,TGA/TGS/TGX,d 100 mm D 180 mm H 63 mm,MAN: 06.32499.0046,
DT-MAN p445 #4,350 C,445,3.60003,Tapered roller bearing,Kegelrollenlager,TGA/TGS/TGX,d 105 mm D 160 mm H 43 mm,MAN: 06.32499.0188,
DT-MAN p446 #1,350 C,446,3.60050,Race ring front axle,Laufring Vorderachse,"TGM, TGA/TGS",d 140 mm D 160 mm H 24mm,MAN: 81.36306.0002,
DT-MAN p446 #2,350 C,446,3.60581,Oil collector rear axle,Olfangblech Hinterachse,"TGM, TGA/TGS/TGX","d 143,6 mm D 170 mm H 7mm",MAN: 81.35730.0048,
DT-MAN p446 #3,350 C,446,3.60582,Oil collector rear axle,Olfangblech Hinterachse,"TGM, TGA/TGS/TGX","d 232,5 mm D 299 mm H 43 mm",MAN: 81.35730.0045,
DT-MAN p447 #1,350 C,447,3.60583,Oil collector rear axle,Olfangblech Hinterachse,TGX,d 233 mm D 300 mm H 61mm,MAN: 81.35730.0032,
DT-MAN p447 #2,350 C,447,3.60535,Grooved nut front axle,Nutmutter Vorderachse,"TGM, TGA/TGS/TGX","M58 x 1,5",MAN: 81.90620.0086,
DT-MAN p447 #3,350 C,447,3.60534,Grooved nut rear axle,Nutmutter Hinterachse,"TGM,","M100 x 1,5 10 Pp",MAN: 81.90620.0092,
DT-MAN p448 #1,350 C,448,3.60102,Oil seal,Wellendichtring,TGA,"d 85 mm D 105 mm H1 13 mm H2 9,5 mm",MAN: 06.56289.0357,
DT-MAN p448 #2,350 C,448,3.60109,Oil seal rear axle,Wellendichtring Hinterachse,"TGM, TGA/TGS/TGX",d 132 mm D 160 mm H 10 mm,MAN: 06.56289.0387,
DT-MAN p448 #3,350 C,448,3.60110,Oil seal rear axle,Wellendichtring Hinterachse,"TGM, TGA/TGS/TGX",d 132 mm D 172 mm H 12 mm,MAN: 81.96503.0333,
DT-MAN p449 #1,350 C,449,3.60130,Oil seal rear axle,Wellendichtring Hinterachse,"TGM, TGA/TGS/TGX",d 139 mm D 170 mm H 11mm,MAN: 81.96503.0530,
DT-MAN p449 #2,350 C,449,3.60111,Oil seal rear axle,Wellendichtring Hinterachse,"TGM, TGA/TGS/TGX",d 139 mm D 170 mm H 11mm,MAN: 81.96503.0445,
DT-MAN p449 #3,350 C,449,3.60112,Oil seal rear axle,Wellendichtring Hinterachse,"TGM, TGA/TGS/TGX","d 141,3 mm D1 205 mm D2 175 mm H1 11mm H2 14mm",MAN: 81.96503.6000,
DT-MAN p450 #1,350 C,450,4.20238,Oil seal,Wellendichtring,TGA,d 145mm D 175 mm H1 12 mm H2 14mm,MAN: 06.56289.0332,
DT-MAN p450 #2,350 C,450,3.60100,"Oil seal, with ABS ring","Wellendichtring, mit ABS Ring",TGA/TGS/TGX,d 145 mm D1 175 mm D2 205 mm H1 9mm H2 14mm,MAN: 06.56289.0371,
DT-MAN p450 #3,350 C,450,4.20399,Oil seal,Wellendichtring,"TGM, TGA/TGS",d 160 mm D 180 mm S 10 mm,MAN: 06.56289.0365,
DT-MAN p451 #1,350 C,451,3.60500,Washer rear axle,Scheibe Hinterachse,TGA/TGS/TGX,d 147 mm D 174mm S 2mm,MAN: 81.35720.0005,
DT-MAN p451 #2,350 C,451,3.60150,O-ring,O-Ring,Universal,d 120 mm S 5mm,MAN: 06.56930.3611,
DT-MAN p452 #1,350 D,452,3.96010,"Wheel bolt, complete","Radbolzen, komplett","TGM, TGA/TGS","LTh 38 mm Lu 98 mm D 32 mm Sw 30 L 108,5 mm M22 x 1,5",MAN: 81.45501.0139,
DT-MAN p452 #2,350 D,452,4.90344,"Wheel bolt, complete","Radbolzen, komplett",TGA/TGS/TGX,"Lu 111 mm Sw 27 L 121 mm M22 x 1,5 10.9",MAN: 81.45501.0141,
DT-MAN p452 #3,350 D,452,4.90345,"Wheel bolt, complete","Radbolzen, komplett",TGA/TGS/TGX,"Lu 111mm SW 30 L 121 mm M22 x 1,5 10.9",MAN: 81.45501.0141,
DT-MAN p452 #4,350 D,452,4.90346,"Wheel bolt, complete","Radbolzen, komplett",TGA/TGS/TGX,"Lu 111mm SW 32 L 121 mm M22 x 1,5 10.9",MAN: 81.45501.0141,
DT-MAN p453 #1,350 D,453,4.40139,Wheel bolt,Radbolzen,"TGM, TGA/TGS","LTh 38 mm Lu 98 mm D 32 mm L 108,5 mm M22 x 1,5 10.9",MAN: 81.45501.0139,
DT-MAN p453 #2,350 D,453,4.40141,Wheel bolt,Radbolzen,"TGM, TGA/TGS","Lu 115mm L 125,5 mm M22 x 1,5 10.9",MAN: 81.45501.0142,
DT-MAN p453 #3,350 D,453,3.61110,Wheel bolt front axle,Radbolzen Vorderachse,"TGM, TGA/TGS/TGX","LTh 30 mm Lu 65 mm D 36 mm M22 x 1,5 10.9",MAN: 81.45501.0129,
DT-MAN p453 #4,350 D,453,3.61105,Wheel bolt rear axle,Radbolzen Hinterachse,"TGM, TGA/TGS/TGX","LTh 46 mm Lu 77 mm D 36 mm M22 x 1,5 10.9",MAN: 81.45501.0164,
DT-MAN p454 #1,350 D,454,3.61117,Wheel bolt,Radbolzen,"TGM, TGA/TGS/TGX","LTh 53 mm Lu 79 mm D 36 mm M22 x 1,5 10.9",MAN: 81.45501.0174,
DT-MAN p454 #2,350 D,454,3.61106,Wheel bolt rear axle,Radbolzen Hinterachse,"TGM, TGA/TGS/TGX","th 40mm Lu 110 mm L 120,5 mm M22 x 1,5 10.9",MAN: 81.45501.0176,
DT-MAN p454 #3,350 D,454,3.61111,Wheel bolt front axle,Radbolzen Vorderachse,TGA/TGS/TGX,"LTh 29 mm Lu 63 mm D 36 mm M22 x 1,5 10.9",MAN: 81.45501.0132,
DT-MAN p454 #4,350 D,454,4.40087,"Wheel bolt, surface: phosphated","Radbolzen, Oberflache: phosphatiert",TGA/TGS/TGX,"LTh 72 mm Lu 110 mm D 32 mm L 121 mm M22 x 1,5 10.9",MAN: 81.45501.0141,
DT-MAN p455 #1,350 D,455,4.40087S,"Wheel bolt, surface: phosphated","Radbolzen, Oberflache: phosphatiert",TGA/TGS/TGX,"LTh 40 mm Lu 110mm D 32 mm M22 x 1,5 10.9",MAN: 81.45501.0141,
DT-MAN p455 #2,350 D,455,4.40323,"Wheel bolt, surface: geomet","Radbolzen, Oberflache: geometisiert",TGAITGS/TGX,"LTh 40 mm Lu 110mm D 32 mm L 121 mm M22 x 1,5",MAN: 81.45501.0141,
DT-MAN p455 #3,350 D,455,6.54232,Wheel nut,Radmutter,TGL,"Sw 27 H 24,6 mm M18 x 1,5",MAN: 81.45503.0062,
DT-MAN p455 #4,350 D,455,2.65121,Wheel nut,Radmutter,"TGUTGM, TGA","SW 27 H 24,5 mm M18 x 1,5",MAN: 81.45503.0047,DT_NUMBER_FROM_OCR
DT-MAN p456 #1,350 D,456,2.65119,Wheel nut,Radmutter,"TGM, TGA/TGS/TGX","sw 30 H 26 mm M20 x 1,5",MAN: 81.45503.0048,
DT-MAN p456 #2,350 D,456,3.61153,Wheel nut,Radmutter,"TGM, TGA/TGS/TGX","SW 32 H 39mm M22 x 1,5",MAN: 81.45503.0054,
DT-MAN p456 #3,350 D,456,3.61152,Wheel nut,Radmutter,"TGM, TGA/TGS/TGX","SW 32 H 62 mm M22 x 1,5",MAN: 81.45503.0055,
DT-MAN p456 #4,350 D,456,4.40209,Wheel nut,Radmutter,"TGM, TGA/TGS/TGX","SW 32 H 27mm M22 x 1,5",MAN: 81.45503.0056,
DT-MAN p456 #5,350 D,456,4.40121,"Wheel nut, surface: phosphated","Radmutter, Oberflache: phosphatiert","TGM, TGA/TGS/TGX","SW 32 H 24,5 mm M22 x 1,5",MAN: 81.45503.0056,
DT-MAN p457 #1,350 D,457,9.12003,Wheel nut,Radmutter,Universal,"SW 30 H 23 mm M22 x 1,5",MAN: 06.11222.0218,
DT-MAN p457 #2,350 D,457,9.12013,Wheel nut,Radmutter,Universal,"SW H M22 x 1,5",MAN: 06.11222.0318,
DT-MAN p457 #3,350 D,457,9.12001,Spring ring,Federring,TGA,"d 22,5 mm D 34mm H 8mm",MAN: 81.45502.0001,
DT-MAN p457 #4,350 D,457,4.60106,Centering ring,Zentrierring,TGA/TGS,"d 22,2 mm D 32 mm S",MAN: 81.45504.0007,
DT-MAN p458 #1,350 D,458,2.96300,"Wheel bolt, complete","Radbolzen, komplett","TGL/TGM, TGA/TGS/TGX","LTh 50,5 mm Lu 115mm SW 27 W1 21mm W2 45mm M20 x2",MAN: 81.45422.0060,
DT-MAN p458 #2,350 D,458,2.65104,Wheel bolt,Radbolzen,TGA/TGS/TGX,mm Lu 115mm W1 21mm W2 45mm M20 x2 10.9,MAN: 81.45422.0060,
DT-MAN p458 #3,350 D,458,1.17018,Wheel nut,Radmutter,"TGL/TGM, TGA/TGS/TGX",Sw 27 H 21mm M20 x2,MAN: 06.11222.0416,
DT-MAN p458 #4,350 D,458,2.65141,Clamping piece,Klemmstiick,"TGL/TGM, TGA/TGS/TGX",,MAN: 81.45421.0036,
DT-MAN p459 #1,350 D,459,2.65125,Cotter pin,Federstecker,"TGL/TGM, TGA/TGS/TGX",L 35 mm,MAN: 81.91320.0051,
DT-MAN p460 #1,350 E,460,3.67646,Bell hub,Glockennabe,TGS/TGX,,MAN: 81.35114.0135,
DT-MAN p460 #2,350 E,460,3.60060,Ring gear,Hohlrad,"TGM, TGA/TGS/TGX",,MAN: 81.35111.0026,
DT-MAN p460 #3,350 E,460,3.60061,Ring gear,Hohlrad,"TGM, TGA/TGS/TGX",,MAN: 81.35111.0028,DT_NUMBER_FROM_OCR
DT-MAN p461 #1,350 E,461,3.60063,Ring gear,Hohlrad,TGA,,MAN: 81.35111.0017,
DT-MAN p461 #2,350 E,461,3.60062,Ring gear,Hohlrad,TGA,,MAN: 81.35111.0020,
DT-MAN p461 #3,350 E,461,3.51041,Ring gear carrier,Hohlradtrager,TGA,,MAN: 81.35114.0063,
DT-MAN p461 #4,350 E,461,4.30223,Grooved nut,Nutmutter,"TGM, TGA/TGS/TGX","M88 x 1,5 10 P",MAN: 81.90620.0048,
DT-MAN p462 #1,350 E,462,3.51056,Gear,Zahnrad,TGA/TGS/TGX,,MAN: 81.35610.0040,DT_NUMBER_FROM_OCR
DT-MAN p462 #2,350 E,462,3.60204,Sun gear,Sonnenrad,TGA,,MAN: 81.35113.0044,DT_NUMBER_FROM_OCR
DT-MAN p462 #3,350 E,462,3.60205,Sun gear,Sonnenrad,TGA,,MAN: 81.35113.0034,DT_NUMBER_FROM_OCR
DT-MAN p462 #4,350 E,462,3.60208,Sun gear,Sonnenrad,TGA,,MAN: 81.35113.0037,
DT-MAN p463 #1,350 E,463,3.60202,Sun gear,Sonnenrad,TGA/TGS/TGX,,MAN: 81.35113.0055,DT_NUMBER_FROM_OCR
DT-MAN p463 #2,350 E,463,3.60203,Sun gear,Sonnenrad,TGA/TGS/TGX,,MAN: 81.35113.0054,DT_NUMBER_FROM_OCR
DT-MAN p463 #3,350 E,463,3.60206,Sun gear,Sonnenrad,TGA/TGS/TGX,,MAN: 81.35113.0048,DT_NUMBER_FROM_OCR
DT-MAN p463 #4,350 E,463,3.60207,Sun gear,Sonnenrad,TGA/TGS/TGX,,MAN: 81.35113.0049,DT_NUMBER_FROM_OCR
DT-MAN p464 #1,350 E,464,3.96101,"Repair kit, outer planetary gear","Reparatursatz, AuBenplanetengetriebe",TGA,,MAN: 81.35925.6004,
DT-MAN p464 #2,350 E,464,3.96050,"Repair kit, outer planetary gear","Reparatursatz, AuBenplanetengetriebe",TGA,i,MAN: 81.90801.0224,
DT-MAN p464 #3,350 E,464,3.96052,"Repair kit, outer planetary gear","Reparatursatz, AuBenplanetengetriebe",TGA,,MAN: 81.90801.0224,
DT-MAN p465 #1,350 E,465,3.96053,"Repair kit, outer planetary gear","Reparatursatz, AuRenplanetengetriebe",TGA,,MAN: 81.90801.0224,
DT-MAN p465 #2,350 E,465,3.96054,"Repair kit, outer planetary gear","Reparatursatz, AuBenplanetengetriebe",TGA,,MAN: 81.90801.0224,
DT-MAN p465 #3,350 E,465,4.90834,"Repair kit, outer planetary gear","Reparatursatz, AuBenplanetengetriebe",TGA,,MAN: 81.90801.0224,
DT-MAN p466 #1,350 E,466,3.96072,"Planetary gear set, left","Planetenradsatz, links","TGL/TGM, TGA/TGS/TGX",,MAN: 81.35112.6021,
DT-MAN p466 #2,350 E,466,3.96073,"Planetary gear set, right","Planetenradsatz, rechts",TGA/TGS/TGX,,MAN: 81.35112.6022,
DT-MAN p466 #3,350 E,466,3.96070,"Planetary gear set, left","Planetenradsatz, links","TGM, TGA/TGS/TGX",,MAN: 81.35112.6023,
DT-MAN p466 #4,350 E,466,3.96071,"Planetary gear set, right","Planetenradsatz, rechts","TGM, TGA/TGS/TGX",,MAN: 81.35112.6024,
DT-MAN p467 #1,350 E,467,3.96075,Planetary gear set,Planetenradsatz,TGA,,MAN: 81.35112.6012,
DT-MAN p467 #2,350 E,467,3.60090,Planetary carrier,Planetenradtrager,"TGM, TGA/TGS/TGX",,MAN: 81.35114.0134,
DT-MAN p467 #3,350 E,467,3.60542,"Gasket, hub cover","Dichtung, Nabendeckel",TGA,,MAN: 81.96601.0528,
DT-MAN p467 #4,350 E,467,4.60909,Lock washer,Sicherungsscheibe,"TGM, TGA/TGS/TGX","d 88,5 mm D 122,5 mm S 2mm",MAN: 81.90801.0224,
DT-MAN p468 #1,350 E,468,4.65391,Ball bearing,Kugellager,"TGL/TGM, TGA/TGS/TGX",d 90 mm D 160 mm H 30 mm,MAN: 81.93410.0046,
DT-MAN p468 #2,350 E,468,2.35024,Tapered roller bearing,Kegelrollenlager,"TGL/TGM, TGA/TGS/TGX",d 85 mm D 130 mm H 29 mm,MAN: 06.32489.0060,
DT-MAN p468 #3,350 E,468,7.32526,Tapered roller bearing,Kegelrollenlager,"TGL/TGM, TGA/TGS/TGX",d 105 mm D 160 mm H 35mm,MAN: 06.32489.0070,
DT-MAN p468 #4,350 E,468,2.32824,Tapered roller bearing,Kegelrollenlager,TGM,d 60 mm D 110 mm H 38 mm,MAN: 06.32489.0045,
DT-MAN p469 #1,350 E,469,1.17240,Tapered roller bearing,Kegelrollenlager,"TGM, TGA/TGS/TGX","d 75 mm D 130 mm H 33,3 mm",MAN: 06.32499.0005,
DT-MAN p469 #2,350 E,469,4.63859,Tapered roller bearing,Kegelrollenlager,TGA/TGS,d 65 mm D 120 mm H 41 mm,MAN: 06.32489.0046,
DT-MAN p469 #3,350 E,469,2.35028,Tapered roller bearing,Kegelrollenlager,TGA/TGS/TGX,"d 70 mm D 125 mm H 26,3 mm",MAN: 06.32489.0018,
DT-MAN p469 #4,350 E,469,4.63160,Tapered roller bearing,Kegelrollenlager,TGS/TGX,d 70 mm D 150 mm H 54mm,MAN: 06.32499.0020,
DT-MAN p470 #1,350 E,470,5.30138,Cylinder roller bearing,Zylinderrollenlager,"TGM, TGA/TGS/TGX",d 45 mm D 100 mm H 31 mm,MAN: 06.32589.0069,
DT-MAN p470 #2,350 E,470,3.60526,"Bracket, thrust bearing","Halter, Axiallager",TGA/TGS/TGX,,MAN: 81.35140.0013,
DT-MAN p470 #3,350 E,470,4.67022,Spacer ring,Abstandring,"TGL/TGM, TGA/TGS/TGX","d 28,8 mm D 39,6 mm S 1mm",MAN: 81.90713.0835,
DT-MAN p470 #4,350 E,470,3.60101,Oil seal,Wellendichtring,"TGM, TGA",d 72 mm D 105 mm H 13mm,MAN: 06.56279.0366,
DT-MAN p471 #1,350 E,471,4.20401,Oil seal,Wellendichtring,"TGM, TGA/TGS/TGX",d 72 mm D 105 mm H 19mm,MAN: 06.56279.0362,
DT-MAN p471 #2,350 E,471,4.20492,Oil seal,Wellendichtring,TGA,"d 75 mm D 95 mm H1 9,5 mm H2 10 mm",MAN: 06.56279.0331,
DT-MAN p471 #3,350 E,471,4.20508,Oil seal,Wellendichtring,TGA/TGS/TGX,d 80 mm D 100 mm H 10 mm,MAN: 06.56289.0349,
DT-MAN p471 #4,350 E,471,3.60117,Oil seal,Wellendichtring,TGA/TGS/TGX,d 80 mm D1 135 mm D2 154mm H1 12 mm H2 18mm,MAN: 06.56289.0293,
DT-MAN p472 #1,350 E,472,1.16048,Oil seal,Wellendichtring,TGA,"d 85 mm D 105 mm H1 13 mm H2 9,5 mm",MAN: 06.56289.0361,
DT-MAN p472 #2,350 E,472,4.20545,Oil seal,Wellendichtring,"TGM, TGA/TGS/TGX",d 85 mm D 110 mm H1 12 mm H2 17 mm,MAN: 06.56289.0394,
DT-MAN p472 #3,350 E,472,4.20478,Oil seal,Wellendichtring,TGA,d 85 mm D 120 mm H1 10 mm H2 21 mm,MAN: 81.96503.0479,
DT-MAN p472 #4,350 E,472,4.20370,Oil seal,Wellendichtring,TGA/TGS/TGX,d 85 mm D 145 mm H1 12 mm H2 37mm,MAN: 06.56289.0319,
DT-MAN p473 #1,350 E,473,3.60127,Oil seal,Wellendichtring,"TGM, TGA/TGS/TGX","d 85 mm D 150 mm H1 16,3 mm H2 24mm",MAN: 81.96503.0442,
DT-MAN p473 #2,350 E,473,3.60131,Oil seal,Wellendichtring,"TGU/TGM, TGA/TGS/TGX",d 85 mm D 150 mm H1 20 mm H2 24mm,MAN: 81.96503.0443,
DT-MAN p473 #3,350 E,473,3.50032,Oil seal,Wellendichtring,TGA/TGS,d 105 mm D 130 mm H1 12 mm H2 17mm,MAN: 06.56289.0389,
DT-MAN p473 #4,350 E,473,3.60137,Oil seal,Wellendichtring,TGA/TGS/TGX,d 120 mm D 150 mm H1 14mm H2,MAN: 81.96503.0460,
DT-MAN p474 #1,350 E,474,4.20225,Seal ring holder,Dichtringhalter,TGA,"di 69 mm d2 76 mm D1 75,2 mm D2 82,2 mm H 28 mm",MAN: 81.35412.0009,
DT-MAN p474 #2,350 E,474,4.20226,Seal ring holder,Dichtringhalter,TGA,"di 82 mm d2 86 mm D1 88,2 mm D2 92,2 mm H 30 mm",MAN: 81.35412.0013,
DT-MAN p474 #3,350 E,474,3.60160,Spring ring,Federring,"TGM, TGA/TGS/TGX",,MAN: 81.90810.0074,
DT-MAN p474 #4,350 E,474,4.20005,O-ring,O-Ring,"TGM, TGA/TGS/TGX",d 255 mm S 5mm,MAN: 06.56341.4254,
DT-MAN p475 #1,350 E,475,4.20393,O-ring,O-Ring,Universal,d 269 mm S 6mm,MAN: 06.56341.3271,
DT-MAN p475 #2,350 E,475,4.50322,Washer,Scheibe,TGA,d 61 mm D 105 mm S 4mm,MAN: 81.90711.0640,
DT-MAN p475 #3,350 E,475,4.40049,Screw plug,Verschlussschraube,TGA,"M45 x 1,5",MAN: 06.08049.0004,
DT-MAN p476 #1,353 A,476,3.60715,Differential housing,Differentialgehause,"TGM, TGA/TGS/TGX",,MAN: 81.35105.0062,
DT-MAN p476 #2,353 A,476,3.60716,Differential housing,Differentialgehause,"TGM, TGA/TGS/TGX",,MAN: 81.35105.0060,
DT-MAN p476 #3,353 A,476,4.65071,Differential housing,Differentialgehause,TGA,,MAN: 81.35100.6593,DT_NUMBER_FROM_OCR
DT-MAN p477 #1,353 A,477,3.60721,Differential housing half,Differentialgehausehalfte,,,MAN: 81.35105.0192,
DT-MAN p477 #2,353 A,477,3.60720,Differential housing half,Differentialgehausehalfte,TGUTGM,,MAN: 81.35105.0191,
DT-MAN p477 #3,353 A,477,3.60711,Differential housing half,Differentialgehausehalfte,"TGM, TGA/TGS/TGX",,MAN: 81.35105.0060,
DT-MAN p478 #1,353 A,478,3.60713,Differential housing half,Differentialgehausehalfte,"TGM, TGA/TGS/TGX",,MAN: 81.35105.0061,
DT-MAN p478 #2,353 A,478,3.60712,Differential housing half,Differentialgehausehalfte,"TGM, TGA/TGS/TGX",,MAN: 81.35105.0062,
DT-MAN p478 #3,353 A,478,3.60714,Differential housing half,Differentialgehausehalfte,"TGM, TGA/TGS/TGX",,MAN: 81.35105.0063,
DT-MAN p479 #1,353 A,479,3.60722,Differential housing half,Differentialgehausehalfte,TGA,,MAN: 81.35100.6599,
DT-MAN p479 #2,353 A,479,3.96707,Differential kit,Differentialsatz,TGUTGM,,MAN: 81.35107.6042,
DT-MAN p479 #3,353 A,479,3.96702,Differential kit,Differentialsatz,"TGM, TGA/TGS/TGX",,MAN: 81.35107.6043,
DT-MAN p480 #1,353 A,480,3.96700,Differential kit,Differentialsatz,TGA,,MAN: 81.35107.6008,
DT-MAN p480 #2,353 A,480,4.91603,Differential kit,Differentialsatz,TGA/TGS/TGX,,MAN: 81.35107.6035,
DT-MAN p480 #3,353 A,480,4.91604,Differential kit,Differentialsatz,TGA/TGS/TGX,,MAN: 81.35107.6032,
DT-MAN p480 #4,353 A,480,4.67031,Drive shaft,Antriebswelle,TGA,SS,MAN: 81.35611.0017,
DT-MAN p481 #1,353 A,481,3.60400,Output shaft,Abtriebswelle,"TGA/TGS, TGX (30X)",,MAN: 81.35604.0020,
DT-MAN p481 #2,353 A,481,4.67035,Axle shaft gear,Achswellenrad,TGA (H76),,MAN: 81.35618.0003,
DT-MAN p481 #3,353 A,481,4.67037,Axle shaft gear,Achswellenrad,TGA,,MAN: 81.35617.0002,DT_NUMBER_FROM_OCR
DT-MAN p481 #4,353 A,481,3.60706,Axle shaft gear,Achswellenrad,TGA,,MAN: 81.35618.6002,
DT-MAN p482 #1,353 A,482,4.64969,Axle shaft gear,Achswellenrad,TGA/TGS/TGX,,MAN: 81.35610.0041,DT_NUMBER_FROM_OCR
DT-MAN p482 #2,353 A,482,3.60410,Spider pinion,Ausgleichkegelrad,TGA,,MAN: 81.35609.0011,
DT-MAN p482 #3,353 A,482,3.60700,Spider,Ausgleichstern,TGA,,MAN: 81.35107.6014,
DT-MAN p482 #4,353 A,482,3.60701,Spider,Ausgleichstern,TGA,,MAN: 81.35608.0036,
DT-MAN p483 #1,353 A,483,3.60710,Differential housing,Ausgleichgehause,TGA/TGS/TGX,,MAN: 81.35606.0011,
DT-MAN p483 #2,353 A,483,4.67020,Screw collar,Gewindering,"TGL, TGA",M112,MAN: 81.35125.0006,
DT-MAN p483 #3,353 A,483,3.60080,Screw collar,Gewindering,"TGM (N48), TGA/TGS/TGX",M142,MAN: 81.35125.0048,
DT-MAN p483 #4,353 A,483,4.64785,Screw collar,Gewindering,TGA,M135,MAN: 81.35125.0005,
DT-MAN p484 #1,353 A,484,4.67021,Adjusting ring,Einstellring,TGA,"M112 x 1,5",MAN: 81.35125.0004,
DT-MAN p484 #2,353 A,484,4.65024,Follower,Mitnehmer,TGA,,MAN: 81.35612.0019,DT_NUMBER_FROM_OCR
DT-MAN p484 #3,353 A,484,3.60300,Coupling sleeve,Kupplungsmuffe,"TGM (N48), TGA/TGS/TGX",,MAN: 81.35612.0016,
DT-MAN p484 #4,353 A,484,3.60751,Flange,Flansch,"TGM, TGA/TGS/TGX",D 155mm,MAN: 81.39115.5115,
DT-MAN p485 #1,353 A,485,3.60753,Flange,Flansch,"TGM, TGA/TGS/TGX",D 155 mm,MAN: 81.39115.0207,
DT-MAN p485 #2,353 A,485,3.60752,Flange,Flansch,TGA,D 155 mm,MAN: 81.39115.5071,
DT-MAN p485 #3,353 A,485,4.64554,Flange,Flansch,TGA,D 165 mm,MAN: 81.39115.0086,DT_NUMBER_FROM_OCR
DT-MAN p485 #4,353 A,485,3.60310,Shifting cylinder,Schaltzylinder,TGA/TGS/TGX,,MAN: 81.35631.0006,
DT-MAN p486 #1,353 A,486,3.60575,Bleeder valve,Entliiftungsventil,"TGL/TGM, TGA/TGS/TGX",,MAN: 81.35306.0035,
DT-MAN p486 #2,353 A,486,3.60022,Cylinder roller bearing,Zylinderrollenlager,"TGM, TGA/TGS/TGX",d 60 mm D 85 mm H 17mm,MAN: 81.93420.0333,
DT-MAN p486 #3,353 A,486,4.67066,Ball bearing,Kugellager,TGA (H76),d 60 mm D 130 mm H 31 mm,MAN: 06.31420.4502,DT_NUMBER_FROM_OCR
DT-MAN p486 #4,353 A,486,4.64673,Tapered roller bearing,Kegelrollenlager,TGA,d 75 mm D 125mm H 37 mm,MAN: 06.32499.0131,
DT-MAN p487 #1,353 A,487,4.64757,Tapered roller bearing,Kegelrollenlager,Universal,"d 80 mm D 140 mm H 28,3 mm",MAN: 06.32489.0020,
DT-MAN p487 #2,353 A,487,1.16459,Tapered roller bearing,Kegelrollenlager,Universal,d 100 mm D 150mm H 32 mm,MAN: 06.32489.0119,
DT-MAN p487 #3,353 A,487,4.67029,Bushing,Buchse,TGA,d 27mm D 31 mm H 24mm,MAN: 81.93021.0218,
DT-MAN p487 #4,353 A,487,4.67030,Bushing,Buchse,TGA,d 30 mm D 34mm H 28 mm,MAN: 81.93021.0219,
DT-MAN p488 #1,353 A,488,4.67028,Bushing,Buchse,TGA,d 46 mm D 50 mm H 36 mm,MAN: 81.93020.0679,
DT-MAN p488 #2,353 A,488,4.67032,Bushing,Buchse,TGA,d 60 mm D 64 mm H 50 mm,MAN: 81.93020.0678,DT_NUMBER_FROM_OCR
DT-MAN p488 #3,353 A,488,4.81153,Bushing,Buchse,TGA/TGS/TGX,"d 50 mm D 57mm H 40,8 mm",MAN: 81.93020.0569,DT_NUMBER_FROM_OCR
DT-MAN p488 #4,353 A,488,4.30047,Screw plug,Verschlussschraube,"TGL/TGM, TGA/TGS/TGX","M24 x 1,5",MAN: 81.90310.0179,
DT-MAN p489 #1,353 A,489,4.30270,Screw plug,Verschlussschraube,"TGM, TGA/TGS","M24 x 1,5",MAN: 81.90310.0234,
DT-MAN p489 #2,353 A,489,4.65049,Spacer ring,Abstandring,TGA,"d 27,6 mm D 36 mm S 1mm",MAN: 81.91710.0442,DT_NUMBER_FROM_OCR
DT-MAN p489 #3,353 A,489,4.67023,Spacer ring,Abstandring,TGA,"d 30,5 mm D 40 mm S 1mm",MAN: 81.91710.0444,
DT-MAN p489 #4,353 A,489,4.20493,Thrust washer,Druckscheibe,"TGL, TGA/TGS/TGX","d 70,1 mm D 105 mm S 45mm",MAN: 81.35613.0043,
DT-MAN p490 #1,353 A,490,4.20493S,"Thrust washer, brass","Druckscheibe, Messing","TGL, TGA/TGS/TGX","d 70,1 mm D 105 mm S",MAN: 81.35613.0043,
DT-MAN p490 #2,353 A,490,4.64966,Thrust washer,Druckscheibe,"TGM, TGA/TGS/TGX","d 80 mm D 98,3 mm S 3mm",MAN: 81.35204.0041,
DT-MAN p490 #3,353 A,490,4.67040,Thrust washer,Druckscheibe,TGA,"d 26,5 mm D 60,1 mm S 1mm",MAN: 81.90701.0722,
DT-MAN p490 #4,353 A,490,4.20494,Thrust washer,Druckscheibe,TGA,"d 27,5 mm D 70,2 mm S 1mm",MAN: 81.90711.0535,
DT-MAN p491 #1,353 A,491,4.65069,Thrust washer,Druckscheibe,TGA,"d 60 mm D 80 mm S 3,65 mm",MAN: 81.35204.0020,DT_NUMBER_FROM_OCR
DT-MAN p491 #2,353 A,491,4.65054,Thrust washer,Druckscheibe,TGA,"d 60 mm D 80 mm S 3,85 mm",MAN: 81.35204.0019,DT_NUMBER_FROM_OCR
DT-MAN p491 #3,353 A,491,4.65053,Thrust washer,Druckscheibe,TGA,d 60 mm D 80 mm S 4mm,MAN: 81.35204.0018,DT_NUMBER_FROM_OCR
DT-MAN p491 #4,353 A,491,4.65051,Thrust washer,Druckscheibe,TGA,"d 76 mm D 102 mm S 2,57 mm",MAN: 81.35204.0036,DT_NUMBER_FROM_OCR
DT-MAN p492 #1,353 A,492,4.40150,Screw,Schraube,TGA/TGS/TGX,LTh 34mm Lu 40 mm SW 17 M12 12.9 GS,MAN: 81.90001.0235,
DT-MAN p492 #2,353 A,492,4.40173,Screw,Schraube,TGA,"34mm Lu 85 mm 12.9 G, GS",MAN: 81.90001.0236,
DT-MAN p492 #3,353 A,492,4.40023,Nut,Mutter,TGA/TGS/TGX,"M45 x 1,5 6 Pp",MAN: 81.90685.0311,
DT-MAN p492 #4,353 A,492,4.40035,Nut,Mutter,"TGM, TGA/TGS/TGX","M55 x 1,5 6 P",MAN: 81.90685.0303,
DT-MAN p493 #1,353 A,493,4.40148,Nut,Mutter,TGA,"M45 x 1,5 8 Pp",MAN: 81.90640.0032,
DT-MAN p494 #1,360 A,494,4.62958,Brake drum front axle,Bremstrommel Vorderachse,"TGM, TGA/TGS",D 410 mm b 23 mm P 335mm d 298 mm H 250 mm B 172 mm OO,MAN: 81.50110.0213,
DT-MAN p494 #2,360 A,494,3.62000,Brake drum rear axle,Bremstrommel Hinterachse,"TGM, TGA/TGS/TGX",D 410 mm b 23 mm P 335mm d 298 mm H 280 mm B 192 mm AK,MAN: 81.50110.0101,
DT-MAN p494 #3,360 A,494,3.62002,Brake drum front axle,Bremstrommel Vorderachse,TGA/TGS/TGX,D 410 mm b 23 mm P 335mm d 298 mm H 232 mm B 187 mm,MAN: 81.50110.0232,
DT-MAN p495 #1,360 A,495,3.62001,Brake drum rear axle,Bremstrommel Hinterachse,TGA/TGS/TGX,D 410 mm b 23 mm P 335mm d 298 mm H 300 mm B 234mm,MAN: 81.50110.0144,
DT-MAN p495 #2,360 A,495,4.91131,"Drum brake lining kit, axle kit","Trommelbremsbelagsatz, Achssatz","TGUTGM, TGA/TGS",D 410 mm W 180 mm S 17mm,MAN: 81.50221.6077,
DT-MAN p495 #3,360 A,495,4.91130,"Drum brake lining kit, axle kit - oversize","Trommelbremsbelagsatz, Achssatz - UbergroBe",TGA/TGS,"D 410 mm W 180 mm S 18,3 mm",MAN: 81.50221.6078,
DT-MAN p496 #1,360 A,496,4.91132,"Drum brake lining kit, axle kit - oversize","Trommelbremsbelagsatz, Achssatz - UbergrdBe","TGL/TGM, TGA/TGS","D 410 mm W 180 mm S 19,1 mm",MAN: 81.50221.6079,
DT-MAN p496 #2,360 A,496,4.91137,"Drum brake lining kit, axle kit","Trommelbremsbelagsatz, Achssatz","TGL, TGA/TGS/TGX",D 410 mm W 220 mm S 17mm,MAN: 81.50221.6081,
DT-MAN p496 #3,360 A,496,4.91133,"Drum brake lining kit, axle kit - oversize","Trommelbremsbelagsatz, Achssatz - UbergroBe","TGL, TGA/TGS/TGX",D 410 mm W 220 mm S 18mm,MAN: 81.50221.6102,
DT-MAN p497 #1,360 A,497,4.91134,"Drum brake lining kit, axle kit - oversize","Trommelbremsbelagsatz, Achssatz - UbergraBe","TGL, TGA/TGS/TGX","D W 220 mm S 18,8 mm",MAN: 81.50221.6103,DT_NUMBER_FROM_OCR
DT-MAN p497 #2,360 A,497,4.91136,"Drum brake lining kit, axle kit","Trommelbremsbelagsatz, Achssatz","TGM, TGA/TGS",D 410mm W 160 mm S 17 mm,MAN: 81.50221.6085,
DT-MAN p497 #3,360 A,497,4.91135,"Drum brake lining kit, axle kit - oversize","Trommelbremsbelagsatz, Achssatz - UbergroBe","TGM,",D 410mm W 160 mm S 18mm,MAN: 81.50221.6086,DT_NUMBER_FROM_OCR
DT-MAN p498 #1,360 A,498,4.91453,"Drum brake lining kit, axle kit - oversize","Trommelbremsbelagsatz, Achssatz - UbergrdBe","TGM, TGA/TGS","D 410 mm W 160 mm S 18,8 mm",MAN: 81.50221.6087,
DT-MAN p498 #2,360 A,498,4.91545,"Drum brake lining kit, axle kit","Trommelbremsbelagsatz, Achssatz",TGA,D 410 mm W 140 mm S 17mm,,
DT-MAN p498 #3,360 A,498,4.91546,"Drum brake lining kit, axle kit - oversize","Trommelbremsbelagsatz, Achssatz - UbergrdBe",TGA,D 410 mm W 140 mm S 18mm,,
DT-MAN p499 #1,360 A,499,4.91547,"Drum brake lining kit, axle kit - oversize","Trommelbremsbelagsatz, Achssatz - UbergroBe",TGA,D 410 mm W 140 mm S 19mm,,
DT-MAN p499 #2,360 A,499,4.64510,Rivet,Niete,TGA,D 8mm L 15mm,MAN: 81.92201.0107,
DT-MAN p499 #3,360 A,499,4.64511,Rivet,Niete,TGA/TGS/TGX,D 8mm L 18 mm,MAN: 81.92201.0108,
DT-MAN p499 #4,360 A,499,3.62071,Rivet,Niete,"TGM, TGA/TGS/TGX",D 8mm L 20 mm,MAN: 81.92201.0109,
DT-MAN p500 #1,360 A,500,4.62658,Brake carrier,Bremstrager,"TGL, TGA/TGS/TGX",,MAN: 81.50202.0127,
DT-MAN p500 #2,360 A,500,4.68445,Brake carrier,Bremstrager,TGA/TGS/TGX,,MAN: 81.50202.0108,
DT-MAN p500 #3,360 A,500,4.62660,Brake shoe,Bremsbacke,TGA/TGS/TGX,b 8mm W 220 mm,MAN: 81.50201.6218,
DT-MAN p501 #1,360 A,501,4.60398,"Repair kit, brake shoe","Reparatursatz, Bremsbacke",TGA/TGS/TGX,"d 22,5 mm D 52 mm H 39mm",MAN: 81.50201.6177,
DT-MAN p501 #2,360 A,501,4.50221,Brake shoe pin,Bremsbackenbolzen,"TGM, TGA/TGS/TGX",D 30mm L 102 mm,MAN: 81.50212.0036,
DT-MAN p501 #3,360 A,501,3.62240,Brake shoe pin,Bremsbackenbolzen,TGA/TGS/TGX,D 20mm L 76 mm,MAN: 81.50211.0030,
DT-MAN p501 #4,360 A,501,4.50142,Brake shoe bushing,Bremsbackenbuchse,"TGL/TGM, TGA/TGS/TGX",d 20 mm D 23 mm H 39mm,MAN: 81.93020.0645,
DT-MAN p502 #1,360 A,502,3.62202,Brake shoe bushing,Bremsbackenbuchse,"TGM, TGA/TGS/TGX","d 30 mm D 34mm H 47,5 mm",MAN: 81.93021.0311,
DT-MAN p502 #2,360 A,502,3.62230,Brake shoe roller,Bremsbackenrolle,"TGM, TGA/TGS/TGX",d 20 mm D 52mm H 39mm,MAN: 81.50213.6006,
DT-MAN p502 #3,360 A,502,3.96320,"Repair kit, brake shoe roller","Reparatursatz, Bremsbackenrolle","TGM, TGA/TGS/TGX",d 20 mm D 52mm L 76 mm H 39mm,MAN: 81.50213.6006,
DT-MAN p502 #4,360 A,502,4.61325,Locking sheet,Sicherungsblech,"TGM, TGA/TGS/TGX","L 54mm W 28 mm S 3,5mm",MAN: 81.90801.0225,
DT-MAN p503 #1,360 A,503,4.50297,Spring lock pin,Federhaltestift,"TGL (N03), TGM, TGA/TGS/TGX",D 12 mm L 72 mm,MAN: 81.50211.0018,
DT-MAN p503 #2,360 A,503,3.62359,Spring,Feder,TGA/TGS/TGX,L 245 mm,MAN: 81.97610.0265,
DT-MAN p503 #3,360 A,503,3.62355,Spring,Feder,TGA,L 241 mm,MAN: 81.97610.0271,
DT-MAN p503 #4,360 A,503,3.62353,Spring,Feder,TGA/TGS/TGX,L 240 mm,MAN: 81.97610.0115,
DT-MAN p503 #5,360 A,503,3.62358,Spring,Feder,TGA/TGS/TGX,L 243 mm,MAN: 81.97610.0317,
DT-MAN p504 #1,360 A,504,3.62251,O-ring,O-Ring,TGA,"d 30 mm S$ 4,5 mm",MAN: 06.56333.1169,
DT-MAN p505 #1,360 B,505,4.60405,"Brake camshaft, left rear axle","Bremsnockenwelle, links Hinterachse","TGM, TGA/TGS/TGX","D 42 mm 544,5 mm L2 39,5 mm L3 491,5mm 26 teeth",MAN: 81.50301.0113,
DT-MAN p505 #2,360 B,505,4.60406,"Brake camshaft, right rear axle","Bremsnockenwelle, rechts Hinterachse","TGM, TGA/TGS/TGX","D 42 mm l1 544,5 mm L2 39,5 mm L3 491,5 mm 26 teeth",MAN: 81.50301.0112,
DT-MAN p505 #3,360 B,505,3.62408,"Slack adjuster, automatic, left front axle","Gestangesteller, automatisch, links Vorderachse","TGM, TGA/TGS/TGX","b 14mm Lb 145 mm Ol 37 mm N42 x 1,5 DIN 5480 26 teeth",MAN: 81.50610.6259; HALDEX: 80178,
DT-MAN p506 #1,360 B,506,3.62409,"Slack adjuster, automatic, right front axle","Gestangesteller, automatisch, rechts Vorderachse","TGM, TGA/TGS/TGX","b 14mm Lb 145 mm Or 37 mm N42 x 1,5 DIN 5480 26 teeth",MAN: 81.50610.6260; HALDEX: 80179,
DT-MAN p506 #2,360 B,506,3.62413,"Slack adjuster, automatic, left rear axle","Gestangesteller, automatisch, links Hinterachse","TGM, TGA/TGS/TGX","b 14mm Lb 145 mm Ol 56 mm N42 x 1,5 DIN 5480 26 teeth",MAN: 81.50610.6261; HALDEX: 80180C,
DT-MAN p506 #3,360 B,506,3.62411,"Slack adjuster, automatic, right rear axle","Gestangesteller, automatisch, rechts Hinterachse","TGM, TGA/TGS/TGX","b 14mm Lb 145mm Ol 56 mm N42 x 1,5 DIN 5480 26 teeth",MAN: 81.50610.6262; HALDEX: 80181C,
DT-MAN p507 #1,360 B,507,3.62403,"Slack adjuster, automatic, left rear axle","Gestangesteller, automatisch, links Hinterachse",TGA,"b 14mm Lb 145 mm Or 56 mm N42 x 1,5 DIN 5480 26 teeth",MAN: 81.50610.6211; HALDEX: 79208C,
DT-MAN p507 #2,360 B,507,3.62402,"Slack adjuster, automatic, right rear axle","Gestangesteller, automatisch, rechts Hinterachse",TGA,"b 14mm Lb 145 mm Ol 56 mm N42 x 1,5 DIN 5480 26 teeth",MAN: 81.50610.6210; HALDEX: 79209C,
DT-MAN p507 #3,360 B,507,3.62407,"Slack adjuster, automatic, left rear axle","Gestangesteller, automatisch, links Hinterachse",TGA,"b 14mm Lb 145mm Or 56 mm N42 x 1,5 DIN 5480 26 teeth",MAN: 81.50610.6215; HALDEX: 79206C,
DT-MAN p508 #1,360 B,508,3.62406,"Slack adjuster, automatic, right rear axle","Gestangesteller, automatisch, rechts Hinterachse",TGA,"b 14mm Lb 145 mm Ol 56 mm N42 x 1,5 DIN 5480 26 teeth",MAN: 81.50610.6214; HALDEX: 79205C,
DT-MAN p508 #2,360 B,508,3.62405,"Slack adjuster, automatic, left","Gestangesteller, automatisch, links",TGA (H29),"b 14mm Lb 145 mm Ol 18mm N42 x 1,5 DIN 5480 26 teeth",MAN: 81.50610.6213; HALDEX: 79210C,
DT-MAN p508 #3,360 B,508,3.62404,"Slack adjuster, automatic, right","Gestangesteller, automatisch, rechts",TGA (H29),b 14mm Lb 145 mm Or 18mm N42 DIN 5480 26 teeth,MAN: 81.50610.6212; HALDEX: 79211C,
DT-MAN p509 #1,360 B,509,3.62414,"Slack adjuster, automatic, left rear axle","Gestangesteller, automatisch, links Hinterachse",TGA/TGS/TGX,"b 14mm Lb 145 mm Or 56 mm N42 x 1,5 DIN 5480 26 teeth",MAN: 81.50610.6263; HALDEX: 80176C,
DT-MAN p509 #2,360 B,509,3.62417,"Slack adjuster, automatic, right rear axle","Gestangesteller, automatisch, rechts Hinterachse",TGA/TGS/TGX,"b 14mm Lb 145 mm Ol 56 mm N42 x 1,5 DIN 5480 26 teeth",MAN: 81.50610.6264; HALDEX: 80177C,
DT-MAN p509 #3,360 B,509,3.62412,"Slack adjuster, automatic rear axle","Gestangesteller, automatisch Hinterachse",TGA/TGS/TGX,"b 14mm Lb 145mm Ol 56mm N42 x 1,5 DIN 5480 26 teeth",MAN: 81.50610.6266; HALDEX: 80183C,
DT-MAN p510 #1,360 B,510,4.90527,Slack adjuster kit,Gestangestellersatz,TGA,,MAN: 81.50610.6132; HALDEX: 76046,
DT-MAN p510 #2,360 B,510,4.50520,Spacer washer,Abstandscheibe,"TGM, TGA/TGS/TGX","d 44,5 mm D 61 mm S 3,5mm",MAN: 81.90713.0243,
DT-MAN p510 #3,360 B,510,3.62300,Seal ring holder rear axle,Dichtringhalter Hinterachse,"TGM, TGA/TGS/TGX","dl 43,5 mm d2 58 mm D1 47,5 mm D2 62 mm H 23,5 mm",MAN: 81.50308.0011,
DT-MAN p510 #4,360 B,510,3.62302,Oil seal,Wellendichtring,"TGM, TGA/TGS/TGX",d 42 mm D 52 mm H 5mm,MAN: 06.56279.0262,
DT-MAN p511 #1,360 B,511,4.20682,Oil seal,Wellendichtring,"TGM, TGA/TGS/TGX",d 42 mm D 55mm H 9mm,MAN: 06.56279.0297,
DT-MAN p511 #2,360 B,511,4.20683,Oil seal,Wellendichtring,"TGM, TGA/TGS/TGX",d 42 mm D 58 mm S 7mm,MAN: 06.56279.0310,
DT-MAN p511 #3,360 B,511,3.62460,Screw,Schraube,"TGM, TGA/TGS/TGX",M8,MAN: 81.91020.0318,
DT-MAN p512 #1,360 C,512,3.62062,Brake disc rear axle,Bremsscheibe Hinterachse,TGL,D 335mm P 176 mm d 154 mm H 118 mm S 34mm s 28 mm eee,MAN: 81.50803.0062,
DT-MAN p512 #2,360 C,512,3.62060,Brake disc rear axle,Bremsscheibe Hinterachse,TGL,D 335mm P 176mm d 154mm H 118 mm S 34mm Ss 26mm,MAN: 81.50803.0063,
DT-MAN p512 #3,360 C,512,3.62061,Brake disc front axle,Bremsscheibe Vorderachse,TGL,D 335 mm b 15mm P 122 mm d 90 mm H 93 mm S 34mm,MAN: 81.50803.0053,
DT-MAN p513 #1,360 C,513,3.62059,Brake disc front axle,Bremsscheibe Vorderachse,,D 335 mm b 15mm P 122 mm d 90 mm H 93 mm S 34mm,MAN: 81.50803.0042,
DT-MAN p513 #2,360 C,513,3.62052,Brake disc,Bremsscheibe,TGM,D 377mm P 195 mm d 162 mm H 128 mm S 45 mm s 37 mm ares,MAN: 81.50803.0057,
DT-MAN p513 #3,360 C,513,3.62069,Brake disc,Bremsscheibe,"TGM, TGA/TGS/TGX",D 377mm b 17mm P 144mm d 106 mm H 111 mm S 45mm be,MAN: 81.50803.0044,DT_NUMBER_FROM_OCR
DT-MAN p514 #1,360 C,514,3.62053,Brake disc front axle,Bremsscheibe Vorderachse,"TGM, TGA/TGS/TGX",D 432 mm b 19mm P 168 mm d 131mm H 130 mm S 45mm,MAN: 81.50803.0040,
DT-MAN p514 #2,360 C,514,3.62050,Brake disc rear axle,Bremsscheibe Hinterachse,"TGM, TGA/TGS/TGX",D 432 mm P 235 mm d 208 mm H 135 mm S 45mm Ss 35mm,MAN: 81.50803.0041,
DT-MAN p515 #1,360 C,515,3.62065,Brake disc front axle,Bremsscheibe Vorderachse,TGA/TGS/TGX,D 432 mm P 230 mm d 206 mm H 119 mm S 45mm s 37mm,MAN: 81.50803.0064,
DT-MAN p515 #2,360 C,515,4.90933,Disc brake pad kit,Scheibenbremsbelagsatz,TGL,W 174mm S 27mm H 84mm,MAN: 81.50820.6063,
DT-MAN p515 #3,360 C,515,3.96400,Disc brake pad kit,Scheibenbremsbelagsatz,"TGL, TGA",W 250 mm S 30 mm H 118 mm,MAN: 81.50820.6052,
DT-MAN p516 #1,360 C,516,4.90930,Disc brake pad kit,Scheibenbremsbelagsatz,"TGM, TGA/TGS/TGX",W 248 mm S 30 mm H 109 mm,MAN: 81.50820.6056,
DT-MAN p516 #2,360 C,516,3.96408,"Disc brake pad kit, without accessories","Scheibenbremsbelagsatz, ohne Zubehor",TGS/TGX,"W 217,5 mm S 30,5 mm H 107,6 mm",MAN: 81.50820.6065,
DT-MAN p516 #3,360 C,516,3.62116,"Brake caliper, remanufactured, without old core rear axle","Bremssattel, wiederaufbereitet, ohne Altteilriickgabe Hinterachse","TGM, TGA/TGS/TGX",,MAN: 81.50804.6499; KNORR: K003812 /SN7217RC,
DT-MAN p517 #1,360 C,517,3.62196,Brake caliper rear axle,Bremssattel Hinterachse,"TGM, TGA/TGS/TGX",,MAN: 81.50804.6500; KNORR: K003811 SN7207RC,
DT-MAN p517 #2,360 C,517,3.62118,"Brake caliper, remanufactured, without old core","Bremssattel, wiederaufbereitet, ohne Altteilriickgabe","TGM, TGA/TGS/TGX",,MAN: 81.50804.6409; KNORR: K003816 SN7219RC,
DT-MAN p517 #3,360 C,517,3.62119,Brake caliper,Bremssattel,"TGM, TGA/TGS/TGX",,MAN: 81.50804.6410; KNORR: K003815 SN7209RC,
DT-MAN p518 #1,360 C,518,3.62186,"Brake caliper, remanufactured, without old core","Bremssattel, wiederaufbereitet, ohne Altteilriickgabe","TGM, TGA/TGS/TGX",,MAN: 81.50804.6655,
DT-MAN p518 #2,360 C,518,3.62195,Brake caliper,Bremssattel,TGA,,MAN: 81.50804.6322; MERITOR: LRG639,
DT-MAN p518 #3,360 C,518,3.62102,"Brake caliper, left","Bremssattel, links",TGA/TGS/TGX,,MAN: 81.50804.6319; MERITOR: LRG544,
DT-MAN p519 #1,360 C,519,3.62103,"Brake caliper, right","Bremssattel, rechts",TGA/TGS/TGX,,MAN: 81.50804.6320; MERITOR: LRG5S45,
DT-MAN p519 #2,360 C,519,3.62113,"Brake caliper, left","Bremssattel, links",TGA/TGS/TGX,,MAN: 81.50804.6271,
DT-MAN p519 #3,360 C,519,3.62112,"Brake caliper, right","Bremssattel, rechts",TGA/TGS/TGX,,MAN: 81.50804.6270; MERITOR: LRG587,
DT-MAN p520 #1,360 C,520,3.62194,Brake caliper,Bremssattel,TGA/TGS/TGX,,MAN: 81.50804.6043; MERITOR: LRG588,
DT-MAN p520 #2,360 C,520,3.62120,Brake caliper,Bremssattel,TGA/TGS/TGX,,MAN: 81.50804.6042; MERITOR: LRG589,
DT-MAN p520 #3,360 C,520,3.62117,Brake caliper,Bremssattel,"TGA/TGS, TGX (30X)",,MAN: 81.50804.6321; MERITOR: LRG638,
DT-MAN p521 #1,360 C,521,1.18786,Brake caliper,Bremssattel,TGA/TGX,,MAN: 81.50804.6454; KNORR: K003803 SN7203RC,
DT-MAN p521 #2,360 C,521,1.18787,Brake caliper,Bremssattel,TGA/TGX,,MAN: 81.50804.6453; KNORR: K003804 SN7213RC,
DT-MAN p521 #3,360 C,521,3.96473,"Repair kit, brake caliper","Reparatursatz, Bremssattel","TGL/TGM, TGA/TGS/TGX",,MAN: 81.50822.6024; KNORR: K000945,
DT-MAN p522 #1,360 C,522,3.96464,"Repair kit, brake caliper","Reparatursatz, Bremssattel","TGL, TGA/TGS/TGX",,MAN: 81.50802.6025; MERITOR: MCK1243,
DT-MAN p522 #2,360 C,522,2.94079,"Repair kit, brake caliper","Reparatursatz, Bremssattel","TGL, TGA/TGS/TGX",,MAN: 81.50802.6024; MERITOR: MCK1139,
DT-MAN p522 #3,360 C,522,3.96474,"Repair kit, brake caliper","Reparatursatz, Bremssattel","TGM, TGA/TGS/TGX",,MAN: 81.50822.6037; KNORR: K001915,
DT-MAN p522 #4,360 C,522,3.96472,"Repair kit, brake caliper","Reparatursatz, Bremssattel","TGM, TGA/TGS/TGX",D 65 mm,MAN: 81.50822.6031; KNORR: K010603,
DT-MAN p523 #1,360 C,523,3.96470,"Repair kit, brake caliper","Reparatursatz, Bremssattel",TGA,,MAN: 81.50822.6023; KNORR: K067417,
DT-MAN p523 #2,360 C,523,4.91120,"Repair kit, brake caliper","Reparatursatz, Bremssattel",TGA,D 68 mm,MAN: 81.50822.6022; KNORR: K010604,
DT-MAN p523 #3,360 C,523,3.96475,"Repair kit, brake caliper","Reparatursatz, Bremssattel",TGA/TGS/TGX,,MAN: 81.50802.6022; MERITOR: MCK1103,
DT-MAN p523 #4,360 C,523,3.96467,"Repair kit, brake caliper","Reparatursatz, Bremssattel",TGA/TGS/TGX,,MAN: 81.50802.6021; MERITOR: MCK1102,
DT-MAN p524 #1,360 C,524,3.96466,"Repair kit, brake caliper","Reparatursatz, Bremssattel",TGA/TGS/TGX,,MAN: 81.50802.6016,
DT-MAN p524 #2,360 C,524,3.96491,Bracket,Haltebiigel,"TGL, TGA/TGS/TGX",,MAN: 81.50822.0014; MERITOR: MCK1174,
DT-MAN p524 #3,360 C,524,3.96465,Brake carrier,Bremstrager,"TGL, TGA/TGS/TGX",,MAN: 81.50802.6023; MERITOR: MCK1138,
DT-MAN p524 #4,360 C,524,3.96468,Brake carrier,Bremstrager,TGA/TGS/TGX,,MAN: 81.50802.6015; MERITOR: BDA445,
DT-MAN p525 #1,360 C,525,3.96476,Wear indicator,VerschleiBanzeiger,TGL,,MAN: 81.50822.6018,
DT-MAN p525 #2,360 C,525,3.96450,Wear indicator,VerschleiBanzeiger,TGA,L 342 mm,MAN: 81.50822.6016,
DT-MAN p525 #3,360 C,525,3.96452,Wear indicator,VerschleiBanzeiger,TGA,L 362 mm,MAN: 81.50822.6017,
DT-MAN p525 #4,360 C,525,3.62150,Wear indicator,VerschleiBanzeiger,TGA,"L 1750 mm Code B, black",MAN: 81.25937.6041,
DT-MAN p526 #1,360 C,526,3.62156,Wear indicator,VerschleiBanzeiger,TGA,"L 1750 mm Code C, green",MAN: 81.25937.6042,
DT-MAN p526 #2,360 C,526,3.62157,Wear indicator,VerschleiBanzeiger,TGA,"L 1750 mm Code A, grey",MAN: 81.25937.6043,
DT-MAN p526 #3,360 C,526,3.62158,Wear indicator,VerschleiBanzeiger,TGA,"L 1750 mm Code E, orange",MAN: 81.25937.6044,
DT-MAN p526 #4,360 C,526,3.62154,Wear indicator,VerschleiBanzeiger,TGA,L 2150 mm “=a,MAN: 81.25937.6040,
DT-MAN p527 #1,390 A,527,3.59156,Propeller shaft,Gelenkwelle,"TGL, TGA/TGS",L 1560 mm,MAN: 81.39324.6156,
DT-MAN p527 #2,390 A,527,3.59150,Propeller shaft,Gelenkwelle,"TGM, TGA/TGS/TSX",L 700 mm,MAN: 81.39324.6070,
DT-MAN p527 #3,390 A,527,3.59152,Propeller shaft,Gelenkwelle,TGA/TGS,L 500 mm,MAN: 81.39325.6050,
DT-MAN p527 #4,390 A,527,3.59151,Propeller shaft,Gelenkwelle,TGA/TGS,L 580 mm,MAN: 81.39325.6058,
DT-MAN p528 #1,390 A,528,3.59154,Propeller shaft,Gelenkwelle,TGA/TGS/TGX,L 680 mm,MAN: 81.39324.6068,
DT-MAN p528 #2,390 A,528,3.59157,Propeller shaft,Gelenkwelle,TGA/TGS/TGX,L 1720 mm,MAN: 81.39325.6172,
DT-MAN p528 #3,390 A,528,3.59207,Propeller shaft,Gelenkzwischenwelle,TGA/TGS,L 1230 mm,MAN: 81.39392.6037,
DT-MAN p528 #4,390 A,528,3.59200,Propeller shaft,Gelenkzwischenwelle,TGA/TGS/TGX,L 2190 mm,MAN: 81.39333.6208,
DT-MAN p529 #1,390 A,529,3.59201,Propeller shaft,Gelenkzwischenwelle,TGA/TGS/TGX,L 1896 mm,MAN: 81.39335.6178,
DT-MAN p529 #2,390 A,529,3.59202,Propeller shaft,Gelenkzwischenwelle,TGA/TGS/TGX,L 2196 mm,MAN: 81.39335.6208,
DT-MAN p529 #3,390 A,529,3.59203,Propeller shaft,Gelenkzwischenwelle,TGA/TGS/TGX,L 810 mm,MAN: 81.39383.6074,
DT-MAN p530 #1,390 A,530,3.59204,Propeller shaft,Gelenkzwischenwelle,TGA/TGS/TGX,L 920 mm,MAN: 81.39383.6085,
DT-MAN p530 #2,390 A,530,3.59205,Propeller shaft,Gelenkzwischenwelle,TGA/TGS/TGX,L 810 mm,MAN: 81.39385.6074,
DT-MAN p530 #3,390 A,530,3.59206,Propeller shaft,Gelenkzwischenwelle,TGA/TGS/TGX,L 920 mm,MAN: 81.39385.6085,
DT-MAN p531 #1,390 A,531,3.63304,Constant velocity joint,Doppelgelenkwelle,"TGM, TGA/TGS",,MAN: 81.36402.6509,
DT-MAN p531 #2,390 A,531,3.63305,Constant velocity joint,Doppelgelenkwelle,"TGM, TGA/TGS",,MAN: 81.36402.6511,
DT-MAN p531 #3,390 A,531,3.63300,Constant velocity joint,Doppelgelenkwelle,TGA,,MAN: 81.36402.6322,
DT-MAN p532 #1,390 A,532,3.63301,Constant velocity joint,Doppelgelenkwelle,TGA,,MAN: 81.36402.6323,
DT-MAN p532 #2,390 A,532,3.63302,Constant velocity joint,Doppelgelenkwelle,TGA,,MAN: 81.36402.6328,
DT-MAN p532 #3,390 A,532,3.63303,Constant velocity joint,Doppelgelenkwelle,TGA/TGS,,MAN: 81.36402.6508,
DT-MAN p533 #1,390 A,533,3.59009,Joint cross,Zapfenkreuz,"TGL/TGM, TGA/TGS/TGX","D 47,6 mm L 135mm",MAN: 81.99917.8469,
DT-MAN p533 #2,390 A,533,4.60390,Joint cross,Zapfenkreuz,"TGM, TGA/TGS/TGX","D 57mm L 152,5 mm",MAN: 81.39374.6003,
DT-MAN p533 #3,390 A,533,3.59109,Center bearing,Mittellager,"TGUTGM, TGA/TGS",d 75 mm,MAN: 81.39410.6021,
DT-MAN p533 #4,390 A,533,3.59100,Center bearing,Mittellager,"TGU/TGM, TGA/TGS/TGX",d 65 mm,MAN: 81.39410.6019,
DT-MAN p534 #1,390 A,534,3.59103,Center bearing,Mittellager,"TGL/TGM, TGA/TGS/TGX",d 75mm,MAN: 81.39410.6032,
DT-MAN p534 #2,390 A,534,3.59107,Center bearing,Mittellager,"TGL/TGM, TGA/TGS/TGX",d 85 mm,MAN: 81.39410.6034,
DT-MAN p534 #3,390 A,534,3.59105,Center bearing,Mittellager,TGA,d 75mm,MAN: 81.39410.6020,
DT-MAN p534 #4,390 A,534,3.59106,Center bearing,Mittellager,TGA,d 75mm,MAN: 81.39410.6037,
DT-MAN p535 #1,390 A,535,3.60220,"Bushing, propeller shaft","Buchse, Gelenkwelle","TGM, TGA/TGS",d 45 mm D 50 mm H 55mm,MAN: 81.36404.2001,
DT-MAN p536 #1,412 A,536,3.80171,Bumper,StoBstange,TGL/TGM,,MAN: 81.41610.0359,
DT-MAN p536 #2,412 A,536,3.80104,"Bumper, primed","StoBstange, grundiert",TGA,,MAN: 81.41610.0305,
DT-MAN p536 #3,412 A,536,3.80009,"Bumper, plastic","StoBstange, Kunststoff",TGA,,MAN: 81.41610.0308,
DT-MAN p536 #4,412 A,536,3.80007,"Bumper, plastic, primed","StoBstange, Kunststoff, grundiert",TGA,,MAN: 81.41610.0307,
DT-MAN p537 #1,412 A,537,3.80003,"Bumper, black","StoBstange, schwarz",TGA,,MAN: 81.41610.0306,
DT-MAN p537 #2,412 A,537,3.80019,"Bumper, primed","StoBstange, grundiert",TGS,,MAN: 81.41610.0362,
DT-MAN p537 #3,412 A,537,3.80015,"Bumper, plastic","StoBstange, Kunststoff",TGS,,MAN: 81.41610.0408,
DT-MAN p537 #4,412 A,537,3.80018,"Bumper, plastic, grey","StoBstange, Kunststoff, grau",TGS,,MAN: 81.41610.0397,
DT-MAN p538 #1,412 A,538,3.80468,Bumper,StoBstange,TGS,,MAN: 81.41610.0403,
DT-MAN p538 #2,412 A,538,3.80469,Bumper,StoBstange,TGS,,MAN: 81.41610.0566,
DT-MAN p538 #3,412 A,538,3.80016,"Bumper, plastic, white primed","StoBstange, Kunststoff, wei grundiert",TGS/TGX,,MAN: 81.41610.0364,
DT-MAN p538 #4,412 A,538,3.80014,Bumper,StoBstange,TGX,,MAN: 81.41610.0363,
DT-MAN p539 #1,412 A,539,3.80017,"Bumper, plastic, white primed","StoBstange, Kunststoff, wei8 grundiert",TGX,,MAN: 81.41610.0402,
DT-MAN p539 #2,412 A,539,3.80172,"Bumper corner, left","StoBstangenecke, links",TGA/TGS/TGX,,MAN: 81.41610.5609,
DT-MAN p539 #3,412 A,539,3.80173,"Bumper corner, right","StoBstangenecke, rechts",TGA/TGS/TGX,,MAN: 81.41610.5610,
DT-MAN p540 #1,412 A,540,3.80146,"Bumper corner, left","StoBstangenecke, links",TGS,,MAN: 81.41610.6765,
DT-MAN p540 #2,412 A,540,3.80147,"Bumper corner, right","StoBstangenecke, rechts",TGS,,MAN: 81.41610.6766,
DT-MAN p540 #3,412 A,540,3.80143,"Bumper corner, left","StoBstangenecke, links",TGX,,MAN: 81.41610.6755,
DT-MAN p541 #1,412 A,541,3.80144,"Bumper corner, right","StoBstangenecke, rechts",TGX,,MAN: 81.41610.6754,
DT-MAN p541 #2,412 A,541,3.80073,Bumper cover,StoBstangenabdeckung,TGA/TGS/TGX,,MAN: 81.41685.0044,
DT-MAN p541 #3,412 A,541,3.80026,"Bumper cover, left","StoBstangenabdeckung, links",TGA,,MAN: 81.41610.0227,
DT-MAN p541 #4,412 A,541,3.80027,"Bumper cover, right","StoBstangenabdeckung, rechts",TGA,,MAN: 81.41610.0228,
DT-MAN p542 #1,412 A,542,3.80030,"Bumper cover, left","StoBstangenabdeckung, links",TGA,,MAN: 81.41610.0225,
DT-MAN p542 #2,412 A,542,3.80031,"Bumper cover, right","StoBstangenabdeckung, rechts",TGA,,MAN: 81.41610.0226,
DT-MAN p542 #3,412 A,542,3.80034,"Bumper cover, left","StoBstangenabdeckung, links",TGS,,MAN: 81.41614.0023,
DT-MAN p542 #4,412 A,542,3.80035,"Bumper cover, right","StoBstangenabdeckung, rechts",TGS,,MAN: 81.41614.0024,
DT-MAN p543 #1,412 A,543,3.80036,"Bumper cover, left","StoBstangenabdeckung, links","TGS (70S), TGX",,MAN: 81.41614.0025,
DT-MAN p543 #2,412 A,543,3.80037,"Bumper cover, right","StoBstangenabdeckung, rechts","TGS (70S), TGX",,MAN: 81.41614.0026,
DT-MAN p543 #3,412 A,543,3.80065,"Bumper end panel, left","StoBstangenabschlussblende, links",TGL/TGM,7,MAN: 81.41610.0333,
DT-MAN p544 #1,412 A,544,3.80066,"Bumper end panel, right","StoBstangenabschlussblende, rechts",TGL/TGM,,MAN: 81.41610.0334,
DT-MAN p544 #2,412 A,544,3.80067,"Bumper end panel, left","StoBstangenabschlussblende, links",TGUTGM,,MAN: 81.41610.0373,
DT-MAN p544 #3,412 A,544,3.80068,"Bumper end panel, right","StoBstangenabschlussblende, rechts",,,MAN: 81.41610.0374,
DT-MAN p545 #1,412 A,545,3.80057,"Bumper end panel, left","StoBstangenabschlussblende, links",TGA,,MAN: 81.41610.0229,
DT-MAN p545 #2,412 A,545,3.80058,"Bumper end panel, right","StoBstangenabschlussblende, rechts",TGA,,MAN: 81.41610.0230,
DT-MAN p545 #3,412 A,545,3.80184,"Bumper end panel, left","StoBstangenabschlussblende, links",TGA/TGS/TGX,,MAN: 81.41610.0231,
DT-MAN p546 #1,412 A,546,3.80185,"Bumper end panel, right","StoBstangenabschlussblende, rechts",TGA/TGS/TGX,,MAN: 81.41610.0232,
DT-MAN p546 #2,412 A,546,3.80180,"Bumper end panel, left","StoBstangenabschlussblende, links",TGS,,MAN: 81.41610.0367,
DT-MAN p546 #3,412 A,546,3.80181,"Bumper end panel, right","StoBstangenabschlussblende, rechts",TGS,,MAN: 81.41610.0368,
DT-MAN p547 #1,412 A,547,3.80056,"Bumper end panel, left","StoBstangenabschlussblende, links",TGS/TGX,,MAN: 81.41610.0369,
DT-MAN p547 #2,412 A,547,3.80055,"Bumper end panel, right","StoBstangenabschlussblende, rechts",TGS/TGX,,MAN: 81.41610.0370,
DT-MAN p547 #3,412 A,547,3.80145,"Cover, bumper","Abdeckung, StoBstange","TGS (70S), TGX",,MAN: 81.41614.4000,
DT-MAN p548 #1,412 A,548,3.80140,"Cover, bumper","Abdeckung, StoBstange",TGS/TGX,,MAN: 81.41614.0041,
DT-MAN p548 #2,412 A,548,3.80114,"Cover, bumper, left","Blende, StoBstange, links",TGS,,MAN: 81.41685.0095,
DT-MAN p548 #3,412 A,548,3.80115,"Cover, bumper, right","Blende, StoBstange, rechts",TGS,,MAN: 81.41685.0094,
DT-MAN p548 #4,412 A,548,3.80116,"Cover, bumper, left","Blende, StoBstange, links",TGX,,MAN: 81.41685.0097,
DT-MAN p549 #1,412 A,549,3.80117,"Cover, bumper, right","Blende, StoBstange, rechts",TGX,,MAN: 81.41685.0096,
DT-MAN p549 #2,412 A,549,3.80150,"Bumper bracket, left","StoBstangenhalter, links","TGS (70S), TGX",,MAN: 81.41614.6003,
DT-MAN p549 #3,412 A,549,3.80151,"Bumper bracket, right","StoBstangenhalter, rechts","TGS (70S), TGX",,MAN: 81.41614.6004,
DT-MAN p549 #4,412 A,549,3.80160,"Drain plug, bumper","Verschlussstopfen, StoBstange",TGA,,MAN: 81.96002.0491,
DT-MAN p550 #1,412 A,550,3.80441,"Cover, bumper","Abdeckung, StoBstange",TGL/TGM,,MAN: 81.41685.0059,
DT-MAN p550 #2,412 A,550,3.80440,"Cover, bumper","Abdeckung, StoBstange","TGUTGM, TGA/TGS/TGX",,MAN: 81.41685.0029,
DT-MAN p550 #3,412 A,550,3.80118,"Cover, bumper","Abdeckung, StoBstange",TGA,,MAN: 81.41685.0040,
DT-MAN p550 #4,412 A,550,3.80119,"Cover, bumper","Abdeckung, StoBstange",TGA,,MAN: 81.41685.0031,
DT-MAN p550 #5,412 A,550,3.80111,"Cover, bumper, left","Abdeckung, StoBstange, links","TGS (70S), TGX",,MAN: 81.41685.0071,
DT-MAN p551 #1,412 A,551,3.80110,"Cover, Bumper, right","Abdeckung, StoBstange, rechts","TGS (70S), TGX",,MAN: 81.41685.0072,
DT-MAN p551 #2,412 A,551,3.80112,"Cover, bumper, left","Abdeckung, StoBstange, links","TGS (70S), TGX",,MAN: 81.41685.0065,
DT-MAN p551 #3,412 A,551,3.80113,"Cover, bumper, right","Abdeckung, StoBstange, rechts","TGS (70S), TGX",,MAN: 81.41685.0114,
DT-MAN p551 #4,412 A,551,3.80134,"Step plate, bumper, lower","Trittplatte, StoBstange, unten","TGL/TGM, TGA/TGS/TGX",,MAN: 81.41610.2900,
DT-MAN p551 #5,412 A,551,3.80132,"Step plate, bumper, short","Trittplatte, StoBstange, kurz",TGA,,MAN: 81.41610.2881,
DT-MAN p552 #1,412 A,552,3.80133,"Step plate, bumper, long","Trittplatte, StoBstange, lang",TGA,,MAN: 81.41610.2882,
DT-MAN p552 #2,412 A,552,3.80130,"Step plate, bumper, upper","Trittplatte, StoBstange, oben",TGS/TGX,,MAN: 81.41614.2184,
DT-MAN p552 #3,412 A,552,3.80131,"Step plate, bumper, lower","Trittplatte, StoBstange, unten",TGS/TGX,,MAN: 81.41614.2183,
DT-MAN p552 #4,412 A,552,3.81160,Pipe bracket,Rohrhalter,"TGL/TGM, TGA/TGS/TGX",D 25mm,MAN: 81.06201.0018,
DT-MAN p553 #1,430 A,553,3.65320,"Leaf spring, front","Blattfeder, vorne",TGA/TGS,3x25,MAN: 81.43402.6293,
DT-MAN p553 #2,430 A,553,3.65303,"Leaf spring, front","Blattfeder, vorne",TGA/TGS/TGX,3x26,MAN: 81.43402.6217,
DT-MAN p553 #3,430 A,553,3.66108,U-bolt,U-Bolzen,Universal,"r 18,5 mm R 152 mm LTh 113 mm L 210 mm w 93 mm M20 x2",MAN: 06.46113.0210,
DT-MAN p553 #4,430 A,553,3.66200,Nut,Mutter,"TGM, TGA/TGS/TGX",Sw 27 M18 x2 10,MAN: 06.11289.0003,
DT-MAN p553 #5,430 A,553,3.66203,Nut,Mutter,"TGM, TGA/TGS/TGX",sw 30 M20 x2 10,MAN: 06.11289.0004,
DT-MAN p554 #1,430 A,554,3.65221,Buffer stop,Anschlagpuffer,TGL,"d 13mm D 68 mm H 72,7 mm",MAN: 85.96210.0038,
DT-MAN p554 #2,430 A,554,3.65222,Buffer stop,Anschlagpuffer,TGM,"d 20 mm D1 84 mm D2 92,5 mm H 96,8 mm",MAN: 85.96210.0039,
DT-MAN p554 #3,430 A,554,3.65217,Buffer stop,Anschlagpuffer,TGA/TGS,"D1 100 mm D2 120 mm H 85 mm M12 x 1,5",MAN: 81.96210.0540,
DT-MAN p554 #4,430 A,554,3.65219,Buffer stop,Anschlagpuffer,TGA/TGS/TGX,D 120 mm H 85 mm,MAN: 81.96210.0552,
DT-MAN p555 #1,430 A,555,3.65200,Rubber buffer,Gummipuffer,TGA/TGS/TGX,d 19mm D 96 mm L 96 mm,MAN: 81.96020.6006,
DT-MAN p555 #2,430 A,555,3.65110,Spring bushing,Federbuchse,TGL,d 18mm D 61 mm L 86 mm,MAN: 85.43722.0010,
DT-MAN p555 #3,430 A,555,3.65114,Spring bushing,Federbuchse,"TGL (N02), TGM",d 20 mm D 62 mm L 95 mm,MAN: 81.43722.0092,
DT-MAN p555 #4,430 A,555,3.65111,Spring bushing,Federbuchse,TGM,d 20 mm D 57mm L 86 mm,MAN: 85.43722.0011,
DT-MAN p556 #1,430 A,556,3.65106,Spring bushing,Federbuchse,TGM (N62),d 16mm D1 50 mm D2 55mm L 95 mm,MAN: 81.96020.0231,
DT-MAN p556 #2,430 A,556,3.65107,Spring bushing,Federbuchse,TGA/TGS/TGX,d 24mm D 65 mm L 95 mm,MAN: 81.43722.0070,
DT-MAN p556 #3,430 A,556,3.65109,Spring bushing,Federbuchse,TGA/TGS/TGX,d 24mm D 62 mm L 95 mm,MAN: 81.43722.0091,
DT-MAN p556 #4,430 A,556,3.83517,Spring bushing,Federbuchse,TGA/TGS/TGX,d 24mm D 65 mm L 100 mm,MAN: 81.43722.0087,
DT-MAN p557 #1,430 B,557,3.65327,Leaf spring,Blattfeder,TGM,,MAN: 85.43402.6041,
DT-MAN p557 #2,430 B,557,3.65330,Leaf spring,Blattfeder,TGA,16x18,MAN: 81.43402.6548,
DT-MAN p557 #3,430 B,557,3.65306,Leaf spring,Blattfeder,TGA,,MAN: 81.43494.0769,
DT-MAN p557 #4,430 B,557,3.65308,Leaf spring,Blattfeder,TGA,,MAN: 81.43494.0771,
DT-MAN p557 #5,430 B,557,3.65309,Leaf spring,Blattfeder,TGA,,MAN: 81.43494.0071,
DT-MAN p558 #1,430 B,558,3.65322,Leaf spring,Blattfeder,TGA/TGS/TGX,,MAN: 81.43402.6734,
DT-MAN p558 #2,430 B,558,3.65323,Leaf spring,Blattfeder,TGA/TGS/TGX,,MAN: 81.43402.6734,
DT-MAN p558 #3,430 B,558,3.65324,Leaf spring,Blattfeder,TGA/TGS/TGX,,MAN: 81.43402.6734,
DT-MAN p558 #4,430 B,558,3.65325,Leaf spring,Blattfeder,TGA/TGS/TGX,,MAN: 81.43402.6734,
DT-MAN p558 #5,430 B,558,3.65326,Leaf spring,Blattfeder,TGA/TGS/TGX,,MAN: 81.43402.6734,
DT-MAN p559 #1,430 B,559,3.65302,Leaf spring,Blattfeder,TGA/TGS/TGX,3x31 2x35,MAN: 81.43402.6734,
DT-MAN p559 #2,430 B,559,3.65304,Leaf spring,Blattfeder,"TGA/TGS, TGX (26X)",,MAN: 81.43494.0855,
DT-MAN p559 #3,430 B,559,3.65305,Leaf spring,Blattfeder,TGX (26X),,MAN: 81.43494.0828,
DT-MAN p559 #4,430 B,559,3.66110,U-bolt,U-Bolzen,Universal,"r 31mm R 148 mm LTh 123 mm L 390 mm w 102,5 mm",MAN: 06.46115.0390,
DT-MAN p559 #5,430 B,559,3.66202,Nut,Mutter,TGA,sw M27 x2 10,MAN: 81.45503.0037,
DT-MAN p560 #1,430 B,560,3.65211,Buffer stop,Anschlagpuffer,TGM,L 86 mm W 70 mm H 96 mm,MAN: 81.96210.0361,
DT-MAN p560 #2,430 B,560,3.65215,Buffer stop,Anschlagpuffer,"TGM (N48), TGA/TGS/TGX",L 170 mm W 78 mm H 42 mm,MAN: 81.96210.0379,
DT-MAN p560 #3,430 B,560,3.65204,Hollow spring,Hohlfeder,TGA,,MAN: 81.96210.0550,
DT-MAN p560 #4,430 B,560,3.65112,Spring bushing,Federbuchse,"TGL, TGA",d 18mm D 57mm L 86 mm,MAN: 85.43722.0009,
DT-MAN p561 #1,430 C,561,3.66630,Shock absorber,StoBdampfer,TGL,,MAN: 81.43702.6000,
DT-MAN p561 #2,430 C,561,3.66634,Shock absorber,StoBdampfer,TGL,,MAN: 85.43701.6007,
DT-MAN p561 #3,430 C,561,3.66638,Shock absorber,StoBdampfer,TGL,,MAN: 85.43701.6028,
DT-MAN p561 #4,430 C,561,3.66633,Shock absorber,StoBdampfer,TGL,,MAN: 85.43701.6006; SACHS: 311 891,
DT-MAN p562 #1,430 C,562,3.66532,"Shock absorber front axle, leaf suspension","StoBdampfer Vorderachse, Blattfederung",TGM,,MAN: 85.43701.6014; SACHS: 313 745,
DT-MAN p562 #2,430 C,562,3.66533,"Shock absorber rear axle, leaf suspension","StoBdampfer Hinterachse, Blattfederung",TGM,,MAN: 85.43701.6015,
DT-MAN p562 #3,430 C,562,3.66585,"Shock absorber rear Axle, air suspension","StoBdampfer Hinterachse, Luftfederung",TGM,,MAN: 81.43702.6029,
DT-MAN p563 #1,430 C,563,3.66608,Shock absorber,StoBdampfer,"TGM, TGA/TGS",,MAN: 81.43702.6007,
DT-MAN p563 #2,430 C,563,3.66606,Shock absorber,StoBdampfer,"TGM, TGA/TGS/TGX",,MAN: 81.43702.6116,
DT-MAN p563 #3,430 C,563,3.66584,"Shock absorber tandem axle, leaf suspension","StoBdampfer Doppelachse, Blattfederung","TGM, TGA/TGS/TGX",,MAN: 81.43701.6868; SACHS: 280 937,
DT-MAN p563 #4,430 C,563,3.66642,Shock absorber,StoBdampfer,TGA,,MAN: 81.43702.6017,
DT-MAN p564 #1,430 C,564,3.66547,"Shock absorber rear axle, air suspension","StoBdampfer Hinterachse, Luftfederung",TGA,,MAN: 81.43701.6128; SACHS: 101 985,
DT-MAN p564 #2,430 C,564,3.66513,"Shock absorber trailing axle, air suspension","StoBdampfer Nachlaufachse, Luftfederung",TGA,,MAN: 81.43701.6605; SACHS: 112 854,
DT-MAN p564 #3,430 C,564,3.66528,"Shock absorber front axle, parabolic spring","StoBdampfer Vorderachse, Parabelfeder",TGA,,MAN: 81.43701.6902; SACHS: 131 750,
DT-MAN p565 #1,430 C,565,3.66637,Shock absorber,StoBdampfer,TGA,,MAN: 81.43701.6989; SACHS: 311 484,
DT-MAN p565 #2,430 C,565,3.66511,Shock absorber air suspension,StoBdampfer Luftfederung,TGA (H29),,MAN: 81.43701.6827; SACHS: 125 149,
DT-MAN p565 #3,430 C,565,3.66507,Shock absorber rear axle,StoBdampfer Hinterachse,TGA/TGS,,MAN: 81.43701.6903,
DT-MAN p566 #1,430 C,566,3.66508,Shock absorber rear axle,StoBdampfer Hinterachse,TGA/TGS,,MAN: 81.43701.6974,
DT-MAN p566 #2,430 C,566,3.66554,"Shock absorber front axle, leaf suspension","StoBdampfer Vorderachse, Blattfederung",TGA/TGS,,MAN: 81.43701.6992; SACHS: 311 488,
DT-MAN p566 #3,430 C,566,3.66616,Shock absorber,StoBdampfer,TGA/TGS,,MAN: 81.43702.6071; SACHS: 315 006,
DT-MAN p566 #4,430 C,566,3.66617,Shock absorber,StoBdampfer,TGA/TGS,,MAN: 81.43702.6059; SACHS: 315 007,
DT-MAN p567 #1,430 C,567,3.66551,"Shock absorber rear axle, parabolic spring","StoBdampfer Hinterachse, Parabelfeder",TGA/TGS,,MAN: 81.43702.6031; SACHS: 316 501,
DT-MAN p567 #2,430 C,567,3.66588,"Shock absorber rear axle, leaf suspension","StoBdampfer Hinterachse, Blattfederung",TGX (26x),,MAN: 81.43701.6934; SACHS: 300 001,
DT-MAN p567 #3,430 C,567,3.66625,Shock absorber,StoBdampfer,TGA/TGS/TGX,,MAN: 81.43702.6099,
DT-MAN p567 #4,430 C,567,3.66647,Shock absorber,StoBdampfer,TGA/TGS/TGX,,MAN: 81.43702.6109,
DT-MAN p568 #1,430 C,568,3.66519,"Shock absorber rear axle, air suspension","StoBdampfer Hinterachse, Luftfederung",TGA/TGS/TGX,,MAN: 81.43701.6796; SACHS: 131 478,
DT-MAN p568 #2,430 C,568,3.66514,"Shock absorber trailing axle, air suspension","StoBdampfer Nachlaufachse, Luftfederung",TGA/TGS/TGX,,MAN: 81.43701.6911; SACHS: 280 931,
DT-MAN p568 #3,430 C,568,3.66505,"Shock absorber front axle, leaf suspension","StoBdampfer Vorderachse, Blattfederung",TGA/TGS/TGX,,MAN: 81.43701.6948; SACHS: 280 935,
DT-MAN p569 #1,430 C,569,3.66529,"Shock absorber 2. rear axle, leaf suspension","StoBdampfer 2. Hinterachse, Blattfederung",TGA/TGS/TGX,,MAN: 81.43701.6926; SACHS: 280 938,
DT-MAN p569 #2,430 C,569,3.66587,Shock absorber air suspension,StoBdampfer Luftfederung,TGA/TGS/TGX,,MAN: 81.43701.6973; SACHS: 300 002,
DT-MAN p569 #3,430 C,569,3.66527,"Shock absorber rear axle, air suspension heavy duty","StoBdampfer Hinterachse, Luftfederung Schwerlast",TGA/TGS/TGX,,MAN: 81.43702.6037; SACHS: 310 626,
DT-MAN p570 #1,430 C,570,3.66531,"Shock absorber trailing axle, air suspension","StoBdampfer Nachlaufachse, Luftfederung",TGA/TGS/TGX,,MAN: 81.43702.6119; SACHS: 310 627,
DT-MAN p570 #2,430 C,570,3.66515,"Shock absorber front axle, leaf suspension","StoBdampfer Vorderachse, Blattfederung",TGA/TGS/TGX,,MAN: 81.43701.6991; SACHS: 310 628,
DT-MAN p570 #3,430 C,570,3.66539,"Shock absorber rear axle, air suspension","StoBdampfer Hinterachse, Luftfederung",TGA/TGS/TGX,,MAN: 81.43701.6950; SACHS: 310 629,
DT-MAN p571 #1,430 C,571,3.66535,"Shock absorber front axle, leaf suspension","StoBdampfer Vorderachse, Blattfederung",TGA/TGS/TGX,,MAN: 81.43702.6077; SACHS: 311 478,
DT-MAN p571 #2,430 C,571,3.66536,"Shock absorber front axle, leaf suspension","StoBdampfer Vorderachse, Blattfederung",TGA/TGS/TGX,,MAN: 81.43702.6078; SACHS: 311 479,
DT-MAN p571 #3,430 C,571,3.66537,"Shock absorber front axle, leaf suspension","StoBdampfer Vorderachse, Blattfederung",TGA/TGS/TGX,,MAN: 81.43702.6076; SACHS: 311 480,
DT-MAN p572 #1,430 C,572,3.66610,"Shock absorber trailing axle, air suspension","StoBdampfer Nachlaufachse, Luftfederung",TGA/TGS/TGX,,MAN: 81.43701.6945; SACHS: 311 483,DT_NUMBER_FROM_OCR
DT-MAN p572 #2,430 C,572,3.66640,Shock absorber,StoBdampfer,TGA/TGS/TGX,,MAN: 81.43701.6995; SACHS: 311 487,
DT-MAN p572 #3,430 C,572,3.66639,Shock absorber,StoBdampfer,TGA/TGS/TGX,,MAN: 81.43702.6114; SACHS: 312 875,
DT-MAN p572 #4,430 C,572,3.66594,"Shock absorber rear axle, leaf suspension","StoBdampfer Hinterachse, Blattfederung",TGA/TGS/TGX,,MAN: 81.43702.6070; SACHS: 314 057,DT_NUMBER_FROM_OCR
DT-MAN p573 #1,430 C,573,3.66590,"Shock absorber front axle, leaf suspension","StoBdampfer Vorderachse, Blattfederung",TGA/TGS/TGX,,MAN: 81.43702.6058; SACHS: 314 336,
DT-MAN p573 #2,430 C,573,3.66512,"Shock absorber rear axle, air suspension","StoBdampfer Hinterachse, Luftfederung",TGA/TGS/TGX,,MAN: 81.43702.6100; SACHS: 315 151,
DT-MAN p573 #3,430 C,573,3.66626,Shock absorber,StoBdampfer,TGA/TGS/TGX,,MAN: 81.43702.6118,
DT-MAN p573 #4,430 C,573,3.66627,Shock absorber,StoBdampfer,TGA/TGS/TGX,,MAN: 81.43702.6106,
DT-MAN p574 #1,430 C,574,3.66628,Shock absorber,StoBdampfer,TGA/TGS/TGX,,MAN: 81.43702.6121,
DT-MAN p574 #2,430 C,574,3.66607,Shock absorber,StoBdampfer,TGS,,MAN: 81.41722.6065,
DT-MAN p574 #3,430 C,574,3.66648,"Shock absorber front axle, leaf suspension","StoBdampfer Vorderachse, Blattfederung",TGA/TGS/TGX,,MAN: 81.43702.6075,
DT-MAN p574 #4,430 C,574,3.66620,"Bushing, shock absorber","Buchse, StoBdampfer",TGL,d 16mm D 22 mm H 50 mm,MAN: 90.80817.1125,
DT-MAN p575 #1,430 C,575,4.80203,"Rubber bushing, shock absorber","Gummibuchse, StoBdampfer",TGA/TGS,"d 20 mm D 40 mm H 39,5 mm",MAN: 88.43704.0002,
DT-MAN p576 #1,430 D,576,3.66433,"Air spring, without piston","Luftfederbalg, ohne Kolben",TGL,"d 130,8 mm D 224mm H 448 mm",MAN: 81.43601.0168; CONTI: 4862 N1 P01,
DT-MAN p576 #2,430 D,576,3.66435,"Air spring, with steel piston","Luftfederbalg, mit Stahlkolben",TGL,D 270 mm H 264 mm,MAN: 81.43600.6049; CONTI: 4862 N1 P02,
DT-MAN p576 #3,430 D,576,3.66404,"Air spring, without piston","Luftfederbalg, ohne Kolben","TGM, TGA/TGS/TGX",D 235mm H 506 mm,MAN: 81.43601.0151; CONTI: 4882 N1 P01,
DT-MAN p577 #1,430 D,577,3.66422,"Air spring, with steel piston","Luftfederbalg, mit Stahlkolben","TGM, TGA/TGS/TGX",D 260 mm H 278 mm,MAN: 81.43600.6036; CONTI: 4882 N1 POS,
DT-MAN p577 #2,430 D,577,3.66438,"Air spring, with steel piston","Luftfederbalg, mit Stahlkolben","TGM, TGA/TGS/TGX",D 283 mm H 328 mm,MAN: 81.43600.6037; CONTI: 4883 N1 P06,
DT-MAN p577 #3,430 D,577,3.66405,"Air spring, without piston","Luftfederbalg, ohne Kolben","TGM, TGA/TGS/TGX",D 259 mm H 506 mm,MAN: 81.43601.0174; CONTI: 4884 N1 P01,
DT-MAN p578 #1,430 D,578,3.66423,"Air spring, with steel piston","Luftfederbalg, mit Stahlkolben","TGM, TGA/TGS/TGX",d 180 mm D 259 mm H 503 mm {i},MAN: 81.43600.6035; CONTI: 4884 N1 P06,
DT-MAN p578 #2,430 D,578,3.66403,"Air spring, without piston","Luftfederbalg, ohne Kolben",TGA,d 131mm D 230 mm H 450 mm,MAN: 81.43601.0150; CONTI: 1885 N1,
DT-MAN p578 #3,430 D,578,3.66412,"Air spring, without piston","Luftfederbalg, ohne Kolben",TGA (H29),d 131 mm D 238 mm H 460 mm,MAN: 81.43601.0138; CONTI: 916 N1,
DT-MAN p579 #1,430 D,579,3.66415,"Air spring, without piston","Luftfederbalg, ohne Kolben",TGA/TGS/TGX,d 151 mm D 240 mm H 466 mm,MAN: 81.43601.0163; CONTI: 1888 N,
DT-MAN p579 #2,430 D,579,3.66413,"Air spring, without piston","Luftfederbalg, ohne Kolben",TGA/TGS/TGX,d 151mm D 259 mm H 550 mm,MAN: 81.43601.0155; CONTI: 4705 N1 P01,
DT-MAN p579 #3,430 D,579,3.66409,"Air spring, without piston","Luftfederbalg, ohne Kolben",TGA/TGS/TGX,d 131mm D 220 mm H 492 mm,MAN: 81.43601.0153; CONTI: 4883 N1 P01,
DT-MAN p580 #1,430 D,580,3.66421,"Air spring, with steel piston","Luftfederbalg, mit Stahlkolben",TGA/TGS/TGX,D 259 mm H 480 mm,MAN: 81.43600.6038; CONTI: 4883 N1 P07,
DT-MAN p580 #2,430 D,580,3.66431,"Air spring, without piston","Luftfederbalg, ohne Kolben",TGA/TGS/TGX,d 130 mm D 242 mm H 500 mm,MAN: 81.43601.0165; CONTI: 4886 N P02,
DT-MAN p580 #3,430 D,580,3.66432,"Air spring, without piston","Luftfederbalg, ohne Kolben",TGA/TGS/TGX,"d 150,8 mm D 260 mm H 489 mm",MAN: 81.43601.0158; CONTI: 4916 N1 P01,
DT-MAN p581 #1,430 D,581,3.66450,"Piston, air spring","Kolben, Luftfederbalg","TGL/TGM, TGA/TGS/TGX",D 178 mm H 158 mm,MAN: 81.43603.0068,
DT-MAN p581 #2,430 D,581,3.66451,"Piston, air spring","Kolben, Luftfederbalg","TGM, TGA/TGS/TGX",D 200 mm H 155 mm,MAN: 81.43603.0069,
DT-MAN p581 #3,430 D,581,3.66456,"Piston, air spring","Kolben, Luftfederbalg",TGA,D 190 mm H 149 mm,MAN: 81.43603.0044,
DT-MAN p581 #4,430 D,581,3.66454,"Piston, air spring","Kolben, Luftfederbalg",TGA (H29),D 210 mm H 149 mm,MAN: 81.43603.0055,
DT-MAN p582 #1,430 D,582,3.66470,Rubber buffer,Gummipuffer,TGA,D 110 mm H 45 mm,MAN: 81.96020.0186,
DT-MAN p583 #1,430 E,583,3.66827,V-stay,V-Strebe,TGM,"D 48 mm b1 25mm b2 19mm Lb1 152mm L 642,7 mm",MAN: 81.43270.6136,
DT-MAN p583 #2,430 E,583,3.66838,V-stay,V-Strebe,TGM,"D 48 mm b1 25mm b2 19mm Lb1 152 mm 115mm L 642,7 mm",MAN: 81.43270.6129,
DT-MAN p583 #3,430 E,583,3.66823,V-stay,V-Strebe,"TGM (N48), TGA/TGS/TGX",D 48 mm b1 25mm b2 25mm Lb1 152 mm 130mm L 627 mm,MAN: 81.43270.6094,
DT-MAN p584 #1,430 E,584,3.66820,V-stay,V-Strebe,TGA,D 50 mm b 23 mm Lb 152 mm L 627 mm,MAN: 81.43270.6076,
DT-MAN p584 #2,430 E,584,3.66830,V-stay,V-Strebe,TGA/TGS/TGX,D 60 mm b 24mm Lb 130 mm L 622 mm,MAN: 81.43270.6145,
DT-MAN p584 #3,430 E,584,3.66822,V-stay,V-Strebe,TGA/TGS/TGX,D 48 mm b 23 mm Lb 130 mm L 627 mm,MAN: 81.43270.6096,
DT-MAN p585 #1,430 E,585,3.66825,V-stay,V-Strebe,TGA/TGS/TGX,D 48 mm b1 25mm b2 25 mm Lb1 152mm L 627 mm,MAN: 81.43270.6137,
DT-MAN p585 #2,430 E,585,3.66832,V-stay,V-Strebe,TGA/TGS/TGX,D 48 mm b1 25mm b2 23 mm Lb1 152 mm L 627 mm,MAN: 81.43270.6113,
DT-MAN p585 #3,430 E,585,3.66826,V-stay,V-Strebe,TGA/TGS/TGX,D 58 mm b 25 mm Lb 130 mm L 627 mm,MAN: 81.43270.6117,
DT-MAN p586 #1,430 E,586,3.66837,V-stay,V-Strebe,TGA/TGS/TGX,D 48 mm b1 25mm b2 23 mm Lb1 130 mm L1 713 mm,MAN: 81.43270.6102,
DT-MAN p586 #2,430 E,586,3.96615,"Repair kit, v-stay","Reparatursatz, V-Strebe","TGM (N48), TGA/TGS/TGX",D 85 mm b 25mm Lb 130 mm L 170 mm H 24mm,MAN: 81.43270.6105,
DT-MAN p586 #3,430 E,586,3.96607,"Repair kit, v-stay","Reparatursatz, V-Strebe","TGM (N48), TGA/TGS/TGX",D 100 mm b 25mm Lb 152 mm L 194 mm H 24mm,MAN: 81.43270.6110,
DT-MAN p587 #1,430 E,587,3.96631,"Repair kit, v-stay","Reparatursatz, V-Strebe",TGA/TGS/TGX,D 85 mm b 23 mm Lb 130 mm L 170 mm H 24mm,MAN: 81.43270.6126,
DT-MAN p587 #2,430 E,587,2.96042,"Repair kit, v-stay","Reparatursatz, V-Strebe",TGS/TGX,D 90 mm,MAN: 81.43270.6080,
DT-MAN p587 #3,430 E,587,3.66851,Control arm,Querlenker,TGL,"D 50 mm L 840 mm M30 x 1,5",MAN: 81.43250.6014,
DT-MAN p587 #4,430 E,587,3.66868,Reaction rod,Achsstrebe,TGM,D 40 mm b 19mm Lb 130 mm L 661 mm,MAN: 81.43220.6319,
DT-MAN p588 #1,430 E,588,3.66881,Reaction rod,Achsstrebe,"TGM, TGA/TGS","D 48 mm b 15,3 mm Lb 130 mm L 596 mm",MAN: 81.43220.6381,
DT-MAN p588 #2,430 E,588,3.66833,Reaction rod,Achsstrebe,TGA,D 48 mm b 19mm Lb 130 mm L 530 mm,MAN: 81.43220.6190,
DT-MAN p588 #3,430 E,588,3.66800,Reaction rod,Achsstrebe,TGA,D 48 mm b 19mm Lb 130 mm L 590 mm,MAN: 81.43220.6092,
DT-MAN p588 #4,430 E,588,3.66812,Reaction rod,Achsstrebe,TGA/TGS/TGX,D 50 mm b 23 mm Lb 130 mm L 414mm,MAN: 81.43220.6341,
DT-MAN p589 #1,430 E,589,3.66803,Reaction rod,Achsstrebe,TGA/TGS/TGX,D 50 mm b 19mm Lb 130 mm L 566 mm,MAN: 81.43220.6229,
DT-MAN p589 #2,430 E,589,3.66801,Reaction rod,Achsstrebe,TGA/TGS/TGX,D 50 mm b 19mm Lb 130 mm L 571 mm,MAN: 81.43220.6097,
DT-MAN p589 #3,430 E,589,3.66880,Reaction rod,Achsstrebe,TGA/TGS/TGX,D 58 mm b 21mm Lb 130 mm L 585 mm,MAN: 82.43220.6008,
DT-MAN p589 #4,430 E,589,3.66806,Reaction rod,Achsstrebe,TGA/TGS/TGX,D 48 mm b 19mm Lb 130 mm L 596 mm,MAN: 81.43220.6232,
DT-MAN p589 #5,430 E,589,3.66811,Reaction rod,Achsstrebe,TGA/TGS/TGX,D 50 mm b 19mm Lb 130 mm L 694 mm,MAN: 81.43220.6265,
DT-MAN p590 #1,430 E,590,3.66862,Reaction rod,Achsstrebe,TGA/TGS/TGX,D 48 mm b 17mm Lb 115mm L 941 mm,MAN: 81.43220.6260,
DT-MAN p590 #2,430 E,590,3.66805,"Reaction rod, four-point","Achsstrebe, Vierpunkt",TGA/TGS/TGX,b 25mm Lb 130 mm L 572 mm,MAN: 81.43220.6327,
DT-MAN p590 #3,430 E,590,2.96046,"Repair kit, reaction rod","Reparatursatz, Achsstrebe",TGL,D 60 mm,MAN: 81.43250.6009,
DT-MAN p590 #4,430 E,590,2.96058,"Repair kit, reaction rod","Reparatursatz, Achsstrebe",TGM,D 75 mm b 19mm Lb 115mm L 148 mm H 24mm,MAN: 81.43270.6119,
DT-MAN p591 #1,430 E,591,3.96653,"Repair kit, reaction rod","Reparatursatz, Achsstrebe",TGM,D 67 mm b 19mm Lb 130 mm L 163 mm H 24mm,MAN: 81.43220.6315,
DT-MAN p591 #2,430 E,591,3.96618,"Repair kit, reaction rod","Reparatursatz, Achsstrebe","TGM (N48), TGA/TGS/TGX",D 75 mm b 19mm Lb 130 mm L 164 mm H 24mm,MAN: 85.43220.6002,
DT-MAN p591 #3,430 E,591,2.96033,"Repair kit, reaction rod","Reparatursatz, Achsstrebe",TGA/TGS,D 95 mm b 21mm Lb 130 mm L 168 mm H 35mm,MAN: 81.43220.6241,
DT-MAN p591 #4,430 E,591,3.96600,"Repair kit, reaction rod","Reparatursatz, Achsstrebe",TGA/TGS/TGX,D 85 mm b 19mm Lb 130 mm L 166 mm H 30 mm,MAN: 81.43220.6107,
DT-MAN p592 #1,430 E,592,3.96650,"Repair kit, reaction rod","Reparatursatz, Achsstrebe",TGA/TGS/TGX,D 85 mm b 19mm Lb 130 mm L 170 mm H 24mm,MAN: 81.43220.6250,
DT-MAN p592 #2,430 E,592,3.96608,"Repair kit, reaction rod","Reparatursatz, Achsstrebe",TGA/TGS/TGX,D 85 mm b 25 mm Lb 130 mm L 170 mm H 24mm,MAN: 81.43220.6285,
DT-MAN p592 #3,430 E,592,3.96601,"Repair kit, reaction rod","Reparatursatz, Achsstrebe",TGA/TGS/TGX,,MAN: 81.43220.6132,
DT-MAN p592 #4,430 E,592,3.96651,"Repair kit, reaction rod","Reparatursatz, Achsstrebe",TGA/TGS/TGX,,MAN: 81.43220.6322,
DT-MAN p593 #1,430 E,593,3.66850,Bushing,Buchse,TGA/TGS/TGX,d 24mm D 96 mm H 95 mm,MAN: 81.43722.0085,
DT-MAN p594 #1,430 F,594,3.67075,Stabilizer,Stabilisator,"TGM, TGA/TGS/TGX",D 36 mm L 1121 mm,MAN: 81.43715.0165,
DT-MAN p594 #2,430 F,594,3.67100,"Stabilizer stay rear axle, air suspension","Stabilisatorstrebe Hinterachse, Luftfederung",TGA/TGS,L 450 mm,MAN: 82.43718.5028,
DT-MAN p594 #3,430 F,594,3.67101,"Stabilizer stay rear axle, air suspension","Stabilisatorstrebe Hinterachse, Luftfederung",TGA/TGS/TGX,L 400 mm,MAN: 81.43718.5133,
DT-MAN p595 #1,430 F,595,3.67102,Stabilizer stay,Stabilisatorstrebe,TGA/TGS/TGX,L 430 mm,MAN: 81.43718.6824,
DT-MAN p595 #2,430 F,595,3.67051,"Bushing, stabilizer front axle, leaf suspension","Buchse, Stabilisator Vorderachse, Blattfederung",TGL,d 26 mm D 46 mm H 66 mm,MAN: 85.43704.0005,
DT-MAN p595 #3,430 F,595,3.67050,"Bushing, stabilizer","Buchse, Stabilisator",TGL,d 32 mm D 55mm H 46 mm,MAN: 85.43704.0002,
DT-MAN p595 #4,430 F,595,3.67049,"Bushing, stabilizer","Buchse, Stabilisator",TGL,d 70 mm D 90 mm H 12 mm,MAN: 85.43704.0004,
DT-MAN p596 #1,430 F,596,3.67047,"Bushing, stabilizer","Buchse, Stabilisator",TGL/TGM,"d 14mm D 42,5 mm H 35mm",MAN: 85.43722.0007,
DT-MAN p596 #2,430 F,596,3.67004,"Bushing, stabilizer","Buchse, Stabilisator","TGUTGM, TGA/TGS/TGX",d 16mm D 48 mm H 47 mm,MAN: 81.96210.0450,
DT-MAN p596 #3,430 F,596,3.67006,"Bushing, stabilizer","Buchse, Stabilisator",TGA/TGS/TGX,d 16mm D 50 mm H 47 mm,MAN: 81.43722.0059,
DT-MAN p596 #4,430 F,596,3.67042,"Bushing, stabilizer","Buchse, Stabilisator","TGL/TGM, TGA/TGS/TGX",d 50 mm D 75 mm H 50 mm,MAN: 81.43704.0077,
DT-MAN p596 #5,430 F,596,3.67020,"Bushing, stabilizer","Buchse, Stabilisator","TGL/TGM, TGA/TGS, TGX (30X)",d 56 mm D 84mm H 70 mm,MAN: 81.43722.0040,
DT-MAN p597 #1,430 F,597,3.67026,"Bushing, stabilizer rear axle, leaf suspension","Buchse, Stabilisator Hinterachse, Blattfederung",TGM,"D 46,5 mm b 19mm Lb 99 mm L 130mm H 12mm",MAN: 81.96210.0452,
DT-MAN p597 #2,430 F,597,3.67040,"Bushing, stabilizer rear axle, leaf suspension","Buchse, Stabilisator Hinterachse, Blattfederung",TGM,"D 47,5 mm b 2i mm Lb 101 mm L 140 mm H 12mm",MAN: 81.96210.0511,
DT-MAN p597 #3,430 F,597,3.67015,"Bushing, stabilizer","Buchse, Stabilisator","TGM,",d 22mm D 68 mm H 62 mm,MAN: 81.43722.0063,
DT-MAN p597 #4,430 F,597,3.67052,"Bushing, stabilizer","Buchse, Stabilisator","TGM, TGA/TGS/TGX","d 34,8 mm D 55 mm H 51 mm",MAN: 81.43704.0094,DT_NUMBER_FROM_OCR
DT-MAN p598 #1,430 F,598,3.67007,"Bushing, stabilizer","Buchse, Stabilisator","TGM, TGA/TGS/TGX",d 45 mm D 77mm H 50 mm,MAN: 81.43704.0078,
DT-MAN p598 #2,430 F,598,3.67028,"Bushing, stabilizer","Buchse, Stabilisator","TGM, TGA/TGS/TGX",d 50 mm D 84mm H 72 mm,MAN: 81.43722.0068,
DT-MAN p598 #3,430 F,598,3.67025,"Bushing, stabilizer","Buchse, Stabilisator","TGM, TGA/TGS/TGX",d 60 mm D 89 mm H 62 mm,MAN: 81.43722.0083,
DT-MAN p598 #4,430 F,598,3.67013,"Bushing, stabilizer","Buchse, Stabilisator",TGA,d 22 mm D 75 mm H 62 mm,MAN: 81.43722.0019,
DT-MAN p599 #1,430 F,599,3.67010,"Bushing, stabilizer rear axle","Buchse, Stabilisator Hinterachse",TGA,D 65 mm b 21mm Lb 125 mm L 155 mm H 22 mm,MAN: 81.43271.0082,
DT-MAN p599 #2,430 F,599,3.67038,"Bushing, stabilizer rear axle","Buchse, Stabilisator Hinterachse",TGA,D 95 mm b 19mm Lb 130 mm L 168 mm H 35mm,MAN: 81.96401.0152,
DT-MAN p599 #3,430 F,599,3.67014,"Bushing, stabilizer rear axle, leaf suspension","Buchse, Stabilisator Hinterachse, Blattfederung",TGA/TGS,"D 68,5 mm b 15mm Lb 100 mm L 127 mm H 18 mm",MAN: 81.43722.0072,
DT-MAN p600 #1,430 F,600,4.80440,"Bushing, stabilizer","Buchse, Stabilisator",TGA/TGS/TGX,D 73 mm b 19mm Lb 100 mm L 139 mm H 24mm,MAN: 81.43635.0003,
DT-MAN p600 #2,430 F,600,3.67513,"Bushing, stabilizer","Buchse, Stabilisator",TGA/TGS/TGX,"d 18,2 mm D 43 mm H 47 mm",MAN: 81.96210.0630,
DT-MAN p600 #3,430 F,600,3.67018,"Bushing half, stabilizer","Buchsenhalfte, Stabilisator",TGA,"d 58,5 mm D 77,5 mm H 60,5 mm",MAN: 81.43704.0061,
DT-MAN p600 #4,430 F,600,3.67621,Bolt,Bolzen,"TGM, TGA/TGS/TGX","D 22 mm LTh 25mm Lu 100 mm SW 27 M16x1,5",MAN: 81.91020.0618,
DT-MAN p601 #1,430 G,601,3.67502,Spring saddle,Federwiege,TGA (H33),A,MAN: 81.41350.0018,
DT-MAN p601 #2,430 G,601,3.96620,"Repair kit, spring saddle","Reparatursatz, Federwiege",TGA (H33),i,MAN: 06.36959.0027,
DT-MAN p601 #3,430 G,601,3.67511,"Joint bearing, spring saddle","Gelenklager, Federwiege",TGA (H33),d 95mm D 145mm H 37 mm,MAN: 06.36959.0027,
DT-MAN p602 #1,430 G,602,3.67500,Spring bracket,Federhalter,TGA,,MAN: 81.41320.0092,
DT-MAN p602 #2,430 G,602,3.67600,Retaining cable,Halteseil,TGA,L 620 mm,MAN: 81.41415.5012,
DT-MAN p602 #3,430 G,602,3.83511,Rubber mounting,Gummilager,TGA/TGS/TGX,"d 120 mm D 201,5 mm H 99 mm",MAN: 81.96210.0508,
DT-MAN p602 #4,430 G,602,3.67521,Oil seal,Wellendichtring,TGA (H33),"d 135mm D 175 mm H1 15,5 mm H2 20 mm",MAN: 06.56289.0268,
DT-MAN p603 #1,435 A,603,3.83100,Level valve,Niveauventil,TGA/TGS/TGX,,MAN: 81.43610.6129; WABCO: 464 007 001 0,
DT-MAN p603 #2,435 A,603,3.65400,"Distance sensor, ECAS","Wegsensor, ECAS","TGL/TGM, TGA/TGS/TGX",,MAN: 81.25937.0040; WABCO: 441 050 123 0,
DT-MAN p603 #3,435 A,603,4.63104,"Distance sensor, ECAS","Wegsensor, ECAS",TGA,,MAN: 81.25937.0023; WABCO: 441 050 012 0,
DT-MAN p603 #4,435 A,603,3.65160,Plunger,Druckstiick,"TGL/TGM, TGA/TGS/TGX",,MAN: 81.43613.0030,
DT-MAN p604 #1,435 A,604,3.26021,"Ball joint, left hand thread","Kugelgelenk, Linksgewinde","TGA/TGX, TGS (24S)","LTh 30 mm L 47 mm M8 x 1,25L",MAN: 81.95301.6204,
DT-MAN p604 #2,435 A,604,3.26020,"Ball joint, right hand thread","Kugelgelenk, Rechtsgewinde","TGA/TGX, TGS (24S)","LTh 30 mm L 47mm M8 x 1,25R",MAN: 81.95301.6144,
DT-MAN p605 #1,461 A,605,3.69006,"Servo pump, right turn","Lenkhilfepumpe, Rechtslauf","TGL/TGM, TGA (HB1) D 0834, D 0836",180 bar,MAN: 85.47101.6004; ZF: 7683 955 136,
DT-MAN p605 #2,461 A,605,3.69007,"Servo pump, right turn","Lenkhilfepumpe, Rechtslauf","TGL/TGM, TGA D 0834, D 0836",180 bar,MAN: 82.47101.6042; ZF: 7684 955 163,
DT-MAN p605 #3,461 A,605,3.69017,"Servo pump, right turn","Lenkhilfepumpe, Rechtslauf","TGL/TGM, TGA D 0836, D 2866, D 2876",180 bar,MAN: 82.47101.6064; ZF: 7684 955 180,
DT-MAN p605 #4,461 A,605,3.69002,"Servo pump, right turn","Lenkhilfepumpe, Rechtslauf","TGUTGM, TGA/TGS/TGX D 0834/0836, D 2066/2676, D 2840/2866, D 2868/2876, D 3876",180 bar,MAN: 81.47101.6137,
DT-MAN p606 #1,461 A,606,3.69005,"Servo pump, right turn","Lenkhilfepumpe, Rechtslauf","TGL/TGM, TGA/TGS/TGX D 0836, D 2866, D 2876",165 bar,MAN: 51.47101.7053; ZF: 7687 955 115,
DT-MAN p606 #2,461 A,606,3.69015,"Servo pump, left turn","Lenkhilfepumpe, Linkslauf","TGA D 2066, D 2676, D 2876",165 bar,MAN: 81.47101.6221; ZF: 7686 955 725,
DT-MAN p606 #3,461 A,606,3.69050,"Servo pump, right turn","Lenkhilfepumpe, Rechtslauf","TGA D 2866, D 2876",,MAN: 81.47101.6146,
DT-MAN p606 #4,461 A,606,3.69010,"Servo pump, right turn","Lenkhilfepumpe, Rechtslauf","TGA D 2866, D 2876",180 bar,MAN: 81.47101.6163; ZF: 7684 955 104,
DT-MAN p607 #1,461 A,607,3.69014,"Servo pump, right turn","Lenkhilfepumpe, Rechtslauf","TGA/TGS/TGX D 0836, D 2066, D 2676",180 bar,MAN: 81.47101.6219; ZF: 7685 955 241,
DT-MAN p607 #2,461 A,607,3.69012,"Servo pump, left turn","Lenkhilfepumpe, Linkslauf","TGA/TGS/TGX D 2066, D 2676, D 2866",165 bar,MAN: 81.47101.6217; ZF: 7687 955 123,
DT-MAN p607 #3,461 A,607,5.42104,Servo pump,Lenkhilfepumpe,"TGA/TGS/TGX D 2066/2676, D 2866/2876",150 bar,MAN: 81.47101.6094,
DT-MAN p607 #4,461 A,607,3.69001,"Servo pump, left turn","Lenkhilfepumpe, Linkslauf","TGA/TGS/TGX D 2066/2676, D 2866/2876",150 bar,MAN: 81.47101.6136; ZF: 7685 955 101,
DT-MAN p608 #1,461 A,608,3.69011,"Servo pump, left turn","Lenkhilfepumpe, Linkslauf","TGA/TGS/TGX D 2066/2676, D 2866/2876",165 bar,MAN: 81.47101.6183,
DT-MAN p608 #2,461 A,608,3.69018,"Servo pump, left turn","Lenkhilfepumpe, Linkslauf","TGA/TGS/TGX D 2066/2676, D 2866/2876",165 bar,MAN: 82.47101.6051; ZF: 7686 955 197,
DT-MAN p608 #3,461 A,608,3.69016,"Servo pump, left turn","Lenkhilfepumpe, Linkslauf","TGA/TGS/TGX D 2066/2676, D 2866/2876",180 bar,MAN: 81.47101.6223; ZF: 7687 955 501,
DT-MAN p608 #4,461 A,608,3.69009,"Servo pump, right turn","Lenkhilfepumpe, Rechtslauf","TGA/TGS/TGX D 2066/2676, D 2866/2876, D 3876",165 bar,MAN: 81.47101.6144; ZF: 7686 955 307,
DT-MAN p609 #1,461 A,609,3.69008,Servo pump,Lenkhilfepumpe,"TGA/TGS, TGX (92X) D 2066/2676, D 2866/2876",150 bar,MAN: 81.47101.6093; ZF: 8604 955 111,
DT-MAN p609 #2,461 A,609,3.69013,"Servo pump, left turn","Lenkhilfepumpe, Linkslauf","TGA/TGX D 2866, D 2868, D 2876",165 bar,MAN: 81.47101.6218; ZF: 7685 955 346,
DT-MAN p609 #3,461 A,609,3.69004,"Servo pump, right turn","Lenkhilfepumpe, Rechtslauf","TGA/TGX D 2866, D 2868, D 2876",150 bar,MAN: 81.47101.6184,
DT-MAN p609 #4,461 A,609,4.90498,"Repair kit, servo pump","Reparatursatz, Lenkhilfepumpe","TGUTGM, TGA/TGS/TGX D 0834/0836, D 2066/2676, D 2840/2866, D 2868/2876, D 3876",,MAN: 81.47101.6220; ZF: 7683 633 006,
DT-MAN p610 #1,461 A,610,4.50240,Follower,Mitnehmer,"TGL/TGM, TGA/TGS/TGX D 0834/0836, D 2066/2676, D 2840/2866, D 2868/2876, D 3876",D 48 mm S$ 6mm,MAN: 51.47104.0024,
DT-MAN p610 #2,461 A,610,3.65140,Steering gear,Lenkgetriebe,TGA/TGS,160 bar,MAN: 81.46200.6411; BOSCH: K S00 001 185,
DT-MAN p610 #3,461 A,610,3.69021,O-ring,O-Ring,Universal,d 46 mm S 3mm,MAN: 06.56930.2107,
DT-MAN p611 #1,461 B,611,3.69212,Oil container,Olbehalter,TGA/TGS,,MAN: 81.47301.6047; ZF: 7633 472 170,
DT-MAN p611 #2,461 B,611,4.61029,Oil container,Olbehalter,TGA/TGS,,MAN: 81.47301.6030; ZF: 7632 472 136,
DT-MAN p611 #3,461 B,611,4.61033,Oil dipstick,Olmessstab,"TGL/TGM, TGA/TGS/TGX",,MAN: 81.47303.0045; ZF: 7632 319 119,
DT-MAN p611 #4,461 B,611,1.19152,"Cap, oil container","Deckel, Olbehalter","TGUTGM, TGA/TGS/TGX",,MAN: 81.47302.0013; ZF: 7632 002 144,
DT-MAN p612 #1,461 B,612,1.19153,"Seal ring, oil container","Dichtring, Olbehdlter","TGL/TGM, TGA/TGS/TGX","d 63 mm D 75mm S 2,9 mm",MAN: 81.96502.0686; ZF: 0770 032 935,
DT-MAN p612 #2,461 B,612,4.61034,Locking device,Verriegelung,"TGL/TGM, TGA/TGS/TGX",,MAN: 81.47340.0056; ZF: 7632 140 102,
DT-MAN p612 #3,461 B,612,1.19150,Oil filter insert,Olfiltereinsatz,TGA/TGS/TGX,d 18 mm D 60 mm H 100 mm,MAN: 81.47301.6005,
DT-MAN p612 #4,461 B,612,1.19151,Oil filter insert,Olfiltereinsatz,TGA/TGS/TGX,"d 13,5 mm D 81 mm H",MAN: 81.05504.6001,
DT-MAN p613 #1,461 C,613,3.63077,Drag link,Lenkstange,TGL,D 40 mm C 26mm L 716 mm,MAN: 81.46610.6294,
DT-MAN p613 #2,461 C,613,3.63068,Drag link,Lenkstange,TGL,D 38 mm C 26 mm L 795 mm,MAN: 85.46610.6141,
DT-MAN p613 #3,461 C,613,3.63169,Drag link,Lenkstange,TGL,D 38 mm C 22 mm L 820 mm,MAN: 85.46610.6162,DT_NUMBER_FROM_OCR
DT-MAN p613 #4,461 C,613,3.63060,Drag link,Lenkstange,TGL,D 38 mm C 22 mm L 840 mm,MAN: 85.46610.6140,
DT-MAN p614 #1,461 C,614,3.63070,Drag link,Lenkstange,TGL,D 38 mm C 26 mm L 860 mm,MAN: 85.46610.6142,
DT-MAN p614 #2,461 C,614,3.63168,Drag link,Lenkstange,TGL,D 38 mm C 22 mm L 864 mm,MAN: 85.46610.6246,DT_NUMBER_FROM_OCR
DT-MAN p614 #3,461 C,614,3.63071,Drag link,Lenkstange,TGA/TGS,D 50 mm C 30 mm L 960 mm,MAN: 81.46611.6204,
DT-MAN p614 #4,461 C,614,3.63083,Drag link,Lenkstange,TGA/TGS,D 40 mm C 30 mm L 993 mm,MAN: 82.46610.6184,DT_NUMBER_FROM_OCR
DT-MAN p614 #5,461 C,614,3.63078,Drag link,Lenkstange,TGA/TGS,D 52 mm Cc 30 mm L 1021 mm,MAN: 81.46611.6201,
DT-MAN p615 #1,461 C,615,3.63073,Drag link,Lenkstange,TGA/TGS,D 40 mm C 30mm L 1030 mm,MAN: 81.46611.6159,
DT-MAN p615 #2,461 C,615,3.63072,Drag link,Lenkstange,TGA/TGS,D 62 mm C 30mm L 1796 mm,MAN: 81.46611.6156,
DT-MAN p615 #3,461 C,615,3.63008,Drag link,Lenkstange,TGA/TGS,D 62 mm C 30mm L 1800 mm,MAN: 81.46611.6161,
DT-MAN p615 #4,461 C,615,3.63053,Drag link,Lenkstange,TGA/TGS/TGX,D 52 mm C 30 mm L 967 mm,MAN: 81.46611.6199,
DT-MAN p615 #5,461 C,615,3.63051,Drag link,Lenkstange,TGA/TGS/TGX,D 52 mm C 30mm L 993 mm,MAN: 81.46610.6836,
DT-MAN p616 #1,461 C,616,2.53012,"Ball joint, right hand thread","Kugelkopf, Rechtsgewinde",TGL,"20mm L 95 mm M24 x 1,5R",MAN: 81.95301.6321,
DT-MAN p616 #2,461 C,616,4.63912,"Ball joint, right hand thread","Kugelkopf, Rechtsgewinde",TGA,"C 30 mm L 120 mm M24 x 1,5R",MAN: 81.95301.6276,
DT-MAN p616 #3,461 C,616,1.19010,"Ball joint, left hand thread","Kugelkopf, Linksgewinde",TGA/TGS/TGX,"C 30 mm L 120 mm M30 x 1,5L",MAN: 81.95301.6351,
DT-MAN p616 #4,461 C,616,1.19011,"Ball joint, right hand thread","Kugelkopf, Rechtsgewinde",TGA/TGS/TGX,"30mm L 120 mm M30 x 1,5R",MAN: 81.95301.6352,
DT-MAN p617 #1,461 C,617,3.63119,"Ball joint, right hand thread","Kugelkopf, Rechtsgewinde",TGA/TGS/TGX,"C 30 mm L 75mm M26 x 1,5R",MAN: 81.95301.6280,
DT-MAN p617 #2,461 C,617,6.51200,"Ball joint, right hand thread","Kugelkopf, Rechtsgewinde",TGA/TGS/TGX,"C 30 mm L 90 mm M26 x 1,5R",MAN: 82.95301.6016,
DT-MAN p617 #3,461 C,617,3.63183,Steering cylinder,Lenkungszylinder,TGA,,MAN: 82.47501.6013; ZF: 8346 974 164,
DT-MAN p617 #4,461 C,617,3.63180,Steering cylinder,Lenkungszylinder,TGA/TGS,,MAN: 81.47501.6073,
DT-MAN p618 #1,461 C,618,3.63181,Steering cylinder,Lenkungszylinder,TGA/TGS/TGX,,MAN: 81.47501.6043; BOSCH: K S00 002 362,
DT-MAN p618 #2,461 C,618,2.70905,Lock nut,Sicherungsmutter,TGL/TGM,"sw 30 M20 x 1,5 8.0 Pp",MAN: 81.90685.0386,
DT-MAN p618 #3,461 C,618,3.63150,Lock nut,Sicherungsmutter,"TGM, TGA/TGS/TGX","sw 36 M24 x 1,5 12 P",MAN: 81.90685.0385,
DT-MAN p619 #1,510 A,619,3.72320,W-connector,Winkelstecker,TGA/TGS/TGX,D1 12mm D2 9mm,MAN: 81.98183.6086,
DT-MAN p619 #2,510 A,619,3.72302,Push-in-connector,Steckkupplung,TGA,95-6mm,MAN: 06.71812.5303,
DT-MAN p619 #3,510 A,619,3.21530,Union screw,Uberwurfschraube,"TGUTGM, TGA/TGS/TGX","1,5 NG8",MAN: 81.98183.6114,
DT-MAN p619 #4,510 A,619,4.40265,Union screw,Uberwurfschraube,"TGL/TGM, TGA/TGS/TGX","M22 x 1,5 NG 12",MAN: 81.98183.6115,
DT-MAN p620 #1,510 A,620,3.72610,Plug,Stopfen,TGA,NG 8,MAN: 06.71819.0114,
DT-MAN p620 #2,510 A,620,3.72611,Plug,Stopfen,TGA,NG 12,MAN: 06.71819.0117,
DT-MAN p620 #3,510 A,620,3.72600,Lock ring,Sicherungsring,TGA,"d 9,5 mm D 21,5 mm S NG9",MAN: 06.71819.0111,
DT-MAN p620 #4,510 A,620,3.72601,Lock ring,Sicherungsring,TGA,NG 13,MAN: 06.71819.0112,
DT-MAN p620 #5,510 A,620,3.72620,O-ring,O-Ring,TGA,d 7mm S,MAN: 06.56331.4210,
DT-MAN p621 #1,510 A,621,3.72622,O-ring,O-Ring,TGA,d 9mm S 1mm,MAN: 81.96502.0044,
DT-MAN p621 #2,510 A,621,3.72621,O-ring,O-Ring,TGA/TGS/TGX,"d 11mm S 1,5 mm",MAN: 06.56331.4212,
DT-MAN p621 #3,510 A,621,3.72623,O-ring,O-Ring,TGA/TGS/TGX,d 13mm S 1mm,MAN: 81.96502.0045,
DT-MAN p622 #1,520 A,622,4.60685,Brake light switch,Bremslichtschalter,TGA,SPmin 2 bar SPmax 5 bar M10 x 1 M27 x1,MAN: 81.25520.6007,
DT-MAN p622 #2,520 A,622,3.33425,Pressure switch,Druckschalter,"TGUTGM, TGA/TGS/TGX",12 bar,MAN: 81.27421.6047,
DT-MAN p622 #3,520 A,622,3.60570,Pressure switch,Druckschalter,TGA/TGS/TGX,"M18 x 1,5",MAN: 81.25503.0244,
DT-MAN p622 #4,520 A,622,3.70007,Pressure switch,Druckschalter,"TGL/TGM, TGA/TGS/TGX","SPmin 0,6 bar SPmax 0,9 bar",MAN: 81.25520.0149,
DT-MAN p622 #5,520 A,622,3.70010,Pressure switch,Druckschalter,TGA/TGS/TGX,SPmax 16 bar,MAN: 81.27421.0251,
DT-MAN p623 #1,520 A,623,3.70013,Pressure switch,Druckschalter,"TGL/TGM, TGA/TGS/TGX","5,8 bar",MAN: 81.25520.0209,
DT-MAN p623 #2,520 A,623,3.70005,Pressure switch,Druckschalter,TGA,"SW 19 SPmin_ 5,4 bar SPmax 5,8 bar M12 x 1,5",MAN: 81.25520.0184,
DT-MAN p623 #3,520 A,623,3.70023,Pressure switch,Druckschalter,TGA,"9,5 bar",MAN: 81.25520.0195,
DT-MAN p623 #4,520 A,623,3.70014,Pressure switch,Druckschalter,TGA/TGS/TGX,"6,4 bar",MAN: 81.25514.0036,
DT-MAN p623 #5,520 A,623,1.21624,Pressure sensor,Drucksensor,TGA/TGS/TGX,"max. 16 bar M16x 1,5",MAN: 81.27421.0268; WABCO: 441 044 101 0,
DT-MAN p624 #1,520 A,624,1.21662,Pressure sensor,Drucksensor,TGA/TGS/TGX,"max. 21 bar M16x1,5",MAN: 81.27421.0202; KNORR: 0 484 205 006,DT_NUMBER_FROM_OCR
DT-MAN p624 #2,520 A,624,3.37055,"Cable harness, black","Kabelstrang, schwarz","TGM, TGA/TGS/TGX",L 1750 mm,MAN: 81.25459.6002,
DT-MAN p624 #3,520 A,624,3.37056,"Cable harness, orange","Kabelstrang, orange","TGM, TGA/TGS/TGX",L 1750 mm,MAN: 81.25459.6003,
DT-MAN p625 #1,520 B,625,3.71003,Air dryer,Lufttrockner,"TGL/TGM, TGA/TGS/TGX","12,5 bar",MAN: 81.52102.6101; WABCO: 432 410 1130,
DT-MAN p625 #2,520 B,625,3.71008,Air dryer,Lufttrockner,"TGU/TGM, TGA/TGS/TGX","12,5 bar",MAN: 81.52102.6102; WABCO: 432 410 112 0,
DT-MAN p625 #3,520 B,625,3.71010,"Air dryer, without heating unit","Lufttrockner, ohne Heizung","TGUTGM, TGA/TGS/TGX",13 bar,MAN: 81.52102.6368; WABCO: 432 410 7200,
DT-MAN p625 #4,520 B,625,3.71011,Air dryer,Lufttrockner,"TGL/TGM, TGA/TGS/TGX",13 bar,MAN: 81.52102.6217; WABCO: 432 410 735 0,
DT-MAN p626 #1,520 B,626,1.31809,Air dryer cartridge,Lufttrocknerpatrone,"TGL/TGM, TGA/TGS/TGX","M39 x 1,5R",MAN: 82.52102.0013,
DT-MAN p626 #2,520 B,626,2.44265,"Air dryer cartridge, with coalescence filtration","Lufttrocknerpatrone, mit Koaleszencfiltrierung","TGL/TGM, TGA/TGS/TGX","L 165 mm M39 x 1,5R",MAN: 81.52155.0043; WABCO: 432 901 223 2,
DT-MAN p626 #3,520 B,626,1.31877,"Repair kit, air dryer","Reparatursatz, Lufttrockner","TGL/TGM, TGA/TGS/TGX",,MAN: 81.52102.6114; WABCO: 432 410 002 2,
DT-MAN p626 #4,520 B,626,1.31878,"Repair kit, air dryer","Reparatursatz, Lufttrockner","TGL/TGM, TGA/TGS/TGX",,MAN: 81.52102.6032; WABCO: 432 410 001 2,
DT-MAN p627 #1,520 B,627,3.97004,"Repair kit, air dryer","Reparatursatz, Lufttrockner","TGL/TGM, TGA/TGS/TGX",,MAN: 81.52102.6165; KNORR: 1136250008,
DT-MAN p627 #2,520 B,627,3.97005,"Repair kit, air dryer","Reparatursatz, Lufttrockner","TGU/TGM, TGA/TGS/TGX",,MAN: 81.52102.6164; KNORR: 11362480051,
DT-MAN p627 #3,520 B,627,3.97007,"Repair kit, air dryer","Reparatursatz, Lufttrockner","TGL/TGM, TGA/TGS/TGX",,MAN: 81.52102.6200; KNORR: K004868008,
DT-MAN p628 #1,520 C,628,3.72020,Solenoid valve,Magnetventil,"TGL/TGM, TGA/TGS/TGX","max. 11 bar 24V M12x1,5",MAN: 81.52160.6115; WABCO: 472 072 628 0,
DT-MAN p628 #2,520 C,628,3.72023,Solenoid valve,Magnetventil,TGA (H47),"max. 10 bar 24V M12 x 1,5",MAN: 81.52160.6091; WABCO: 472 132 198 0,
DT-MAN p628 #3,520 C,628,3.72022,"Solenoid valve, ECAS","Magnetventil, ECAS","TGL/TGM, TGA/TGS/TGX","max. 13 bar 24V M22 x 1,5",MAN: 81.25902.6239; WABCO: 472 880 001 0,
DT-MAN p628 #4,520 C,628,5.70163,"Solenoid valve, ECAS","Magnetventil, ECAS","TGM, TGA/TGS/TGX","max. 13 bar 24V M22 x 1,5",MAN: 81.25902.6147; WABCO: 472 905 111 0,
DT-MAN p629 #1,520 C,629,3.72076,"Solenoid valve, ECAS","Magnetventil, ECAS",TGA,"max. 13 bar 24V M22 x 1,5",MAN: 81.25902.6144; WABCO: 472 900 054 0,
DT-MAN p629 #2,520 C,629,3.72021,"Solenoid valve, ECAS","Magnetventil, ECAS",TGA/TGS/TGX,"max. 13 bar 24V M22 x 1,5",MAN: 81.25902.6158; WABCO: 472 900 057 0,
DT-MAN p629 #3,520 C,629,5.10500,"Solenoid valve, ECAS","Magnetventil, ECAS",TGA/TGS/TGX,"max. 13 bar 24V M22 x 1,5",MAN: 81.25902.6238; WABCO: 472 880 030 0,
DT-MAN p629 #4,520 C,629,5.72017,Solenoid,Magnet,"TGL/TGM, TGA/TGS/TGX",,MAN: 81.25902.6186; WABCO: 442 200 222 1,
DT-MAN p630 #1,520 C,630,4.90846,"Repair kit, solenoid valve","Reparatursatz, Magnetventil","TGL, TGA/TGS/TGX",,MAN: 81.25902.6179; WABCO: 472 900 009 2,
DT-MAN p630 #2,520 C,630,5.95103,"Repair kit, solenoid valve","Reparatursatz, Magnetventil","TGM, TGA/TGS/TGX",,MAN: 81.25902.6160; WABCO: 472 905 002 2,
DT-MAN p630 #3,520 C,630,5.95104,"Repair kit, solenoid valve","Reparatursatz, Magnetventil","TGM, TGA/TGS/TGX",,MAN: 81.25902.6161; WABCO: 472 905 003 2,
DT-MAN p630 #4,520 C,630,2.47082,Modulating valve,Modulatorventil,TGA/TGS/TGX,,MAN: 81.52301.6206; KNORR: 0 486 205 022,
DT-MAN p631 #1,520 C,631,3.72010,Pressure limiting valve,Druckbegrenzungsventil,"TGL/TGM, TGA/TGS/TGX","max. 10 bar Pin 10 bar Pout 3,5 bar M16 x 1,5",MAN: 81.52101.6153; KNORR: 179644,
DT-MAN p631 #2,520 C,631,3.72012,Pressure limiting valve,Druckbegrenzungsventil,"TGL/TGM, TGA/TGS/TGX","max. 20 bar Pin 10 bar Pout 8,5 bar M22 x 1,5",MAN: 81.52101.6269; WABCO: 475 010 300 0,
DT-MAN p631 #3,520 C,631,3.72016,Pressure limiting valve,Druckbegrenzungsventil,"TGL/TGM, TGA/TGS/TGX","max. 20 bar Pin 12,5 bar Pout 9,3 bar M22 x 1,5",MAN: 81.52101.6295; WABCO: 475 010 333 0,
DT-MAN p631 #4,520 C,631,3.72013,Pressure limiting valve,Druckbegrenzungsventil,"TGL, TGA/TGS/TGX","max. 20 bar Pin 12,5 bar Pout 10 bar M22 x 1,5",MAN: 81.52101.6270; WABCO: 475 010 301 0,
DT-MAN p632 #1,520 C,632,3.72007,Pressure limiting valve,Druckbegrenzungsventil,TGA,"max. 20 bar Pin 12 bar Pout 8 bar M22 x 1,5",MAN: 81.52101.6287; WABCO: 475 010 318 0,
DT-MAN p632 #2,520 C,632,3.72190,Pressure limiting valve,Druckbegrenzungsventil,TGA/TGS/TGX,"max. 10 bar Po 0,3 bar Pc 8 bar M12 x 1,5",MAN: 81.52101.6120; WABCO: 475 009 005 0,
DT-MAN p632 #3,520 C,632,3.72009,Pressure limiting valve,Druckbegrenzungsventil,TGA/TGS/TGX,"max. 20 bar Pin 10 bar Pout 3,5 bar M22 x 1,5",MAN: 81.52101.6285; WABCO: 475 010 325 0,
DT-MAN p632 #4,520 C,632,3.72015,Pressure limiting valve,Druckbegrenzungsventil,TGA/TGX,"max. 20 bar Pin 10 bar Pout 7 bar M22 x 1,5",MAN: 81.52101.6283; WABCO: 475 010 3140,
DT-MAN p633 #1,520 C,633,3.72006,Pressure limiting valve,Druckbegrenzungsventil,TGS/TGX,"max. 20 bar Pin 12 bar Pout 6,5 bar M22 x 1,5",MAN: 81.52101.6284; WABCO: 475 010 317 0,
DT-MAN p633 #2,520 C,633,7.90401,"Repair kit, pressure limiting valve","Reparatursatz, Druckbegrenzungsventil","TGL/TGM, TGA/TGS/TGX",,MAN: 81.52161.6269; WABCO: 475 015 001 2,
DT-MAN p633 #3,520 C,633,3.97116,"Repair kit, pressure limiting valve","Reparatursatz, Druckbegrenzungsventil","TGL/TGM, TGA/TGS/TGX",,MAN: 81.52101.6279; WABCO: 475 010 001 2,
DT-MAN p633 #4,520 C,633,2.47065,Reducing valve,Reduzierventil,TGM,"M22 x 1,5",MAN: 81.52180.6003; WABCO: 473 301 002 0,
DT-MAN p634 #1,520 C,634,3.72033,Overflow valve,Uberstromventil,"TGL/TGM, TGA/TGS/TGX","max. 13 bar Pov 7,3 bar M22 x 1,5",MAN: 81.52110.6049; WABCO: 434 100 033 0,
DT-MAN p634 #2,520 C,634,1.18349,Overflow valve,Uberstromventil,"TGL/TGM, TGA/TGS/TGX","max. 10 bar Pov 6,4 bar M22 x 1,5",MAN: 81.52110.6092; WABCO: 434 100 228 0,
DT-MAN p634 #3,520 C,634,3.72037,Overflow valve,Uberstromventil,"TGL/TGM, TGA/TGS/TGX","max. 10 bar Pov 0,5 bar M22 x 1,5",MAN: 85.50001.4342; WABCO: 434 100 027 0,
DT-MAN p634 #4,520 C,634,3.72043,Relay valve,Relaisventil,"TGL/TGM, TGA/TGS/TGX","max. 8,5 bar M22 x 1,5",MAN: 81.52116.6075; WABCO: 973 006 003 0,
DT-MAN p635 #1,520 C,635,3.72047,Relay valve,Relaisventil,"TGM, TGA/TGS/TGX","max. 12,5 bar M22 x 1,5",MAN: 81.52116.6078; WABCO: 973 003 007 0,
DT-MAN p635 #2,520 C,635,2.47002,Relay valve,Relaisventil,TGA (H25),"max. 10 bar M16 x 1,5 M22 x 1,5",MAN: 81.52116.6019; WABCO: 973 011 000 0,
DT-MAN p635 #3,520 C,635,3.72041,Relay valve,Relaisventil,TGA/TGS/TGX,"max. 10 bar M16x1,5 M22 x 1,5",MAN: 81.52116.6071; WABCO: 973 011 2000,
DT-MAN p635 #4,520 C,635,3.97102,"Repair kit, relay valve","Reparatursatz, Relaisventil",TGA (H25),,MAN: 81.52116.6039; KNORR: 176648,
DT-MAN p636 #1,520 C,636,1.31861,"Repair kit, relay valve","Reparatursatz, Relaisventil",TGA/TGS/TGX,,MAN: 81.52116.6072; WABCO: 973 011 000 2,
DT-MAN p636 #2,520 C,636,3.72093,Hand brake valve,Handbremsventil,"TGL/TGM, TGA/TGS/TGX",max. 10 bar M16,MAN: 81.52315.6156; WABCO: 961 723 118 0,
DT-MAN p636 #3,520 C,636,3.72092,Hand brake valve,Handbremsventil,"TGL (N15), TGA/TGS/TGX","max. 10 bar M16x1,5",MAN: 81.52315.6183; WABCO: 961 723 426 0,
DT-MAN p636 #4,520 C,636,2.94551,"Repair kit, hand brake valve","Reparatursatz, Handbremsventil","TGL/TGM, TGA/TGS/TGX",,MAN: 81.52315.6129; WABCO: 961 723 000 2,
DT-MAN p637 #1,520 C,637,3.97107,"Repair kit, hand brake valve","Reparatursatz, Handbremsventil","TGL/TGM, TGA/TGS/TGX",,MAN: 81.52315.6131; WABCO: 961 723 922 2,
DT-MAN p637 #2,520 C,637,3.72063,"Foot brake valve, EBS","FuBbremsventil, EBS",TGA/TGS/TGX,"max. 12,5 bar",MAN: 81.52130.6298; KNORR: K039569,
DT-MAN p637 #3,520 C,637,3.72064,"Foot brake valve, EBS","FuBbremsventil, EBS",TGA/TGS/TGX,max. 13 bar,MAN: 81.52130.6268; KNORR: K039530,
DT-MAN p637 #4,520 C,637,3.97113,"Repair kit, foot brake valve","Reparatursatz, FuB8bremsventil",TGA (H22),,MAN: 81.52130.6176; HALDEX: 950 320 020,
DT-MAN p638 #1,520 C,638,3.72170,EBS valve,EBS Ventil,TGA/TGS/TGX,"max. 12,5 bar M16x1,5 M22 x 1,5",MAN: 81.52106.6013; KNORR: 0 486 203 023,
DT-MAN p638 #2,520 C,638,3.72171,EBS valve,EBS Ventil,TGA/TGS/TGX,"max. 12,5 bar M16 x 1,5 M22 x 1,5",MAN: 81.52106.6014; KNORR: 0 486 204 017,
DT-MAN p638 #3,520 C,638,3.97120,"Repair kit, EBS valve","Reparatursatz, EBS Ventil",TGA/TGS/TGX,,MAN: 81.52106.6012; KNORR: 1 487 010 371,
DT-MAN p638 #4,520 C,638,3.97121,"Repair kit, EBS valve","Reparatursatz, EBS Ventil",TGA/TGS/TGX,,MAN: 81.52106.6006; KNORR: 1 487 010 361,
DT-MAN p639 #1,520 C,639,3.97122,"Repair kit, EBS valve","Reparatursatz, EBS Ventil",TGA/TGS/TGX,,MAN: 81.52106.6032; KNORR: K009459,
DT-MAN p639 #2,520 C,639,3.72114,Trailer control valve,Anhangersteuerventil,TGA/TGS/TGX,,MAN: 81.52301.6213; KNORR: K020623,
DT-MAN p639 #3,520 C,639,3.72052,Quick release valve,Schnellarbeitsventil,"TGM, TGA/TGS/TGX","max. 10 bar M22 x 1,5",MAN: 81.52115.6023; WABCO: 473 501 203 0,
DT-MAN p639 #4,520 C,639,3.72050,Quick release valve,Schnellarbeitsventil,"TGA, TGS (56S)","max. 12,5 bar M22 x 1,5",MAN: 81.52170.6146; WABCO: 973 500 042 0,
DT-MAN p640 #1,520 C,640,3.72054,Quick release valve,Schnellarbeitsventil,TGA/TGS/TGX,"max. 12,5 bar M22 x 1,5",MAN: 81.52115.6037; WABCO: 973 500 059 0,
DT-MAN p640 #2,520 C,640,3.72051,Quick release valve,Schnellarbeitsventil,TGA/TGS/TGX,"max. 12,5 bar M22 x 1,5",MAN: 81.52115.6034; WABCO: 973 500 034 0,
DT-MAN p640 #3,520 C,640,3.97114,"Repair kit, quick release valve","Reparatursatz, Schnellarbeitsventil",TGA/TGS/TGX,,MAN: 81.52115.6035; WABCO: 973 500 001 2,
DT-MAN p641 #1,520 C,641,3.72082,4-circuit-protection valve,4-Kreis-Schutzventil,TGA/TGS/TGX,"max. 13 bar Po21 6,9 bar Po22 6,9 bar Po23 7 bar Po24 6,9 bar Pc21 Ta",MAN: 81.52151.6094; WABCO: 934 714 1100,
DT-MAN p641 #2,520 C,641,3.72084,4-circuit-protection valve,4-Kreis-Schutzventil,TGA/TGS/TGX,"max. 13 bar Po21 6,9 bar Po22 6,9 bar Po23 7 bar Po24 6,9 bar Pc21 4,5 bar Po Se",MAN: 81.52151.6098; KNORR: 1137460,
DT-MAN p641 #3,520 C,641,3.72172,Pressure control valve,Druckregelventil,TGA/TGS/TGX,,MAN: 81.52106.6050; KNORR: K020024,
DT-MAN p642 #1,520 C,642,3.72173,Pressure control valve,Druckregelventil,TGA/TGS/TGX,,MAN: 81.52106.6049; KNORR: K021204,
DT-MAN p642 #2,520 C,642,4.63089,Relief valve,Riickschlagventil,"TGL/TGM, TGA/TGS/TGX","max. 18 bar M22 x 1,5",MAN: 81.52120.6004; WABCO: 434 014 000 0,
DT-MAN p642 #3,520 C,642,3.97115,"Repair kit, relief valve","Reparatursatz, Riickschlagventil","TGU/TGM, TGA/TGS/TGX",,MAN: 81.52120.6031; WABCO: 434 014 009 2,
DT-MAN p642 #4,520 C,642,3.72140,2-way valve,2-Wegeventil,TGA (H69),"max. 10 bar M22 x 1,5",MAN: 81.52130.6052; KNORR: 140405,
DT-MAN p643 #1,520 C,643,3.72185,Water drain valve,Entwasserungsventil,"TGL/TGM, TGA/TGS/TGX",M22,MAN: 81.51260.6059,
DT-MAN p643 #2,520 C,643,4.30029,Water drain valve,Entwasserungsventil,TGA/TGS/TGX,"SW 27 H M22 x 1,5",MAN: 81.51260.7002; KNORR: 194095,
DT-MAN p643 #3,520 C,643,4.60333,Pipe filter,Leitungsfilter,"TGL/TGM, TGA/TGS","max. 20 bar M22 x 1,5",MAN: 81.51270.6026; WABCO: 432 500 020 0,
DT-MAN p643 #4,520 C,643,1.18361,Silencer,Schalldampfer,"TGUTGM, TGA/TGS/TGX",,MAN: 81.52101.6264; KNORR: 178074,
DT-MAN p644 #1,520 C,644,1.18362,Silencer,Schalldampfer,"TGUTGM, TGA/TGS/TGX",,MAN: 81.52101.6274; WABCO: 432 407 060 0,
DT-MAN p644 #2,520 C,644,5.77029,Palm coupling,Kupplungskopf,TGA/TGS/TGX,"M16 x 1,5",MAN: 81.51220.6120; WABCO: 452 802 009 0,
DT-MAN p645 #1,520 D,645,3.74009,Brake cylinder,Bremszylinder,TGM,"Ls 57mm Lp 37 mm M16 x 1,5 Type 24",MAN: 81.51101.6264; WABCO: 423 106 115 0,
DT-MAN p645 #2,520 D,645,3.74049,"Brake cylinder, left","Bremszylinder, links","TGM, TGA/TGS/TGX","Ls 64 mm Lp 15mm M16 x 1,5 M22 x 1,5 Type 24",MAN: 81.51101.6483; KNORR: K002843,DT_NUMBER_FROM_OCR
DT-MAN p645 #3,520 D,645,3.74050,"Brake cylinder, right","Bremszylinder, rechts","TGM, TGA/TGS/TGX","Ls 64 mm Lp 15mm M16 x 1,5 M22 x 1,5 Type 24",MAN: 81.51101.6484; KNORR: K002844,DT_NUMBER_FROM_OCR
DT-MAN p645 #4,520 D,645,3.74013,Brake cylinder,Bremszylinder,TGA/TGS,"Ls 57mm Lp 75mm M16 x 1,5 Type 24",MAN: 81.51101.6305; KNORR: 198423,
DT-MAN p646 #1,520 D,646,3.74010,Brake cylinder,Bremszylinder,TGA/TGS/TGX,"Ls 75mm Lp 37 mm M16 x 1,5 Type 27",MAN: 81.51101.6455; WABCO: 423 109 102 0,
DT-MAN p646 #2,520 D,646,3.74012,Brake cylinder,Bremszylinder,TGA/TGS/TGX,"Ls 75mm Lp 40 mm M16 x 1,5 Type 27",MAN: 81.51101.6481; WABCO: 423 109 120 0,
DT-MAN p646 #3,520 D,646,3.74051,"Brake cylinder, left","Bremszylinder, links",TGA/TGS/TGX,"Ls 75mm Lp 20 mm M22 x 1,5 Type 24",MAN: 81.51101.6499; WABCO: 423 106 701 0,DT_NUMBER_FROM_OCR
DT-MAN p646 #4,520 D,646,3.74008,"Brake cylinder, right","Bremszylinder, rechts",TGA/TGS/TGX,"Ls 75 mm Lp 20 mm M16 x 1,5 M22 x 1,5 Type 24",MAN: 81.51101.6498; WABCO: 423 106 700 0,
DT-MAN p647 #1,520 D,647,3.74032,Spring brake cylinder,Federspeicherbremszylinder,TGM,"Ls 57mm Lp 300 mm M16 x 1,5 M22 x 1,5 Type 20/24",MAN: 81.50410.6607; KNORR: 1137275,
DT-MAN p647 #2,520 D,647,3.74068,"Spring brake cylinder, left","Federspeicherbremszylinder, links",TGM,"Ls 64mm Lp 15mm M16x1,5 M33 x 1,5 Type 16/24",MAN: 81.50410.6907; WABCO: 925 464 0140,DT_NUMBER_FROM_OCR
DT-MAN p647 #3,520 D,647,3.74057,"Spring brake cylinder, right","Federspeicherbremszylinder, rechts",TGM,"Ls 64mm Lp 15mm M16x1,5 M22 x 1,5 Type 16/24",MAN: 81.50410.6908; WABCO: 925 464 015 0,
DT-MAN p647 #4,520 D,647,3.74021,"Spring brake cylinder, left","Federspeicherbremszylinder, links","TGM, TGA/TGS/TGX",Ls 64mm Type 20/24,MAN: 81.50410.6867; KNORR: K007669,
DT-MAN p648 #1,520 D,648,3.74022,"Spring brake cylinder, right","Federspeicherbremszylinder, rechts","TGM, TGA/TGS/TGX","Ls 64 mm M16 x 1,5 Type 20/24",MAN: 81.50410.6868; KNORR: K007668,
DT-MAN p648 #2,520 D,648,3.74004,"Spring brake cylinder, left","Federspeicherbremszylinder, links",TGA,"Ls 57mm Lp 20 mm M16 x 1,5 M22 x 1,5 Type 10/16",MAN: 81.50410.6779; KNORR: K007626,
DT-MAN p648 #3,520 D,648,3.74003,"Spring brake cylinder, right","Federspeicherbremszylinder, rechts",TGA,"Ls 57mm Lp 20mm M16 x 1,5 M22 x 1,5 Type 10/16",MAN: 81.50410.6778; KNORR: K007625,
DT-MAN p648 #4,520 D,648,3.74001,"Spring brake cylinder, left","Federspeicherbremszylinder, links",TGA,"Ls 75mm Lp 20 mm M16 x 1,5 M22 x 1,5 Type 20/24",MAN: 81.50410.6733; WABCO: 925 460 230 0,
DT-MAN p649 #1,520 D,649,3.74000,"Spring brake cylinder, right","Federspeicherbremszylinder, rechts",TGA,"Ls 75 mm Lp 20mm M16 x 1,5 M22 x 1,5 Type 20/24",MAN: 81.50410.6732; WABCO: 925 460 231 0,
DT-MAN p649 #2,520 D,649,3.74030,"Spring brake cylinder, left","Federspeicherbremszylinder, links",TGA/TGS,"Ls 57mm Lp 37 mm M16 x 1,5 Type 24",MAN: 81.50410.6339; KNORR: 1114009,
DT-MAN p649 #3,520 D,649,3.74055,"Spring brake cylinder, right","Federspeicherbremszylinder, rechts",TGA/TGS,"Ls 57 mm Lp 37 mm M16 x 1,5 Type 24",MAN: 81.50410.6340; KNORR: 1114008,
DT-MAN p649 #4,520 D,649,3.74006,"Spring brake cylinder, left","Federspeicherbremszylinder, links",TGA/TGS/TGX,"Ls 57mm Lp 200 mm M16 x 1,5 M22 x 1,5 Type 24/24",MAN: 81.50410.6609; WABCO: 925 421 751 0,
DT-MAN p650 #1,520 D,650,3.74015,"Spring brake cylinder, right","Federspeicherbremszylinder, rechts",TGA/TGS/TGX,"Ls 57mm Lp 200 mm M22 x 1,5 Type 24/24",MAN: 81.50410.6552; WABCO: 925 421 752 0,
DT-MAN p650 #2,520 D,650,3.74067,"Spring brake cylinder, left","Federspeicherbremszylinder, links",TGA/TGS/TGX,Ls 64 mm Lp 15mm Type 20/24,MAN: 81.50410.6935; KNORR: K007677,DT_NUMBER_FROM_OCR
DT-MAN p650 #3,520 D,650,3.74056,"Spring brake cylinder, right","Federspeicherbremszylinder, rechts",TGA/TGS/TGX,Ls 64 mm Lp 15mm Type 20/24,MAN: 81.50410.6936; KNORR: K010025,
DT-MAN p650 #4,520 D,650,3.74016,Spring brake cylinder,Federspeicherbremszylinder,TGA/TGS/TGX,"Ls 65 mm Lp 75mm M16 x 1,5 M22 x 1,5 Type 24/30",MAN: 81.50410.6566; WABCO: 925 421 540 0,
DT-MAN p651 #1,520 D,651,3.74005,Spring brake cylinder,Federspeicherbremszylinder,TGA/TGS/TGX,"Ls 57mm Lp 75mm M16 x 1,5 M22 x 1,5 Type 24/24",MAN: 81.50410.6540; WABCO: 925 421 7500,
DT-MAN p651 #2,520 D,651,3.74017,Spring brake cylinder,Federspeicherbremszylinder,TGA/TGS/TGX,"Ls 65 mm Lp 75 mm M22 x 1,5 Type 30/30",MAN: 81.50410.6674; WABCO: 925 422 1200,
DT-MAN p651 #3,520 D,651,3.74037,Spring brake cylinder,Federspeicherbremszylinder,TGA/TGS/TGX,"Ls 65 mm Lp 200 mm M16 x 1,5 M22 x 1,5 Type 30/30",MAN: 81.50410.6675; WABCO: 925 422 122 0,
DT-MAN p651 #4,520 D,651,1.18030,Diaphragm,Membran,Universal,D 128 mm T 34mm Type 9,WABCO: 897 120 495 4,
DT-MAN p652 #1,520 D,652,1.18031,Diaphragm,Membran,Universal,D 139 mm T 31mm Type 12,MAN: 81.51113.0019; WABCO: 897 120 505 4,
DT-MAN p652 #2,520 D,652,1.18032,Diaphragm,Membran,Universal,D 156 mm T 35mm Type 16,MAN: 81.51113.0013; WABCO: 897 120 510 4,
DT-MAN p652 #3,520 D,652,1.18033,Diaphragm,Membran,Universal,"D 167,5 mm T 37mm Type 20",MAN: 81.51113.0001; WABCO: 897 120 520 4,
DT-MAN p652 #4,520 D,652,1.18034,Diaphragm,Membran,Universal,"D 177,5 mm Ti 36,5 mm Type 24",MAN: 90.91157.8013; WABCO: 897 120 530 4,
DT-MAN p653 #1,520 D,653,1.18035,Diaphragm,Membran,Universal,"D 200 mm T 38,8 mm Type 30",MAN: 90.91159.0013; WABCO: 897 120 540 4,
DT-MAN p653 #2,520 D,653,1.18036,Diaphragm,Membran,Universal,D 222 mm i 43 mm Type 36,WABCO: 897 120 550 4,
DT-MAN p653 #3,520 D,653,4.80158,Diaphragm,Membran,Universal,D 157 mm T 44mm Type 16 long,MAN: 81.51113.0007; WABCO: 897 120 516 4,
DT-MAN p653 #4,520 D,653,4.80159,Diaphragm,Membran,Universal,D 168 mm T 45mm Type 20 long,MAN: 81.51113.0020; WABCO: 897 120 526 4,
DT-MAN p654 #1,520 D,654,4.80160,Diaphragm,Membran,Universal,D 179 mm T 45 mm Type 24 long,MAN: 81.51113.0017; WABCO: 897 120 536 4,
DT-MAN p654 #2,520 D,654,4.80161,Diaphragm,Membran,Universal,D 202 mm T 50 mm Type 30 long,WABCO: 897 120 546 4,
DT-MAN p655 #1,520 E,655,3.70106,Air tank,Lufttank,,"D 246 mm L 274mm M22 x 1,5 101 12,5 bar",MAN: 81.51401.0125,DT_NUMBER_FROM_OCR
DT-MAN p655 #2,520 E,655,3.70101,Air tank,Lufttank,"TGU/TGM, TGA/TGS/TGX","D 154mm L 273 mm M22 x 1,5 4| 12,5 bar",MAN: 81.51401.0194,DT_NUMBER_FROM_OCR
DT-MAN p655 #3,520 E,655,3.70103,Air tank,Lufttank,"TGUTGM, TGA/TGS/TGX","D 206 mm L 294 mm 81 12,5 bar",MAN: 81.51401.0237,DT_NUMBER_FROM_OCR
DT-MAN p655 #4,520 E,655,3.70121,Air tank,Lufttank,"TGL/TGM, TGA/TGS/TGX","D 206 mm L 294 mm M22 x 1,5 12,5 bar",MAN: 81.51401.0243,DT_NUMBER_FROM_OCR
DT-MAN p656 #1,520 E,656,3.70122,Air tank,Lufttank,"TGL/TGM, TGA/TGS/TGX","D 310mm L 324mm M22 x 1,5 201 12,5 bar",MAN: 81.51401.0244,DT_NUMBER_FROM_OCR
DT-MAN p656 #2,520 E,656,3.70123,Air tank,Lufttank,TGA/TGS/TGX,"D 310mm L 461 mm M22 x 1,5 301 12,5 bar",MAN: 81.51401.0245,DT_NUMBER_FROM_OCR
DT-MAN p656 #3,520 E,656,3.70114,Air tank,Lufttank,"TGL/TGM, TGA/TGS/TGX","D 310 mm L 462 mm M22 x 1,5 301 12,5 bar",MAN: 81.51401.0239,DT_NUMBER_FROM_OCR
DT-MAN p657 #1,520 E,657,3.70113,Air tank,Lufttank,"TGL, TGA/TGS/TGX","D 310 mm L 324mm M22 x 1,5 201 12,5 bar",MAN: 81.51401.0238,DT_NUMBER_FROM_OCR
DT-MAN p657 #2,520 E,657,3.70116,Air tank,Lufttank,"TGM, TGA","D 310 mm L 529 mm M22 x 1,5 351 12,5 bar",MAN: 81.51401.0240,DT_NUMBER_FROM_OCR
DT-MAN p657 #3,520 E,657,3.70100,Air tank,Lufttank,TGA,"D 154mm L 416 mm M22 x 1,5 61 12,5 bar",MAN: 81.51401.0123,DT_NUMBER_FROM_OCR
DT-MAN p658 #1,520 E,658,3.70117,Air tank,Lufttank,TGA/TGS/TGX,"D 396 mm L 349 mm M22 x 1,5 301 12,5 bar",MAN: 81.51401.0242,DT_NUMBER_FROM_OCR
DT-MAN p658 #2,520 E,658,3.70115,Air tank,Lufttank,TGA/TGS/TGX,"D 310mm L 529 mm M22 x 1,5 351 12,5 bar",MAN: 81.51401.0259,DT_NUMBER_FROM_OCR
DT-MAN p658 #3,520 E,658,3.70124,Air tank,Lufttank,TGA/TGS/TGX,"D 310mm L 604 mm M22 x 1,5 401 12,5 bar",MAN: 81.51401.0247,DT_NUMBER_FROM_OCR
DT-MAN p659 #1,520 E,659,3.70120,Air tank,Lufttank,TGA/TGS/TGX,"D 310 mm L 605 mm M22 x 1,5 401 12,5 bar",MAN: 81.51401.0241,DT_NUMBER_FROM_OCR
DT-MAN p660 #1,540 A,660,3.75110,Compressor housing,Kompressorgehause,"D 2866, D 2876",,MAN: 51.54112.0012,
DT-MAN p660 #2,540 A,660,3.75111,Compressor housing,Kompressorgehause,"D 2866, D 2876",,MAN: 51.54112.6030,
DT-MAN p660 #3,540 A,660,3.75113,"Compressor housing, water cooled","Kompressorgehause, wassergekihlt","D 2866, D 2876",,MAN: 51.54112.6020,
DT-MAN p660 #4,540 A,660,3.75036,Compressor,Kompressor,"D 0826, D 0836",,MAN: 51.54101.7231; KNORR: 1134069,
DT-MAN p661 #1,540 A,661,3.75084,Compressor,Kompressor,"D 0834, D 0836",,MAN: 51.54100.7070; WABCO: 912 117 000 0,
DT-MAN p661 #2,540 A,661,3.75006,Compressor,Kompressor,"D 2066, D 2676",,MAN: 51.54100.7121; KNORR: LP3997,
DT-MAN p661 #3,540 A,661,3.75087,Compressor,Kompressor,"D 2066, D 2676",,MAN: 51.54100.7197; KNORR: K015108,
DT-MAN p661 #4,540 A,661,3.75086,Compressor,Kompressor,"D 2066, D 2676",,MAN: 51.54100.7114; KNORR: K015965,
DT-MAN p662 #1,540 A,662,3.75037,Compressor,Kompressor,"D 2066, D 2676",,MAN: 51.54100.7205; KNORR: K082139,
DT-MAN p662 #2,540 A,662,3.75088,Compressor,Kompressor,"D 2066, D 2676",,MAN: 51.54000.7146; KNORR: K082266,
DT-MAN p662 #3,540 A,662,3.75016,Compressor,Kompressor,"D 2676, D 2840, D 2868, D 2876",,MAN: 51.54100.7080; KNORR: K001611,DT_NUMBER_FROM_OCR
DT-MAN p663 #1,540 A,663,3.75000,Compressor,Kompressor,D 2866,,MAN: 51.54000.7058,
DT-MAN p663 #2,540 A,663,3.75001,Compressor,Kompressor,"D 2866, D 2876",,MAN: 51.54000.7129,
DT-MAN p663 #3,540 A,663,3.75003,Compressor,Kompressor,"D 2866, D 2876",,MAN: 51.54100.6007,
DT-MAN p664 #1,540 A,664,3.75004,Compressor,Kompressor,"D 2866, D 2876",,MAN: 51.54000.7135,
DT-MAN p664 #2,540 A,664,3.75005,Compressor,Kompressor,"D 2866, D 2876",,MAN: 51.54100.6015,
DT-MAN p664 #3,540 A,664,3.75007,Compressor,Kompressor,"D 2866, D 2876",,MAN: 51.54100.6001,
DT-MAN p665 #1,540 A,665,3.75014,Compressor,Kompressor,"D 2866, D 2876",,MAN: 51.54000.7127,
DT-MAN p665 #2,540 A,665,3.75035,Compressor,Kompressor,"D 2866, D 2876",,MAN: 51.54100.6003,DT_NUMBER_FROM_OCR
DT-MAN p665 #3,540 A,665,3.75038,Compressor,Kompressor,"D 2866, D 2876",,MAN: 51.54100.7010,
DT-MAN p666 #1,540 A,666,3.75039,Compressor,Kompressor,"D 2866, D 2876",,MAN: 51.54100.6009,
DT-MAN p666 #2,540 A,666,3.75075,Compressor,Kompressor,"D 2866, D 2876",,MAN: 51.54100.7066,
DT-MAN p666 #3,540 A,666,3.75076,Compressor,Kompressor,"D 2866, D 2876",,MAN: 51.54100.7028,
DT-MAN p667 #1,540 A,667,3.75078,Compressor,Kompressor,"D 2866, D 2876",,MAN: 51.54100.7033,
DT-MAN p667 #2,540 A,667,3.75079,Compressor,Kompressor,"D 2866, D 2876",,MAN: 51.54100.7088,
DT-MAN p667 #3,540 A,667,3.75168,"Drive gear, compressor","Antriebsrad, Kompressor","D 2066, D 2676",,MAN: 51.54210.6042,
DT-MAN p668 #1,540 A,668,3.75160,"Drive gear, compressor","Antriebsrad, Kompressor","D 2866, D 2876",,MAN: 51.54210.0038,
DT-MAN p668 #2,540 A,668,3.75161,"Drive gear, compressor","Antriebsrad, Kompressor","D 2866, D 2876",,MAN: 51.54210.0141,
DT-MAN p668 #3,540 A,668,3.75162,"Drive gear, compressor","Antriebsrad, Kompressor","D 2866, D 2876",,MAN: 51.54210.0182,
DT-MAN p668 #4,540 A,668,3.75163,"Drive gear, compressor","Antriebsrad, Kompressor","D 2866, D 2876",,MAN: 51.54210.0140,DT_NUMBER_FROM_OCR
DT-MAN p669 #1,540 A,669,3.75164,"Drive gear, compressor","Antriebsrad, Kompressor","D 2866, D 2876",,MAN: 51.54210.0123,DT_NUMBER_FROM_OCR
DT-MAN p669 #2,540 A,669,3.75165,"Drive gear, compressor","Antriebsrad, Kompressor","D 2866, D 2876",,MAN: 51.54210.0135,DT_NUMBER_FROM_OCR
DT-MAN p669 #3,540 A,669,3.75166,"Drive gear, compressor","Antriebsrad, Kompressor","D 2866, D 2876",,MAN: 51.54210.0138,
DT-MAN p669 #4,540 A,669,3.75167,"Drive gear, compressor","Antriebsrad, Kompressor","D 2866, D 2876",,MAN: 51.54210.0124,
DT-MAN p670 #1,540 A,670,3.75169,"Drive gear, compressor","Antriebsrad, Kompressor","D 2866, D 2876",,MAN: 51.54210.0122,
DT-MAN p670 #2,540 A,670,3.15230,"Drive shaft, compressor","Antriebswelle, Kompressor","D 0836/2066, D 2676/2866, D 2868/2876",,MAN: 51.06650.0005,
DT-MAN p670 #3,540 A,670,3.75507,"Gasket, compressor","Dichtung, Kompressor","D 2840, D 2866, D 2876",,MAN: 51.54901.0042,
DT-MAN p670 #4,540 A,670,3.75505,"Gasket, compressor","Dichtung, Kompressor",D 2866,,MAN: 51.01903.0247,
DT-MAN p671 #1,540 A,671,3.75501,"Gasket, compressor","Dichtung, Kompressor","D 2866, D 2876",,MAN: 51.54901.0029,
DT-MAN p671 #2,540 A,671,4.20161,"Gasket, compressor","Dichtung, Kompressor",Universal,,MAN: 81.54901.0032; WABCO: 897 106 863 4,
DT-MAN p671 #3,540 A,671,4.20268,"Sealing strip, compressor","Gummidichtung, Kompressor","D 2866, D 2876",,MAN: 51.96101.0048,
DT-MAN p671 #4,540 A,671,3.97322,"Repair kit, compressor","Reparatursatz, Kompressor","D 0834, D 0836 412 352 003 0, 912 1170000",,MAN: 51.54114.6082,
DT-MAN p672 #1,540 A,672,3.97308,"Repair kit, compressor","Reparatursatz, Kompressor",D 0836,,MAN: 51.54100.6042; WABCO: 412 352 001 2,
DT-MAN p672 #2,540 A,672,3.97305,"Repair kit, compressor","Reparatursatz, Kompressor","D 2066, D 2676",,MAN: 51.54100.6049; KNORR: K015042,
DT-MAN p672 #3,540 A,672,3.75177,"Repair kit, compressor","Reparatursatz, Kompressor","D 2066, D 2676",,MAN: 51.54210.6046; KNORR: K017380,
DT-MAN p672 #4,540 A,672,3.97341,"Repair kit, compressor","Reparatursatz, Kompressor","D 2066, D 2676",,MAN: 51.54210.6045; KNORR: K017357,
DT-MAN p673 #1,540 A,673,3.97342,"Repair kit, compressor","Reparatursatz, Kompressor","D 2066, D 2676",,MAN: 51.54100.7114,
DT-MAN p673 #2,540 A,673,3.97343,"Repair kit, compressor","Reparatursatz, Kompressor","D 2066, D 2676",,MAN: 51.54100.7114,
DT-MAN p673 #3,540 A,673,3.97344,"Repair kit, compressor","Reparatursatz, Kompressor","D 2066, D 2676",,MAN: 51.54100.7114,
DT-MAN p673 #4,540 A,673,3.97345,"Repair kit, compressor","Reparatursatz, Kompressor","D 2066, D 2676",,MAN: 51.54100.7115,
DT-MAN p674 #1,540 A,674,3.97338,"Repair kit, compressor","Reparatursatz, Kompressor","D 2066, D 2676",,MAN: 51.54100.7121,
DT-MAN p674 #2,540 A,674,3.97337,"Repair kit, compressor","Reparatursatz, Kompressor","D 2066, D 2676",,MAN: 51.54100.7095,
DT-MAN p674 #3,540 A,674,3.97314,"Repair kit, compressor","Reparatursatz, Kompressor","D 2066, D 2676 LP3980",,MAN: 51.54124.6003; KNORR: SEB01694004,
DT-MAN p674 #4,540 A,674,3.97315,"Repair kit, compressor","Reparatursatz, Kompressor","D 2066, D 2676 LP3980",,MAN: 51.54114.6084,
DT-MAN p675 #1,540 A,675,3.97327,"Repair kit, compressor","Reparatursatz, Kompressor","D 2066, D 2676 LP3980",,MAN: 51.54100.6049,
DT-MAN p675 #2,540 A,675,3.97328,"Repair kit, compressor","Reparatursatz, Kompressor","D 2066, D 2676 LP3980",,MAN: 51.54100.6049,
DT-MAN p675 #3,540 A,675,3.97329,"Repair kit, compressor","Reparatursatz, Kompressor","D 2066, D 2676, D 2868 LK4928",,MAN: 81.54101.6055; KNORR: K019528,
DT-MAN p675 #4,540 A,675,3.97318,"Repair kit, compressor","Reparatursatz, Kompressor","D 2066, D 2676, D 2868 LK4928",,MAN: 81.54101.6055,
DT-MAN p676 #1,540 A,676,3.97319,"Repair kit, compressor","Reparatursatz, Kompressor","D 2066, D 2676, D 2868 LK4928",,MAN: 81.54101.6055,
DT-MAN p676 #2,540 A,676,4.90242,"Repair kit, compressor for 90 mm watercooled + aircooled liner","Reparatursatz, Kompressor fur 90 mm wassergekihlte + luftgekiihIte Laufbuchse","D 2840, D 2866, D 2876",,MAN: 81.54124.6006,
DT-MAN p676 #3,540 A,676,4.90228,"Repair kit, compressor for 90 mm watercooled liner","Reparatursatz, Kompressor fiir 90 mm wassergekiihlte Laufbuchse","D 2840, D 2866, D 2876",,MAN: 81.54124.6006,
DT-MAN p677 #1,540 A,677,3.97346,"Repair kit, compressor","Reparatursatz, Kompressor",D 2866,,,
DT-MAN p677 #2,540 A,677,3.97304,"Repair kit, compressor","Reparatursatz, Kompressor","D 2866, D 2876",,MAN: 81.54124.6019; KNORR: 1138716F004,
DT-MAN p677 #3,540 A,677,3.97316,"Repair kit, compressor","Reparatursatz, Kompressor","D 2866, D 2876",,MAN: 51.54114.6066,
DT-MAN p677 #4,540 A,677,3.97320,"Repair kit, compressor","Reparatursatz, Kompressor","D 2866, D 2876",,MAN: 51.54114.6066,
DT-MAN p678 #1,540 A,678,3.97317,"Repair kit, compressor","Reparatursatz, Kompressor","D 2866, D 2876",,MAN: 51.54114.6081,
DT-MAN p678 #2,540 A,678,3.97321,"Repair kit, compressor","Reparatursatz, Kompressor","D 2866, D 2876",,MAN: 51.54114.6081,
DT-MAN p678 #3,540 A,678,3.75017,"Cylinder head, compressor","Zylinderkopf, Kompressor","D 2066, D 2676",,MAN: 51.54114.6084; KNORR: K019286,DT_NUMBER_FROM_OCR
DT-MAN p678 #4,540 A,678,3.75156,"Cylinder head, compressor","Zylinderkopf, Kompressor","D 2066, D 2676, D 2868",,MAN: 81.54114.6048; KNORR: SEB01903004,
DT-MAN p679 #1,540 A,679,3.75028,"Cylinder head, compressor","Zylinderkopf, Kompressor","D 2866, D 2876",,MAN: 51.54114.6081,
DT-MAN p679 #2,540 A,679,3.75018,"Cylinder head, compressor, complete","Zylinderkopf, Kompressor, komplett","D 0834, D 0836",,MAN: 51.54114.6082; WABCO: 412 352 924 2,
DT-MAN p679 #3,540 A,679,3.12212,"Cylinder head, compressor, complete","Zylinderkopf, Kompressor, komplett","D 2066, D 2676",,MAN: 51.54100.7095,
DT-MAN p680 #1,540 A,680,3.12213,"Cylinder head, compressor, complete","Zylinderkopf, Kompressor, komplett","D 2066, D 2076 LP3986 K005977",,MAN: 51.54100.7096,
DT-MAN p680 #2,540 A,680,3.75155,"Cylinder head, compressor, complete","Zylinderkopf, Kompressor, komplett","D 2066, D 2676",,MAN: 51.54100.7114,
DT-MAN p680 #3,540 A,680,3.75158,"Cylinder head, compressor, complete","Zylinderkopf, Kompressor, komplett","D 2066, D 2676",,MAN: 51.54100.7115,
DT-MAN p680 #4,540 A,680,3.75151,"Cylinder head, compressor, complete","Zylinderkopf, Kompressor, komplett","D 2066, D 2676",,MAN: 51.54100.7121,
DT-MAN p681 #1,540 A,681,3.75152,"Cylinder head, compressor, complete","Zylinderkopf, Kompressor, komplett","D 2066, D 2676",,MAN: 51.54100.7205,
DT-MAN p681 #2,540 A,681,3.75025,"Cylinder head, compressor, complete","Zylinderkopf, Kompressor, komplett","D 2840, D 2866, D 2876",D 100 mm,MAN: 51.54114.6073; WABCO: 412 100 806 2,
DT-MAN p681 #3,540 A,681,4.60705,"Cylinder head, compressor, complete","Zylinderkopf, Kompressor, komplett","D 2866, D 2876",D 90 mm,MAN: 51.54114.6045; WABCO: 411 033 808 2,
DT-MAN p681 #4,540 A,681,3.75020,"Cylinder head, compressor, complete","Zylinderkopf, Kompressor, komplett","D 2866, D 2876",D 90 mm,MAN: 51.54114.6054,
DT-MAN p682 #1,540 A,682,3.75190,"Cylinder head, compressor, complete","Zylinderkopf, Kompressor, komplett","D 2866, D 2876",,MAN: 51.54114.6074; WABCO: 412 100 807 2,
DT-MAN p682 #2,540 A,682,3.75026,"Cylinder head, compressor, complete","Zylinderkopf, Kompressor, komplett","D 2866, D 2876",D 100 mm,MAN: 51.54114.6081; WABCO: 412 090 803 2,
DT-MAN p682 #3,540 A,682,4.90229,"Repair kit, cylinder head, compressor for 90 mm watercooled liner","Reparatursatz, Zylinderkopf, Kompressor fiir 90 mm wassergekiihlte Laufbuchse","D 2840, D 2866, D 2876",,MAN: 81.54124.6006,
DT-MAN p683 #1,540 A,683,3.97370,"Repair kit, cylinder head, compressor","Reparatursatz, Zylinderkopf, Kompressor","D 2866, D 2876",,MAN: 51.54000.7079,
DT-MAN p683 #2,540 A,683,3.75157,"Intermediate plate, cylinder head, compressor","Zwischenplatte, Zylinderkopf, Kompressor","D 2066, D 2676",,MAN: 51.54100.7114,
DT-MAN p683 #3,540 A,683,3.75159,"Intermediate plate, cylinder head, compressor","Zwischenplatte, Zylinderkopf, Kompressor","D 2066, D 2676",,MAN: 51.54100.7115,
DT-MAN p683 #4,540 A,683,4.20178,"Gasket, cylinder head, compressor","Dichtung, Zylinderkopf, Kompressor","D 2866, D 2876",,MAN: 51.54901.0027,
DT-MAN p684 #1,540 A,684,4.20305,"Gasket, cylinder head, compressor","Dichtung, Zylinderkopf, Kompressor","D 2866, D 2876",,MAN: 81.54901.0102; WABCO: 897 317 013 4,
DT-MAN p684 #2,540 A,684,3.75029,"Valve plate, compressor","Ventilplatte, Kompressor","D 2866, D 2876",,MAN: 51.54114.6081,
DT-MAN p684 #3,540 A,684,3.75560,"Pressure valve, compressor","Druckventil, Kompressor","D 0834, D 0836",,MAN: 81.54122.6004; WABCO: 411 151 500 2,
DT-MAN p684 #4,540 A,684,3.97366,"Repair kit, disc valve","Reparatursatz, Lamellenventil","D 2066, D 2676",,MAN: 51.54124.6004; KNORR: K015040,
DT-MAN p685 #1,540 A,685,3.97365,"Repair kit, disc valve","Reparatursatz, Lamellenventil","D 2866, D 2876",,MAN: 51.54000.7079,
DT-MAN p685 #2,540 A,685,4.90622,"Repair kit, disc valve","Reparatursatz, Lamellenventil","D 2866, D 2876",,MAN: 81.54124.6017; WABCO: 411 033 505 2,
DT-MAN p685 #3,540 A,685,4.90775,Valve disc kit,Lamellensatz,"D 0836, D 2840, D 2866, D 2876",,MAN: 81.54124.6006,DT_NUMBER_FROM_OCR
DT-MAN p685 #4,540 A,685,4.60643,Suction disc for 90 mm liner,Sauglamelle fiir 90 mm Laufouchse,"D 2866, D 2876",,MAN: 81.54116.0002,
DT-MAN p686 #1,540 A,686,4.60642,Pressure disc for 90 mm watercooled liner,Drucklamelle fiir 90 mm wassergekiihite Laufbuchse,"D 2866, D 2876",,MAN: 81.54115.0005,
DT-MAN p686 #2,540 A,686,3.75104,"Cylinder liner, compressor","Zylinderlaufbuchse, Kompressor","D 2840, D 2866, D 2876",d 100 mm,MAN: 51.54105.6021,
DT-MAN p686 #3,540 A,686,3.90135,Piston and liner kit,Kolben-Laufbuchsensatz,"D 2866, D 2876",D 88 mm,MAN: 51.54000.7079,
DT-MAN p687 #1,540 A,687,4.90230,"Piston and liner kit, water cooled","Kolben-Laufbuchsensatz, wassergekuhlt","D 2866, D 2876",D 90 mm,MAN: 51.54105.6008; MAHLE: 004 15 90,
DT-MAN p687 #2,540 A,687,4.90231,"Piston and liner kit, air cooled","Kolben-Laufbuchsensatz, luftgekiihit","D 2866, D 2876",D 90 mm,MAN: 51.54105.6006; MAHLE: 004 15 92,
DT-MAN p687 #3,540 A,687,3.75105,"Piston, compressor","Kolben, Kompressor","D 2066, D 2676, D 2868 LK 3994",D 92 mm STD,MAN: 51.54119.6009; KNORR: K006026,
DT-MAN p687 #4,540 A,687,3.75103,"Piston, compressor","Kolben, Kompressor","D 2840 D 2866, D 2876",D 100 mm STD,MAN: 51.54119.6001,
DT-MAN p688 #1,540 A,688,3.75108,"Piston, compressor","Kolben, Kompressor",D 2866,D 90 mm STD,MAN: 51.54100.6007,
DT-MAN p688 #2,540 A,688,3.75107,"Piston, compressor","Kolben, Kompressor",D 2866,"D 90,5 mm OS",MAN: 51.54100.6007,
DT-MAN p688 #3,540 A,688,3.75109,"Piston, compressor","Kolben, Kompressor",D 2866,D 91 mm OSs,MAN: 51.54100.6007,
DT-MAN p688 #4,540 A,688,4.90543,Piston ring kit,Kolbenringsatz,"D 2840, D 2866, D 2876",D 100 mm,MAN: 51.54103.0001; MAHLE: 004 13 NO,
DT-MAN p689 #1,540 A,689,4.90804,Piston ring kit,Kolbenringsatz,"D 2840, D 2866, D 2876",D 100 mm,MAN: 51.54103.0002; MAHLE: 004 26 NO,
DT-MAN p689 #2,540 A,689,4.90137,Piston ring kit,Kolbenringsatz,"D 2866, D 2876",D 90 mm STD,MAN: 51.02503.0562; MAHLE: 004 15 NO,
DT-MAN p689 #3,540 A,689,3.75126,"Crankshaft, compressor","Kurbelwelle, Kompressor","D 2066, D 2676",,MAN: 51.54100.7121,
DT-MAN p689 #4,540 A,689,3.75123,"Crankshaft, compressor","Kurbelwelle, Kompressor","D 2866, D 2876",,MAN: 51.54113.5025,
DT-MAN p690 #1,540 A,690,3.75124,"Crankshaft, compressor","Kurbelwelle, Kompressor","D 2866, D 2876",,MAN: 51.54113.5044,
DT-MAN p690 #2,540 A,690,3.75125,"Crankshaft, compressor","Kurbelwelle, Kompressor","D 2866, D 2876",,MAN: 51.54113.5020,
DT-MAN p690 #3,540 A,690,4.60871,"Crankshaft, compressor old version, for 90 mm aircooled liner","Kurbelwelle, Kompressor alte Ausfiihrung, fiir 90 mm luftgekiihlte Laufbuchse","D 2866, D 2876",,MAN: 51.54113.0017,
DT-MAN p691 #1,540 A,691,3.75090,"Crankshaft bearing, compressor","Kurbelwellenbuchse, Kompressor","D 2866, D 2876",,MAN: 51.93020.0335,
DT-MAN p691 #2,540 A,691,3.75066,"Connecting rod, compressor","Pleuelstange, Kompressor","D 2066, D 2676",,MAN: 51.54100.7121,
DT-MAN p691 #3,540 A,691,3.75063,"Connecting rod, compressor","Pleuelstange, Kompressor","D 2840, D 2866, D 2876",,MAN: 51.54106.6021,
DT-MAN p692 #1,540 A,692,4.60851,"Connecting rod, compressor for 90 mm watercooled + aircooled liner","Pleuelstange, Kompressor fiir 90 mm wassergekiihlte + luftgekiihlte Laufbuchse","D 2866, D 2876",,MAN: 51.54106.6030,
DT-MAN p692 #2,540 A,692,4.60872,Con rod bearing for 90 mm watercooled + aircooled liner,Pleuellager fir 90 mm wassergekihlte + luftgekiihlte Laufbuchse,"D 2866, D 2876",STD,MAN: 81.54121.6001,
DT-MAN p693 #1,540 A,693,4.90746,Con rod bearing kit for 90 mm watercooled + aircooled liner,Pleuellagersatz fiir 90 mm wassergekiihlte + luftgekiihlte Laufbuchse,"D 2866, D 2876",STD,MAN: 81.54121.6002,
DT-MAN p693 #2,540 A,693,3.75132,Flange,Flansch,"D 2066, D 2676",,MAN: 51.54100.7121,
DT-MAN p693 #3,540 A,693,4.61073,Flange for 90 mm watercooled + aircooled liner,Flansch fiir 90 mm wassergekiihlte + luftgekiihlte Laufbuchse,"D 2866, D 2876",,MAN: 51.54130.6021,
DT-MAN p694 #1,540 A,694,3.75071,Follower,Mitnehmer,"D 2866, D 2876",,MAN: 51.47104.5005,
DT-MAN p694 #2,540 A,694,4.61434,Roller bearing,Rollenlager,"D 2840, D 2866, D 2876",d 30 mm D 72 mm H 19mm,MAN: 51.93420.0010,
DT-MAN p694 #3,540 A,694,3.72070,Safety valve,Sicherheitsventil,"D 0834/0836, D 2066/2676, D 2840/2866, D 2876","Po 17 bar M26 x 1,5",MAN: 51.54122.0011; KNORR: 199812,
DT-MAN p694 #4,540 A,694,4.10222,Line,Leitung,D 2840,,MAN: 51.06302.5031,
DT-MAN p694 #5,540 A,694,3.82293,Coolant line,KihImittelleitung,"D 2066, D 2676",,MAN: 51.06304.5457,
DT-MAN p695 #1,540 A,695,3.79001,Hose line,Schlauchleitung,Universal,L 400 mm,MAN: 06.54059.0007,
DT-MAN p695 #2,540 A,695,3.79002,Hose line,Schlauchleitung,Universal,L 400 mm,MAN: 06.54094.2017,
DT-MAN p695 #3,540 A,695,3.79004,Hose line,Schlauchleitung,Universal,400 mm,MAN: 06.54059.0012,
DT-MAN p695 #4,540 A,695,3.79006,Hose line,Schlauchleitung,Universal,L 480 mm,MAN: 06.54094.2019,
DT-MAN p695 #5,540 A,695,3.79005,Hose line,Schlauchleitung,Universal,L 520 mm,MAN: 06.54029.0049,
DT-MAN p696 #1,540 A,696,3.79000,Hose line,Schlauchleitung,Universal,L 850 mm,MAN: 06.54024.7767,
DT-MAN p696 #2,540 A,696,3.66233,Screw kit,Schraubensatz,Universal,L 172 mm M8 10.9,MAN: 51.90020.0333,
DT-MAN p696 #3,540 A,696,4.40103,Screw,Schraube,"D 2840, D 2866, D 2876","L 31mm M18 x 1,5 10.9",MAN: 51.90020.0131,
DT-MAN p696 #4,540 A,696,3.75550,O-ring,O-Ring,Universal,d 78 mm S 3mm,MAN: 51.96501.0415,
DT-MAN p697 #1,540 A,697,3.75551,O-ring,O-Ring,Universal,d 87 mm S 3mm,MAN: 06.56341.0234,
DT-MAN p698 #1,610 A,698,3.83016,"Cabin shock absorber, with air bellow rear, right","KabinenstoBdampfer, mit Luftbalg hinten, rechts","TGL/TGM, TGA/TGS/TGX",,MAN: 81.41722.6076; SACHS: 313 184,
DT-MAN p698 #2,610 A,698,3.83012,"Cabin shock absorber, with air bellow rear, left","KabinenstoBdampfer, mit Luftbalg hinten, links","TGL/TGM, TGA/TGS/TGX",,MAN: 81.41722.6056; WABCO: 964 006 022 0,
DT-MAN p698 #3,610 A,698,3.83013,"Cabin shock absorber, with air bellow front","KabinenstoBdampfer, mit Luftbalg vorne",TGA,,MAN: 81.41722.6051; SACHS: 105 855,
DT-MAN p699 #1,610 A,699,3.83008,"Cabin shock absorber, with air bellow rear","KabinenstoBdampfer, mit Luftbalg hinten",TGA,,MAN: 81.41722.6052; SACHS: 105 856,
DT-MAN p699 #2,610 A,699,3.83009,"Cabin shock absorber, with air bellow front","KabinenstoBdampfer, mit Luftbalg vorne",TGA,,MAN: 81.41722.6077; SACHS: 313 181,
DT-MAN p699 #3,610 A,699,3.83010,"Cabin shock absorber, with air bellow front","KabinenstoBdampfer, mit Luftbalg vorne",TGA,ig,MAN: 81.41722.6078; SACHS: 313 182,
DT-MAN p700 #1,610 A,700,3.83011,"Cabin shock absorber, with air bellow rear","KabinenstoBdampfer, mit Luftbalg hinten",TGA/TGS/TGX,,MAN: 81.41722.6057; SACHS: 135 198,
DT-MAN p700 #2,610 A,700,3.83017,"Cabin shock absorber, with air bellow front","KabinenstoBdampfer, mit Luftbalg vorne",TGA/TGS/TGX,,MAN: 81.41722.6069; WABCO: 964 006 019 0,
DT-MAN p700 #3,610 A,700,3.83015,"Cabin shock absorber, with air bellow rear","KabinenstoBdampfer, mit Luftbalg hinten",TGA/TGS/TGX,,MAN: 81.41722.6055; WABCO: 964 006 021 0,
DT-MAN p701 #1,610 A,701,3.83030,"Cabin shock absorber, with air bellow","KabinenstoBdampfer, mit Luftbalg",TGA/TGS/TGX,,MAN: 81.41722.6075; WABCO: 964 006 023 0,
DT-MAN p701 #2,610 A,701,3.83022,Cabin shock absorber front,KabinenstoBdampfer vorne,TGUTGM,,MAN: 85.41722.6027; SACHS: 313 018,
DT-MAN p701 #3,610 A,701,3.83026,Cabin shock absorber front,KabinenstoBdampfer vorne,TGA/TGS,,MAN: 85.41722.6017; SACHS: 290 975,
DT-MAN p702 #1,610 A,702,3.83028,Cabin shock absorber rear,KabinenstoBdampfer hinten,TGA/TGS,,MAN: 85.41722.6019; SACHS: 290 976,
DT-MAN p702 #2,610 A,702,3.83023,Cabin shock absorber front,KabinenstoBdampfer vorne,TGA/TGS,,MAN: 85.41722.6010; SACHS: 290 977,
DT-MAN p702 #3,610 A,702,3.83024,Cabin shock absorber rear,KabinenstoBdampfer hinten,TGA/TGS,,MAN: 85.41722.6011; SACHS: 290 978,
DT-MAN p703 #1,610 A,703,3.83020,Cabin shock absorber front,Kabinensto8dampfer vorne,TGA/TGS,,MAN: 81.41722.6060; SACHS: 312 835,
DT-MAN p703 #2,610 A,703,3.83021,Cabin shock absorber rear,KabinenstoBdampfer hinten,TGA/TGS,,MAN: 81.41722.6061; SACHS: 312 836,
DT-MAN p703 #3,610 A,703,3.83027,Cabin shock absorber front,KabinenstoBdampfer vorne,TGA/TGS,,MAN: 81.41722.6068; SACHS: 316 729,
DT-MAN p704 #1,610 A,704,3.83210,"Bearing bracket, left","Lagerbock, links",TGA/TGS/TGX,,MAN: 81.41720.2783,
DT-MAN p704 #2,610 A,704,3.83211,"Bearing bracket, right","Lagerbock, rechts",TGA/TGS/TGX,,MAN: 81.41720.2782,
DT-MAN p704 #3,610 A,704,3.83122,"Cabin lock, with sensor","Fahrerhausschloss, mit Sensor","TGL/TGM, TGA/TGS/TGX",,MAN: 85.61851.6003,
DT-MAN p704 #4,610 A,704,3.83122S,"Cabin lock, without sensor","Fahrerhausschloss, ohne Sensor","TGL/TGM, TGA/TGS/TGX",,MAN: 85.61851.6003,
DT-MAN p705 #1,610 A,705,3.83120,Cabin lock,Fahrerhausschloss,TGA,,MAN: 81.61851.6023,
DT-MAN p705 #2,610 A,705,3.83135,"Bushing, cabin lock","Buchse, Fahrerhausschloss",TGA,d 16mm D 34mm H 30 mm,MAN: 81.61851.6023,
DT-MAN p705 #3,610 A,705,3.83130,Proximity sensor,Naherungssensor,"TGL/TGM, TGA/TGS/TGX",,MAN: 81.25520.0169,
DT-MAN p705 #4,610 A,705,3.33347,Proximity sensor,Naherungssensor,"TGL/TGM, TGA/TGS/TGX",,MAN: 81.25520.0214,DT_NUMBER_FROM_OCR
DT-MAN p706 #1,610 A,706,3.98350,"Repair kit, cabin suspension","Reparatursatz, Fahrerhauslagerung","TGL/TGM, TGA/TGS/TGX",,MAN: 85.96020.0004,
DT-MAN p706 #2,610 A,706,3.98002,"Repair kit, cabin suspension","Reparatursatz, Fahrerhauslagerung",TGA/TGS/TGX,,MAN: 81.41715.6013,
DT-MAN p706 #3,610 A,706,3.98003,"Repair kit, cabin suspension","Reparatursatz, Fahrerhauslagerung",TGA/TGS/TGX,,MAN: 81.41715.6014,
DT-MAN p707 #1,610 A,707,3.98000,"Repair kit, cabin suspension","Reparatursatz, Fahrerhauslagerung",TGA/TGS/TGX,,MAN: 85.96210.0019,
DT-MAN p707 #2,610 A,707,3.83500,"Bushing, cabin suspension","Buchse, Fahrerhauslagerung",TGA/TGS/TGX,d 14mm D 30mm L 48 mm,MAN: 81.96210.0462,
DT-MAN p707 #3,610 A,707,3.83504,"Bushing, cabin suspension","Buchse, Fahrerhauslagerung","TGUTGM, TGA/TGS/TGX",di 22 mm d2 26 mm D1 53 mm D2 60 mm H 42 mm,MAN: 85.96020.0004,
DT-MAN p707 #4,610 A,707,3.83508,"Bushing, cabin suspension","Buchse, Fahrerhauslagerung",TGA (H99),"d 22 mm D1 58,5 mm D2 75mm H 47,5 mm",MAN: 81.96210.0348,
DT-MAN p708 #1,610 A,708,3.83525,"Bushing, cabin suspension","Buchse, Fahrerhauslagerung",TGA/TGS/TGX,D 53 mm b 17mm Lb 88 mm L 120 mm H 20 mm,MAN: 81.96210.0609,
DT-MAN p708 #2,610 A,708,3.83515,"Bushing, cabin stabilizer","Buchse, Fahrerhausstabilisator","TGL/TGM, TGA/TGS/TGX","d 13mm D 22 mm H 79,5 mm",MAN: 85.94299.0015,
DT-MAN p708 #3,610 A,708,3.83503,"Bushing, cabin stabilizer","Buchse, Fahrerhausstabilisator","TGL/TGM, TGA/TGS/TGX","d 16,2 mm D 53 mm H 58 mm",MAN: 85.96210.0021,
DT-MAN p708 #4,610 A,708,1.22411,"Bushing, cabin stabilizer","Buchse, Fahrerhausstabilisator",TGA/TGS/TGX,"d 16,5 mm D 60,5 mm H 80 mm",MAN: 85.96210.0019,
DT-MAN p709 #1,610 A,709,3.83520,"Washer, cabin stabilizer","Scheibe, Fahrerhausstabilisator",TGA/TGS/TGX,D 80 mm Lb1 25mm 37mm S,MAN: 85.90710.0014,
DT-MAN p709 #2,610 A,709,3.83510,Buffer stop,Anschlagpuffer,TGA,"D 50,5 mm LTh 16mm H 36 mm M10x 1,5",MAN: 81.96210.0515,
DT-MAN p709 #3,610 A,709,3.83541,Joint bearing,Gelenklager,TGA/TGS/TGX,d 30 mm D 47 mm H 22 mm,MAN: 06.36950.0210,
DT-MAN p709 #4,610 A,709,3.83551,Cabin mounting,Kabinenlager,"TGUTGM, TGA/TGS/TGX",,MAN: 81.62158.2030,
DT-MAN p710 #1,610 B,710,3.84001,Cabin tilt pump,Hydraulikpumpe,"TGL/TGM, TGA/TGS/TGX",,MAN: 81.41723.6135,
DT-MAN p710 #2,610 B,710,3.84002,Cabin tilt pump,Hydraulikpumpe,"TGM, TGA/TGS/TGX",,MAN: 85.41723.6043,
DT-MAN p710 #3,610 B,710,3.84004,Cabin tilt pump,Hydraulikpumpe,TGA/TGS/TGX,,MAN: 81.41723.6128,
DT-MAN p710 #4,610 B,710,3.84009,Cabin tilt pump,Hydraulikpumpe,TGS/TGX,,MAN: 81.41723.6129,
DT-MAN p711 #1,610 B,711,3.84003,Cabin tilt cylinder,Hydraulikzylinder,TGA,,MAN: 81.41723.6101,
DT-MAN p711 #2,610 B,711,3.84023,Cabin tilt cylinder,Hydraulikzylinder,TGA/TGS,,MAN: 81.41723.6123,
DT-MAN p711 #3,610 B,711,3.84022,Cabin tilt cylinder,Hydraulikzylinder,TGA/TGS/TGX,,MAN: 81.41723.6124,
DT-MAN p711 #4,610 B,711,3.84030,"Bushing, cabin tilt cylinder","Buchse, Hydraulikzylinder",TGA/TGS/TGX,d 25mm D 43 mm H 24mm,MAN: 81.41723.0067,
DT-MAN p712 #1,610 B,712,3.84031,"Bushing, cabin tilt cylinder","Buchse, Hydraulikzylinder",TGA/TGS/TGX,"d 16,5 mm D 43 mm H1 28 mm H2 58 mm",MAN: 81.96210.0603,
DT-MAN p712 #2,610 B,712,3.84050,"Hose line, cabin tilt","Schlauchleitung, Fahrerhauskippung",TGA (H99),L 400 mm,MAN: 06.54099.0107,
DT-MAN p712 #3,610 B,712,3.84055,"Hose line, cabin tilt","Schlauchleitung, Fahrerhauskippung",TGA (H99),L 500 mm,MAN: 06.54099.0116,
DT-MAN p712 #4,610 B,712,3.84059,"Hose line, cabin tilt","Schlauchleitung, Fahrerhauskippung",TGA/TGS/TGX,L 1300 mm ry,MAN: 06.54099.0121,
DT-MAN p713 #1,610 C,713,3.80103,"Front flap, narrow","Frontklappe, schmal","TGL/TGM, TGA",,MAN: 81.61110.0063,
DT-MAN p713 #2,610 C,713,3.80102,"Front flap, wide","Frontklappe, breit",TGA/TGX,,MAN: 81.61110.0053,
DT-MAN p713 #3,610 C,713,3.80123,"Front grill, narrow","Frontgrill, schmal","TGL/TGM, TGA",,MAN: 81.61150.6051,
DT-MAN p713 #4,610 C,713,3.80105,Front grill,Frontgrill,TGX,,MAN: 81.61110.6041,
DT-MAN p714 #1,610 C,714,3.80309,"Air deflector, left","Windabweiser, links",TGS/TGX,,MAN: 81.61110.0067,
DT-MAN p714 #2,610 C,714,3.80308,"Air deflector, right","Windabweiser, rechts",TGS/TGX,,MAN: 81.61110.0068,
DT-MAN p714 #3,610 C,714,3.80510,"Air deflector, left","Windabweiser, links",TGS/TGX,,MAN: 81.61110.6049,
DT-MAN p715 #1,610 C,715,3.80511,"Air deflector, right","Windabweiser, rechts",TGS/TGX,,MAN: 81.61110.6048,
DT-MAN p715 #2,610 C,715,3.80754,Gas spring,Gasfeder,"TGUTGM, TGA/TGS",L 784 mm Ls 350 mm,MAN: 81.97006.0034,
DT-MAN p715 #3,610 C,715,3.80706,Gas spring,Gasfeder,"TGL/TGM, TGA/TGS/TGX",L 315mm Ls 125mm 120N,MAN: 81.97006.0032,
DT-MAN p715 #4,610 C,715,3.80709,Gas spring,Gasfeder,"TGL/TGM, TGA/TGS/TGX",L 684 mm Ls 300 mm 160 N,MAN: 81.97006.0036,
DT-MAN p716 #1,610 C,716,3.80710,Gas spring,Gasfeder,"TGL/TGM, TGA/TGS/TGX",L 785 mm Ls 350 mm 150N,MAN: 81.97006.0003,
DT-MAN p716 #2,610 C,716,3.80712,Gas spring,Gasfeder,TGA/TGS/TGX,L 425mm Ls 150 mm 350 N,MAN: 81.74821.0039,
DT-MAN p716 #3,610 C,716,3.80701,Gas spring,Gasfeder,TGA/TGS/TGX,L 685 mm Ls 300 mm 200 N,MAN: 81.61140.0016,
DT-MAN p716 #4,610 C,716,3.80713,Gas spring,Gasfeder,TGS/TGX,L 735mm Ls 317mm 350 N,MAN: 81.97006.0027,
DT-MAN p716 #5,610 C,716,3.80714,Gas spring,Gasfeder,"TGS (70S), TGX",L 685 mm Ls 302 mm 330N,MAN: 81.97006.0028,
DT-MAN p717 #1,610 C,717,3.80725,"Control wire, front flap","Seilzug, Frontklappe","TGL/TGM, TGA",L 1331 mm,MAN: 81.95501.6561,
DT-MAN p717 #2,610 C,717,3.80726,"Control wire, front flap","Seilzug, Frontklappe","TGU/TGM, TGA",L 1431 mm,MAN: 81.95501.6562,
DT-MAN p717 #3,610 C,717,3.80728,Control wire,Seilzug,"TGUTGM, TGA/TGX",,MAN: 81.95501.6533,
DT-MAN p718 #1,610 D,718,3.81018,"Step well case, left","Einstiegkasten, links",TGA/TGS,,MAN: 81.61510.0757,
DT-MAN p718 #2,610 D,718,3.81017,"Step well case, right","Einstiegkasten, rechts",TGA/TGS,,MAN: 81.61510.0758,
DT-MAN p718 #3,610 D,718,3.81028,"Step well case, left","Einstiegkasten, links",TGA/TGS,,MAN: 81.61510.0761,
DT-MAN p719 #1,610 D,719,3.81019,"Step well case, right","Einstiegkasten, rechts",TGA/TGS,,MAN: 81.61510.0762,
DT-MAN p719 #2,610 D,719,3.80254,"Step well case, left","Einstiegkasten, links",TGA/TGS/TGX,,MAN: 81.61510.0587,
DT-MAN p719 #3,610 D,719,3.80255,"Step well case, right","Einstiegkasten, rechts",TGA/TGS/TGX,,MAN: 81.61510.0586,
DT-MAN p720 #1,610 D,720,3.80256,"Step well case, left","Einstiegkasten, links",TGA/TGX,,MAN: 81.61510.0827,
DT-MAN p720 #2,610 D,720,3.80257,"Step well case, right","Einstiegkasten, rechts",TGA/TGX,,MAN: 81.61510.0826,
DT-MAN p720 #3,610 D,720,3.81010,"Step well case, left","Einstiegkasten, links",TGA/TGX,,MAN: 81.61510.0705,
DT-MAN p721 #1,610 D,721,3.81011,"Step well case, right","Einstiegkasten, rechts",TGA/TGX,,MAN: 81.61510.0706,
DT-MAN p721 #2,610 D,721,3.81069,"Step well case, left","Einstiegkasten, links",TGA/TGX,,MAN: 81.61510.0825,
DT-MAN p721 #3,610 D,721,3.81070,"Step well case, right","Einstiegkasten, rechts",TGA/TGX,,MAN: 81.61510.0824,
DT-MAN p722 #1,610 D,722,3.81077,"Step well case, lower, left","Einstiegkasten, unten, links",TGL/TGM,,MAN: 81.61510.0861,
DT-MAN p722 #2,610 D,722,3.81076,"Step well case, lower, right","Einstiegkasten, unten, rechts",TGL/TGM,,MAN: 81.61510.0862,
DT-MAN p722 #3,610 D,722,3.81065,"Step well case, lower, left","Einstiegkasten, unten, links",TGA,,MAN: 81.61510.0739,
DT-MAN p722 #4,610 D,722,3.81060,"Step well case, lower, right","Einstiegkasten, unten, rechts",TGA,,MAN: 81.61510.0740,
DT-MAN p723 #1,610 D,723,3.81061,"Step well case, lower, left","Einstiegkasten, unten, links",TGA/TGS,,MAN: 81.61510.0351,
DT-MAN p723 #2,610 D,723,3.81064,"Step well case, lower, right","Einstiegkasten, unten, rechts",TGA/TGS,,MAN: 81.61510.0352,
DT-MAN p723 #3,610 D,723,3.81063,"Step well case, lower, left","Einstiegkasten, unten, links",TGA/TGS,,MAN: 81.61510.0643,
DT-MAN p723 #4,610 D,723,3.81062,"Step well case, lower, right","Einstiegkasten, unten, rechts",TGA/TGS,,MAN: 81.61510.0644,
DT-MAN p724 #1,610 D,724,3.81062S,"Step well case, lower, right","Einstiegkasten, unten, rechts",TGA/TGS,,MAN: 81.61510.0380,
DT-MAN p724 #2,610 D,724,3.81067,"Step well case, lower, left","Einstiegkasten, unten, links",TGA/TGS/TGX,,MAN: 81.61510.0801,
DT-MAN p724 #3,610 D,724,3.81066,"Step well case, lower, right","Einstiegkasten, unten, rechts",TGA/TGS/TGX,,MAN: 81.61510.0802,
DT-MAN p725 #1,610 D,725,3.81073,"Step well case, lower, left","Einstiegkasten, unten, links",TGA/TGX,,MAN: 81.61510.0797,
DT-MAN p725 #2,610 D,725,3.81068,"Step well case, lower, left","Einstiegkasten, unten, links",TGA/TGX,,MAN: 81.61510.0799,
DT-MAN p725 #3,610 D,725,3.81012,"Step well case, lower, right","Einstiegkasten, unten, rechts",TGA/TGX,,MAN: 81.61510.0798,
DT-MAN p726 #1,610 D,726,3.81111,"Step, center","Tritt, Mitte","TGL/TGM, TGA/TGS/TGX",,MAN: 81.61511.0001,
DT-MAN p726 #2,610 D,726,3.81112,"Step, lower","Tritt, unten","TGL/TGM, TGA/TGS/TGX",,MAN: 81.61510.5187,
DT-MAN p726 #3,610 D,726,3.81120,"Step, upper","Tritt, oben",TGA/TGS,,MAN: 81.61510.0490,
DT-MAN p726 #4,610 D,726,3.81110,"Step, upper","Tritt, oben",TGA/TGS/TGX,,MAN: 81.61510.0273,
DT-MAN p727 #1,610 D,727,3.81170,Cover,Abdeckung,TGA,,MAN: 81.61510.0823,
DT-MAN p727 #2,610 D,727,3.32110,Step well lamp,Einstiegleuchte,"TGU/TGM, TGA/TGS/TGX",,MAN: 81.25203.6015,
DT-MAN p728 #1,610 E,728,3.81540,"Windshield glass, clear","Windschutzscheibe, klar","TGL/TGM, TGA",,MAN: 81.62450.0077,
DT-MAN p728 #2,610 E,728,3.81502,"Windshield glass, tinted green","Windschutzscheibe, griin getont","TGL/TGM, TGA/TGS/TGX",L 2040 mm W 879 mm,MAN: 81.62450.0078,
DT-MAN p728 #3,610 E,728,3.81503,"Windshield glass, tinted green","Windschutzscheibe, grtin getont",TGA/TGS/TGX,,MAN: 81.62450.0069,
DT-MAN p729 #1,610 E,729,3.81501,"Windshield glass, tinted green","Windschutzscheibe, griin getont","TGA/TGX, TGS (70S)",,MAN: 81.62450.0071,
DT-MAN p729 #2,610 E,729,3.81515,"Door glass, left, single package","Tiirscheibe, links, Einzelverpackung","TGL/TGM, TGA, TGS (02M)",,MAN: 81.62645.0039,
DT-MAN p729 #3,610 E,729,3.81516,"Door glass, right, single package","Tiirscheibe, rechts, Einzelverpackung","TGL/TGM, TGA, TGS (02M)",,MAN: 81.62645.0040,
DT-MAN p730 #1,610 E,730,3.81509,"Door glass, right","Tirscheibe, rechts","TGL/TGM, TGA",,MAN: 81.62645.0038,
DT-MAN p730 #2,610 E,730,3.81506,"Door glass, left","Tirscheibe, links",TGS/TGX,,MAN: 81.62645.0035,
DT-MAN p730 #3,610 E,730,3.81530,"Side glass, left","Seitenscheibe, links","TGL/TGM, TGA/TGS/TGX",7,MAN: 81.62550.0011,
DT-MAN p731 #1,610 E,731,3.81531,"Side glass, right","Seitenscheibe, rechts","TGL/TGM, TGA/TGS/TGX",,MAN: 81.62550.0012,
DT-MAN p731 #2,610 E,731,3.80310,Side wind deflector,Seitenwindabweiser,"TGL, TGA",,,
DT-MAN p731 #3,610 E,731,3.80303,"Air deflector, left","Windabweiser, links","TGUTGM, TGA",,MAN: 81.62410.0049,
DT-MAN p732 #1,610 E,732,3.80302,"Air deflector, right","Windabweiser, rechts","TGL/TGM, TGA",,MAN: 81.62410.0048,
DT-MAN p732 #2,610 E,732,3.80305,"Air deflector, left","Windabweiser, links",TGA,,MAN: 81.62410.0047,
DT-MAN p732 #3,610 E,732,3.80304,"Air deflector, right","Windabweiser, rechts","TGL/TGM, TGA",,MAN: 81.62410.0046,
DT-MAN p733 #1,610 F,733,3.81150,"Door extension, left","Tirverlangerung, links","TGM, TGA/TGS",,MAN: 81.62610.0033,
DT-MAN p733 #2,610 F,733,3.81151,"Door extension, right","Tiirverlangerung, rechts","TGM, TGA/TGS",,MAN: 81.62610.0032,
DT-MAN p733 #3,610 F,733,3.81152,"Door extension, left","Tiirverlangerung, links",TGA/TGS/TGX,,MAN: 81.62610.0023,
DT-MAN p734 #1,610 F,734,3.81153,"Door extension, right","Tirverlangerung, rechts",TGA/TGS/TGX,,MAN: 81.62610.0024,
DT-MAN p734 #2,610 F,734,3.81154,"Door extension, left","Tirverlangerung, links",TGA/TGX,,MAN: 81.62610.0019,
DT-MAN p734 #3,610 F,734,3.81155,"Door extension, right","Tirverlangerung, rechts",TGA/TGX,,MAN: 81.62610.0018,
DT-MAN p735 #1,610 F,735,3.85120,"Door hinge, upper, left","Tirscharnier, oben, links","TGL/TGM, TGA/TGS/TGX",i ji,MAN: 81.62690.6037,
DT-MAN p735 #2,610 F,735,3.85127,"Door hinge, upper, right","Tirscharnier, oben, rechts","TGL/TGM, TGA/TGS/TGX",,MAN: 81.62690.6036,
DT-MAN p735 #3,610 F,735,3.85008,"Door handle, inner, left","Tirgriff, innen, links","TGL/TGM, TGA/TGS",,MAN: 81.62641.6067,
DT-MAN p735 #4,610 F,735,3.85009,"Door handle, inner, right","Tirgriff, innen, rechts",TGA/TGS,I,MAN: 81.62641.6068,
DT-MAN p736 #1,610 F,736,3.85004,"Door handle, left","Tiirgriff, links","TGL/TGM, TGA/TGS/TGX",,MAN: 81.62641.6085,
DT-MAN p736 #2,610 F,736,3.85005,"Door handle, right","Turgriff, rechts","TGL/TGM, TGA/TGS/TGX",,MAN: 81.62641.6086,
DT-MAN p736 #3,610 F,736,3.85006,"Door handle, left","Tirgriff, links","TGL/TGM, TGA/TGS/TGX",,MAN: 81.62641.6081,
DT-MAN p736 #4,610 F,736,3.85007,"Door handle, right","Turgriff, rechts","TGL/TGM, TGA/TGS/TGX",,MAN: 81.62641.6080,
DT-MAN p737 #1,610 F,737,3.85001,Window crank,Fensterkurbel,"TGL/TGM, TGA",,MAN: 81.62641.6069,
DT-MAN p737 #2,610 F,737,3.85162S,"Window regulator, left, electrical","Fensterheber, links, elektrisch","TGL/TGM, TGS/TGX",,MAN: 81.62645.6055,
DT-MAN p737 #3,610 F,737,3.85163S,"Window regulator, right, electrical","Fensterheber, rechts, elektrisch","TGL/TGM, TGS/TGX",,MAN: 81.62645.6054,
DT-MAN p738 #1,610 F,738,3.85072,Window lifter motor,Fensterhebermotor,"TGL/TGM, TGA/TGS",,MAN: 81.28601.6143,
DT-MAN p738 #2,610 F,738,3.80715,Gas spring,Gasfeder,"TGL/TGM, TGA",L 485 mm Ls 200 mm 80N,MAN: 81.74821.0149,
DT-MAN p738 #3,610 F,738,3.80711,Gas spring,Gasfeder,"TGL, TGA/TGS/TGX",L 146 mm Ls 40 mm 350 N,MAN: 81.62900.6179,
DT-MAN p738 #4,610 F,738,3.85090,"Bowden cable, door lock","Bowdenzug, Tirschloss","TGL/TGM, TGA/TGS",L 695 mm,MAN: 81.62680.0132,
DT-MAN p739 #1,610 F,739,3.80722,"Bowden cable, storage box","Bowdenzug, Staufach","TGL/TGM, TGA/TGS",L 300 mm,MAN: 81.95501.6535,
DT-MAN p739 #2,610 F,739,3.80721,"Bowden cable, storage box","Bowdenzug, Staufach","TGL/TGM, TGA/TGS",L 390 mm,MAN: 81.95501.6534,
DT-MAN p739 #3,610 F,739,3.80723,"Bowden cable, storage box","Bowdenzug, Staufach","TGM, TGA/TGS/TGX",L 460 mm,MAN: 81.95501.6536,
DT-MAN p739 #4,610 F,739,3.80724,"Bowden cable, storage box","Bowdenzug, Staufach",TGA/TGS/TGX,L 430 mm,MAN: 81.95501.6537,DT_NUMBER_FROM_OCR
DT-MAN p740 #1,610 G,740,3.86225,"Main mirror, left, heated, electrical","Hauptspiegel, links, beheizt, elektrisch","TGL/TGM, TGA",R 1200 mm,MAN: 81.63730.6482,
DT-MAN p740 #2,610 G,740,3.86227,"Main mirror, right, heated, electrical","Hauptspiegel, rechts, beheizt, elektrisch","TGL/TGM, TGA",R 1200 mm,MAN: 81.63730.6483,
DT-MAN p740 #3,610 G,740,3.86226,"Main mirror, left, heated, electrical","Hauptspiegel, links, beheizt, elektrisch","TGL/TGM, TGA",R 1200 mm,MAN: 81.63730.6480,
DT-MAN p741 #1,610 G,741,3.86228,"Main mirror, right, heated, electrical","Hauptspiegel, rechts, beheizt, elektrisch","TGL/TGM, TGA",R 1200 mm,MAN: 81.63730.6481,
DT-MAN p741 #2,610 G,741,3.86111,"Mirror glass, main mirror","Spiegelglas, Hauptspiegel","TGUTGM, TGA",R 1200 mm,MAN: 81.63733.0101,
DT-MAN p741 #3,610 G,741,3.86103,"Mirror glass, main mirror","Spiegelglas, Hauptspiegel","TGL/TGM, TGA",R 1800 mm,MAN: 81.63733.0030,
DT-MAN p742 #1,610 G,742,3.86104,"Mirror glass, main mirror, right, heated","Spiegelglas, Hauptspiegel, rechts, beheizt","TGL/TGM, TGA",R 1800 mm,MAN: 81.63733.6034,
DT-MAN p742 #2,610 G,742,3.86113,"Mirror glass, main mirror, heated","Spiegelglas, Hauptspiegel, beheizt",TGA/TGS/TGX,R 1200 mm,MAN: 81.63733.6071,
DT-MAN p742 #3,610 G,742,3.86217,"Cover, main mirror","Abdeckung, Hauptspiegel",TGS/TGX,,MAN: 81.63731.0356,
DT-MAN p743 #1,610 G,743,3.86252,"Cover, left","Abdeckung, links",TGS/TGX,,MAN: 81.63732.0075,
DT-MAN p743 #2,610 G,743,3.86253,"Cover, right","Abdeckung, rechts",TGS/TGX,,MAN: 81.63732.0076,
DT-MAN p743 #3,610 G,743,3.86254,"Cover, left","Abdeckung, links",TGS/TGX,,MAN: 81.63732.0073,
DT-MAN p743 #4,610 G,743,3.86255,"Cover, right","Abdeckung, rechts",TGS/TGX,,MAN: 81.63732.0074,
DT-MAN p744 #1,610 G,744,3.86211,"Mirror housing, left","Spiegelgehause, links","TGL/TGM, TGA/TGS",,MAN: 81.63732.0059,
DT-MAN p744 #2,610 G,744,3.86210,"Mirror housing, right","Spiegelgehause, rechts",TGA/TGS,,MAN: 81.63732.0060,
DT-MAN p744 #3,610 G,744,3.86032,"Wide view mirror, left, heated","Weitwinkelspiegel, links, beheizt","TGL/TGM, TGA",R 300 mm,MAN: 81.63730.6510,
DT-MAN p745 #1,610 G,745,3.86034,"Wide view mirror, right, heated","Weitwinkelspiegel, rechts, beheizt","TGL/TGM, TGA",R 300 mm,MAN: 81.63730.6511,
DT-MAN p745 #2,610 G,745,3.86033,"Wide view mirror, left, heated, electrical","Weitwinkelspiegel, links, beheizt, elektrisch","TGU/TGM, TGA/TGS",R 300 mm,MAN: 81.63730.6512,
DT-MAN p745 #3,610 G,745,3.86035,"Wide view mirror, right, heated, electrical","Weitwinkelspiegel, rechts, beheizt, elektrisch",TGA/TGS,R 300 mm,MAN: 81.63730.6513,
DT-MAN p746 #1,610 G,746,3.86129,"Mirror glass, wide view mirror","Spiegelglas, Weitwinkelspiegel","TGUTGM, TGA",R 300 mm,MAN: 81.63733.0104,
DT-MAN p746 #2,610 G,746,3.86127,"Mirror glass, wide view mirror, heated","Spiegelglas, Weitwinkelspiegel, beheizt",TGA/TGS,R 300 mm,MAN: 81.63733.6057,
DT-MAN p746 #3,610 G,746,3.86114,"Mirror glass, wide view mirror, left, heated","Spiegelglas, Weitwinkelspiegel, links, beheizt",TGA/TGS/TGX,R 300 mm,MAN: 81.63733.6073,
DT-MAN p747 #1,610 G,747,3.86115,"Mirror glass, wide view mirror, right, heated","Spiegelglas, Weitwinkelspiegel, rechts, beheizt",TGA/TGS/TGX,R 300 mm,MAN: 81.63733.6072,
DT-MAN p747 #2,610 G,747,3.86215,"Mirror housing, wide view mirror, left","Spiegelgehause, Weitwinkelspiegel, links","TGL/TGM, TGA/TGS",,MAN: 81.63732.0061,
DT-MAN p747 #3,610 G,747,3.86212,"Mirror housing, wide view mirror, right","Spiegelgehause, Weitwinkelspiegel, rechts",TGA/TGS,,MAN: 81.63732.0062,
DT-MAN p748 #1,610 G,748,3.86204,"Mirror arm, left","Spiegelarm, links","TGL/TGM, TGA/TGS",,MAN: 81.63731.6617,
DT-MAN p748 #2,610 G,748,3.86205,"Mirror arm, right","Spiegelarm, rechts","TGL/TGM, TGA/TGS",,MAN: 81.63731.6618,
DT-MAN p748 #3,610 G,748,3.86201,"Mirror arm, left","Spiegelarm, links","TGL/TGM, TGA",,MAN: 81.63731.6557,
DT-MAN p749 #1,610 G,749,3.86202,"Mirror arm, right","Spiegelarm, rechts","TGL/TGM, TGA",,MAN: 81.63731.6612,
DT-MAN p749 #2,610 G,749,3.86250,"Cover, mirror arm, left","Abdeckung, Spiegelarm, links","TGUTGM, TGA/TGS",,MAN: 81.63731.0261,
DT-MAN p749 #3,610 G,749,3.86251,"Cover, mirror arm, right","Abdeckung, Spiegelarm, rechts","TGL/TGM, TGA/TGS",,MAN: 81.63731.0260,
DT-MAN p750 #1,610 G,750,3.86051,Kerb observation mirror,Bordsteinspiegel,"TGL/TGM, TGA/TGS/TGX",R 300 mm,MAN: 81.63730.6573,
DT-MAN p750 #2,610 G,750,3.86054,Front mirror,Frontspiegel,"TGL/TGM, TGA/TGS/TGX",R 300 mm,MAN: 81.63730.6660,
DT-MAN p750 #3,610 G,750,3.86070,"Mirror glass, front mirror","Spiegelglas, Frontspiegel","TGL/TGM, TGA/TGS/TGX",,MAN: 81.63733.0116,
DT-MAN p751 #1,610 G,751,3.86280,Clamp,Schelle,"TGL/TGM, TGA/TGS",,MAN: 81.63731.0366,
DT-MAN p752 #1,610 H,752,3.85140,"Arm rest, left","Armlehne, links","TGL/TGM, TGA/TGS/TGX",,MAN: 81.62303.6218,
DT-MAN p752 #2,610 H,752,3.85141,"Arm rest, right","Armlehne, rechts","TGL/TGM, TGA/TGS/TGX",,MAN: 81.62303.6219,
DT-MAN p753 #1,610 I,753,3.80410,Sun visor,Sonnenblende,TGL,,MAN: 81.63701.0011,
DT-MAN p753 #2,610 I,753,3.80408,Sun visor,Sonnenblende,"TGL/TGM, TGA/TGS",,MAN: 81.63701.0030,
DT-MAN p753 #3,610 I,753,3.80405,Sun visor,Sonnenblende,"TGL/TGM, TGA/TGS",,MAN: 81.63701.0060,
DT-MAN p753 #4,610 I,753,3.80406,Sun visor,Sonnenblende,TGA/TGX,,MAN: 81.63701.0044,
DT-MAN p754 #1,610 I,754,3.80407,Sun visor,Sonnenblende,TGA/TGX,,MAN: 81.63701.0057,
DT-MAN p754 #2,610 I,754,3.80409,Sun visor,Sonnenblende,TGA/TGX,,MAN: 81.63701.0032,
DT-MAN p754 #3,610 I,754,3.80412,Sun visor,Sonnenblende,TGA/TGX,,MAN: 81.63701.0048,
DT-MAN p754 #4,610 I,754,3.98400,"Mounting kit, sun visor","Anbausatz, Sonnenblende","TGL/TGM, TGA/TGS/TGX",,MAN: 81.63701.0030,
DT-MAN p755 #1,610 I,755,3.98403,"Mounting kit, sun visor","Anbausatz, Sonnenblende","TGL/TGM, TGA/TGS/TGX",,MAN: 81.63735.0032,
DT-MAN p755 #2,610 I,755,3.98402,"Mounting kit, sun visor","Anbausatz, Sonnenblende","TGL, TGA/TGS",,MAN: 81.63701.0045,
DT-MAN p755 #3,610 I,755,3.98404,"Mounting kit, sun visor","Anbausatz, Sonnenblende",TGA/TGX,,MAN: 81.63701.0057,
DT-MAN p755 #4,610 I,755,3.98405,"Mounting kit, sun visor","Anbausatz, Sonnenblende",TGA/TGX,,MAN: 81.63701.0044,
DT-MAN p756 #1,619 A,756,3.82270,"Solenoid valve, heating","Magnetventil, Heizung","TGL/TGM, TGA/TGS/TGX",,MAN: 81.61967.6022; HELLA: 9XL 351 328-361,
DT-MAN p756 #2,619 A,756,3.82210,"Control valve, heating","Regulierventil, Heizung","TGL/TGM, TGA",,MAN: 81.61980.0044; HELLA: 9XL 351 029-071,
DT-MAN p756 #3,619 A,756,3.82230,Heater,Heizkorper,"TGL/TGM, TGA/TGS/TGX",L 370 mm W 190 mm T 43 mm,MAN: 81.61901.6166; HELLA: 8FH 351 312-551,
DT-MAN p756 #4,619 A,756,3.82280,Dehydrator,Dehydrator,TGA/TGS/TGX,,MAN: 81.61910.6045; HELLA: 8FT 351 197-481,
DT-MAN p757 #1,619 A,757,4.63237,"Dehydrator, without electrical connection","Dehydrator, ohne Elektroanschluss",TGA/TGS/TGX,,MAN: 81.61910.0013; HELLA: 8FT 351 197-431,
DT-MAN p757 #2,619 A,757,3.82202,Condenser,Kondensator,"TGU/TGM, TGA/TGS/TGX",L 740 mm W 350 mm T 16 mm,MAN: 81.61920.0030; HELLA: 8FC 351 300-121,
DT-MAN p757 #3,619 A,757,3.82206,Condenser,Kondensator,TGM,L 590 mm W 479 mm T 16mm,MAN: 81.61920.0036; HELLA: 8FC 351 029-371,
DT-MAN p757 #4,619 A,757,3.82220,Evaporator,Verdampfer,TGA,L 385 mm W 203 mm 67 mm,MAN: 81.61920.6032; HELLA: 8FV 351 330-111,
DT-MAN p758 #1,619 A,758,1.22935,Electric motor,Elektromotor,"TGL/TGM, TGA/TGS/TGX",,MAN: 83.25970.6001; BOSCH: 0 132 801 141,
DT-MAN p758 #2,619 A,758,3.82053,Fan motor,Geblasemotor,"TGUTGM, TGA/TGS/TGX",24V,MAN: 81.61930.6101; HELLA: 8EW 009 158-151,
DT-MAN p758 #3,619 A,758,3.82054,"Fan motor, vehicle heater","Geblasemotor, Standheizung","TGL/TGM, TGA/TGS/TGX",,MAN: 81.61930.6087,
DT-MAN p758 #4,619 A,758,3.82095,"Resistor, interior blower","Widerstand, Innenraumgeblase","TGL/TGM, TGA/TGS/TGX",,MAN: 81.25601.0027; BOSCH: 9 140 010 500,
DT-MAN p759 #1,619 A,759,3.82004,Cabin air filter,Kabinenluftfilter,"TGL/TGM, TGA/TGS/TGX",L 465 mm W 176 mm H 70 mm,MAN: 81.61910.0018,
DT-MAN p759 #2,619 A,759,3.82003,"Cabin air filter, activated carbon","Kabinenluftfilter, Aktivkohle",TGA/TGS/TGX,L 465 mm W 180 mm H 70 mm,MAN: 81.61910.0030,
DT-MAN p759 #3,619 A,759,3.82243,"Compressor, air conditioning","Kompressor, Klimaanlage",TGL/TGM D 0834,,MAN: 51.77970.7026,
DT-MAN p759 #4,619 A,759,3.82240,"Compressor, air conditioning","Kompressor, Klimaanlage","TGA D 2866, D 2876",,MAN: 51.77970.7025,
DT-MAN p760 #1,619 A,760,3.82242,"Compressor, air conditioning","Kompressor, Klimaanlage","TGA D 2866, D 2876",,MAN: 51.77970.7006,
DT-MAN p760 #2,619 A,760,3.82241,"Compressor, air conditioning","Kompressor, Klimaanlage","TGA/TGS/TGX D 2066, D 2676, D 2866, D 2868, D 2876, D 3876",,MAN: 51.77970.7028,
DT-MAN p760 #3,619 A,760,3.82260,Expansion valve,Ausdehnungsventil,"TGL/TGM, TGA",D1 18 mm D2 15mm,MAN: 81.61967.0014; HELLA: 8UW 351 239-381,
DT-MAN p760 #4,619 A,760,3.82262,Expansion valve,Ausdehnungsventil,"TGL/TGM, TGA/TGS/TGX",D1 18mm D2 18 mm,MAN: 81.61967.0020; HELLA: 8UW 351 336-161,
DT-MAN p761 #1,619 A,761,3.82070,Temperature sensor,Temperatursensor,"TGL/TGM, TGA/TGS",,MAN: 81.61980.6031,
DT-MAN p761 #2,619 A,761,3.82600,"Hose, heating","Schlauch, Heizung","TGL/TGM, TGA/TGS/TGX",d,MAN: 81.96301.0894,
DT-MAN p761 #3,619 A,761,3.82266,"Hose, heating","Schlauch, Heizung",TGA,"d 17,75 mm",MAN: 81.96305.0353,
DT-MAN p761 #4,619 A,761,3.82250,"Hose, heating","Schlauch, Heizung",TGA,d 22 mm,MAN: 81.96301.0414,
DT-MAN p762 #1,619 A,762,3.82618,"Hose, heating","Schlauch, Heizung",TGA/TGS,"d 17,5 mm",MAN: 81.96305.0280,
DT-MAN p762 #2,619 A,762,3.82252,"Hose, heating","Schlauch, Heizung",TGA/TGS/TGX,"di d2 21,5 mm",MAN: 81.96305.0110,
DT-MAN p762 #3,619 A,762,3.82254,"Hose, heating","Schlauch, Heizung",TGA/TGS/TGX,"d 17,5 mm",MAN: 81.96305.0200,
DT-MAN p762 #4,619 A,762,3.82253,"Hose, heating","Schlauch, Heizung",TGA/TGS/TGX,"d 17,5 mm",MAN: 81.96305.0300,
DT-MAN p763 #1,619 A,763,3.82255,"Hose, heating","Schlauch, Heizung",TGA/TGS/TGX,d,MAN: 81.96305.0217,
DT-MAN p763 #2,619 A,763,3.82605,"Hose, heating","Schlauch, Heizung",TGA/TGS/TGX,"d 17,5 mm",MAN: 81.96305.0285,
DT-MAN p763 #3,619 A,763,3.82256,"Hose, heating","Schlauch, Heizung",TGA/TGS/TGX,d,MAN: 81.96305.0262,
DT-MAN p763 #4,619 A,763,3.82607,"Hose, heating","Schlauch, Heizung",TGA/TGS/TGX,"d 17,5 mm",MAN: 81.96305.0234,
DT-MAN p764 #1,619 A,764,3.82606,"Hose, heating","Schlauch, Heizung",TGA/TGS/TGX,d 18mm,MAN: 81.96305.0286,
DT-MAN p764 #2,619 A,764,3.82601,"Hose, heating","Schlauch, Heizung",TGA/TGX,d 60 mm,MAN: 81.96305.0192,
DT-MAN p764 #3,619 A,764,3.82615,"Hose, heating","Schlauch, Heizung",TGS,d 18 mm,MAN: 81.96305.0366,
DT-MAN p764 #4,619 A,764,3.82614,"Hose, heating","Schlauch, Heizung",TGS/TGX,"d 17,5 mm",MAN: 81.96305.0365,
DT-MAN p765 #1,619 A,765,3.89714,Clip,Clip,Universal,"d 4,8 mm L 21mm W 15mm 0,5-4,5",MAN: 06.13189.0108,
DT-MAN p765 #2,619 A,765,3.89713,Clip,Clip,Universal,"L 23,6 mm W 16mm M6",MAN: 06.13189.0056,
DT-MAN p766 #1,660 A,766,3.80258,"Fender, rear, left","Kotfliigel, hinten, links",TGA/TGS,,MAN: 81.61210.0675,DT_NUMBER_FROM_OCR
DT-MAN p766 #2,660 A,766,3.80259,"Fender, rear, right","Kotfliigel, hinten, rechts",TGA/TGS,,MAN: 81.61210.0676,DT_NUMBER_FROM_OCR
DT-MAN p766 #3,660 A,766,3.80352,"Fender trim plate, rear, left","Kotfliigelblende, hinten, links",TGA/TGX,,MAN: 81.66410.0309,
DT-MAN p767 #1,660 A,767,3.80353,"Fender trim plate, rear, right","Kotfliigelblende, hinten, rechts",TGA/TGX,,MAN: 81.66410.0308,
DT-MAN p767 #2,660 A,767,3.80350,"Fender trim plate, rear, left","Kotfliigelblende, hinten, links",TGA/TGX,,MAN: 81.66410.0307,
DT-MAN p767 #3,660 A,767,3.80351,"Fender trim plate, rear, right","Kotfliigelblende, hinten, rechts",TGA/TGX,,MAN: 81.66410.0306,
DT-MAN p768 #1,661 A,768,3.80274,"Fender, front part","Kotfliigel, Vorderteil","TGM, TGA/TGS/TGX",W 690 mm,MAN: 81.66410.6599,
DT-MAN p768 #2,661 A,768,3.80218,"Fender, rear, center","Kotfliigel, hinten, Mitte","TGM, TGA/TGS/TGX",W 690 mm,MAN: 81.66410.6606,
DT-MAN p768 #3,661 A,768,3.80278,"Fender, rear, center","Kotfliigel, hinten, Mitte","TGM, TGA/TGS/TGX",W 690 mm,MAN: 81.66410.6607,
DT-MAN p769 #1,661 A,769,3.80209,"Fender, rear","Kotfliigel, hinten",TGA,W 680 mm,MAN: 81.66410.0294,
DT-MAN p769 #2,661 A,769,3.80213,"Fender, rear","Kotfliigel, hinten",TGA,W 680 mm,MAN: 81.66410.0293,
DT-MAN p769 #3,661 A,769,3.80270,"Fender, rear, left","Kotfliigel, hinten, links",TGA/TGS,,MAN: 81.61210.0683,
DT-MAN p770 #1,661 A,770,3.80271,"Fender, rear, right","Kotfliigel, hinten, rechts",TGA/TGS,,MAN: 81.61210.0684,
DT-MAN p770 #2,661 A,770,3.80219,"Fender, rear","Kotfliigel, hinten",TGA/TGS/TGX,W 520 mm,MAN: 81.66410.6608,
DT-MAN p770 #3,661 A,770,3.80279,"Fender, rear","Kotfliigel, hinten",TGA/TGS/TGX,W 520 mm,MAN: 81.66410.6609,
DT-MAN p771 #1,661 A,771,3.80277,"Fender, rear, center","Kotfliigel, hinten, Mitte",TGA/TGS/TGX,W 520 mm,MAN: 81.66410.6612,
DT-MAN p771 #2,661 A,771,3.80210,"Fender, rear, left","Kotfliigel, hinten, links",TGA/TGS/TGX,W 680 mm,MAN: 81.66410.0173,
DT-MAN p771 #3,661 A,771,3.80212,"Fender, rear, right","Kotfliigel, hinten, rechts",TGA/TGS/TGX,W 680 mm,MAN: 81.66410.0172,
DT-MAN p772 #1,661 A,772,3.80206,"Fender, rear, center","Kotfliigel, hinten, Mitte",TGA/TGS/TGX,W 680 mm,MAN: 81.66410.6086,
DT-MAN p772 #2,661 A,772,3.80250,"Fender, rear","Kotfliigel, hinten",TGA/TGS/TGX,W 690 mm,MAN: 81.66410.6625,
DT-MAN p772 #3,661 A,772,3.80275,"Fender, rear","Kotfliigel, hinten",TGA/TGS/TGX,W 690 mm,MAN: 81.66410.6603,
DT-MAN p773 #1,661 A,773,3.80276,"Fender, rear","Kotfliigel, hinten",TGA/TGS/TGX,W 690 mm,MAN: 81.66410.6600,
DT-MAN p773 #2,661 A,773,3.80261,Tensioning band,Spannband,"TGM, TGA/TGS/TGX",,MAN: 81.66440.0192,
DT-MAN p773 #3,661 A,773,3.80230,Tensioning band,Spannband,TGA/TGX,,MAN: 81.66410.0226,
DT-MAN p774 #1,900 A,774,3.89514,O-ring,O-Ring,Universal,d 6mm S$,MAN: 06.56936.0288,
DT-MAN p774 #2,900 A,774,3.89519,O-ring,O-Ring,Universal,d 7mm S 3mm,MAN: 06.56936.0347,
DT-MAN p774 #3,900 A,774,3.89502,O-ring,O-Ring,Universal,d 9mm S 3mm,MAN: 06.56936.0459,
DT-MAN p774 #4,900 A,774,3.89538,O-ring,O-Ring,Universal,d 10mm S,MAN: 81.96501.0394,
DT-MAN p774 #5,900 A,774,3.89528,O-ring,O-Ring,Universal,d 11mm S 2mm,MAN: 06.56938.0572,
DT-MAN p775 #1,900 A,775,3.89501,O-ring,O-Ring,Universal,d 12mm S,MAN: 06.56939.0031,DT_NUMBER_FROM_OCR
DT-MAN p775 #2,900 A,775,3.89505,O-ring,O-Ring,Universal,d 13 mm S Imm,MAN: 06.56939.0018,
DT-MAN p775 #3,900 A,775,3.89534,O-ring,O-Ring,Universal,"d 13mm S 1,5mm",MAN: 06.56331.2218,
DT-MAN p775 #4,900 A,775,3.89513,O-ring,O-Ring,Universal,d 13mm S 2mm,MAN: 06.56936.0692,
DT-MAN p775 #5,900 A,775,3.89477,O-ring,O-Ring,Universal,d S 3mm,MAN: 51.96501.0532,
DT-MAN p776 #1,900 A,776,3.89516,O-ring,O-Ring,Universal,d 14mm S$ 3mm,MAN: 06.56331.1116,
DT-MAN p776 #2,900 A,776,3.89536,O-ring,O-Ring,Universal,d 18mm S,MAN: 06.56331.2242,
DT-MAN p776 #3,900 A,776,3.89500,O-ring,O-Ring,Universal,"d 19mm S 2,5mm",MAN: 06.56333.2245,
DT-MAN p776 #4,900 A,776,3.89527,O-ring,O-Ring,Universal,d 19mm S 3mm,MAN: 06.56333.4245,
DT-MAN p777 #1,900 A,777,3.89515,O-ring,O-Ring,Universal,"d 19mm S 3,5 mm",MAN: 06.56331.0246,
DT-MAN p777 #2,900 A,777,3.89503,O-ring,O-Ring,Universal,d 20mm S,MAN: 06.56936.1051,
DT-MAN p777 #3,900 A,777,3.89520,O-ring,O-Ring,Universal,"d 23 mm S 2,5mm",MAN: 06.56936.1200,
DT-MAN p777 #4,900 A,777,3.89517,O-ring,O-Ring,Universal,d 23 mm S 3mm,MAN: 06.56333.1252,
DT-MAN p778 #1,900 A,778,3.89504,O-ring,O-Ring,Universal,"d 24,6 mm S$ 2,5mm",MAN: 06.56936.6409,
DT-MAN p778 #2,900 A,778,3.89537,O-ring,O-Ring,Universal,d 25mm S 2mm,MAN: 06.56936.1298,
DT-MAN p778 #3,900 A,778,3.89535,O-ring,O-Ring,Universal,"d 25mm S 2,5mm",MAN: 06.56331.2258,
DT-MAN p778 #4,900 A,778,3.89475,O-ring,O-Ring,Universal,d 25mm S 3mm,MAN: 06.56824.0336,
DT-MAN p779 #1,900 A,779,3.89512,O-ring,O-Ring,Universal,"d 30 mm S 3,5 mm",MAN: 06.56930.1526,
DT-MAN p779 #2,900 A,779,3.69024,O-ring,O-Ring,Universal,d 32 mm S,MAN: 06.56332.2167,
DT-MAN p779 #3,900 A,779,3.89524,O-ring,O-Ring,Universal,d 37 mm S 3mm,MAN: 06.56333.4277,
DT-MAN p779 #4,900 A,779,3.89523,O-ring,O-Ring,Universal,d 44mm S 3mm,MAN: 06.56341.1503,
DT-MAN p780 #1,900 A,780,3.10176,O-ring,O-Ring,Universal,d 49 mm S$ 3mm,MAN: 06.56939.0015,
DT-MAN p780 #2,900 A,780,3.89539,O-ring,O-Ring,Universal,d 50 mm S 2mm,MAN: 06.56936.2216,
DT-MAN p780 #3,900 A,780,3.89540,O-ring,O-Ring,Universal,"d 67,5 mm S 4mm",MAN: 06.56939.0029,
DT-MAN p780 #4,900 A,780,3.89532,O-ring,O-Ring,Universal,d 74mm S 5mm,MAN: 06.56936.2733,
DT-MAN p781 #1,900 A,781,3.89530,O-ring,O-Ring,Universal,"d 77,5 mm S",MAN: 06.56936.6415,
DT-MAN p781 #2,900 A,781,3.89531,O-ring,O-Ring,Universal,"d 82 mm S 5,5mm",MAN: 06.56930.2914,
DT-MAN p781 #3,900 A,781,3.89521,O-ring,O-Ring,Universal,d 84mm S 2mm,MAN: 06.56936.2944,
DT-MAN p781 #4,900 A,781,3.89529,O-ring,O-Ring,Universal,"d 85,09 mm S$ 5,33 mm",MAN: 06.56930.2985,
DT-MAN p782 #1,900 A,782,3.89522,O-ring,O-Ring,Universal,d 86 mm S$ 5mm,MAN: 06.56936.3004,
DT-MAN p782 #2,900 A,782,3.89518,O-ring,O-Ring,Universal,d 102 mm S 5mm,MAN: 06.56930.3307,
DT-MAN p782 #3,900 A,782,3.42022,O-ring,O-Ring,Universal,d 108 mm S 3mm,MAN: 06.56939.0068,
