source_ref,book_page,assembly,index,part_no,description,remark,qty,see_page,flags
SANY p17 L1,1-3,QDP100000555 cargo vehicle chassis body,1,QDP006403148,Driver’s Cab Assy,,1,2-2,
SANY p17 L2,1-3,QDP100000555 cargo vehicle chassis body,2,QDP007459184,Instrument monitor device,,1,3-2,
SANY p17 L3,1-3,QDP100000555 cargo vehicle chassis body,3,13257613,Logo and Name Plate Assembly,,1,4-2,
SANY p17 L4,1-3,QDP100000555 cargo vehicle chassis body,4,141501000230A,Air Conditioning Assembly,,1,5-2,
SANY p17 L5,1-3,QDP100000555 cargo vehicle chassis body,5,QDP006337536,Warm air system equipment,,1,6-2,
SANY p17 L6,1-3,QDP100000555 cargo vehicle chassis body,6,GJB005357201,Vehicle Tools,,1,7-2,
SANY p17 L7,1-3,QDP100000555 cargo vehicle chassis body,7,QDP007199762,abs device,,1,8-2,
SANY p17 L8,1-3,QDP100000555 cargo vehicle chassis body,8,QDP007141423,Carriage assembly,,1,9-2,
SANY p17 L9,1-3,QDP100000555 cargo vehicle chassis body,9,QDP006924284,Wheel and rim device,,1,10-2,
SANY p17 L10,1-3,QDP100000555 cargo vehicle chassis body,10,131401020811A,Rear Axle,,1,11-2,
SANY p17 L11,1-3,QDP100000555 cargo vehicle chassis body,11,131401020810A,Middle Axle,,1,12-2,
SANY p17 L12,1-3,QDP100000555 cargo vehicle chassis body,12,QDP007152214,Carriage assembly,,1,13-2,
SANY p17 L13,1-3,QDP100000555 cargo vehicle chassis body,13,QDP007068370,Braking system,,1,14-2,
SANY p17 L14,1-3,QDP100000555 cargo vehicle chassis body,14,QDP007092433,Electrical system of chassis,,1,15-2,
SANY p17 L15,1-3,QDP100000555 cargo vehicle chassis body,15,QDP007011614,Exhaust device,,1,16-2,
SANY p17 L16,1-3,QDP100000555 cargo vehicle chassis body,16,QDP007125697,Front suspension system,,1,17-2,
SANY p17 L17,1-3,QDP100000555 cargo vehicle chassis body,17,QDP005067789,Second Axle Footboard Assembly,,1,18-2,
SANY p17 L18,1-3,QDP100000555 cargo vehicle chassis body,18,QDP005591592,Tip mechanism of cab,,1,19-2,
SANY p17 L19,1-3,QDP100000555 cargo vehicle chassis body,19,QDP007159674,Front splashboard assembly,,1,20-2,
SANY p17 L20,1-3,QDP100000555 cargo vehicle chassis body,20,QDP007025332,Air intake device,,1,21-2,
SANY p17 L21,1-3,QDP100000555 cargo vehicle chassis body,21,QDP007098407,power module,,1,22-2,
SANY p17 L22,1-3,QDP100000555 cargo vehicle chassis body,22,QDP005629836,Engine suspension device,,1,23-2,
SANY p17 L23,1-3,QDP100000555 cargo vehicle chassis body,23,QDP007044786,Cooling device,,1,24-2,
SANY p17 L24,1-3,QDP100000555 cargo vehicle chassis body,24,QDP005585984,Front Bumper Device,,1,25-2,
SANY p17 L25,1-3,QDP100000555 cargo vehicle chassis body,25,QDP006928112,steering system,,1,26-2,
SANY p17 L26,1-3,QDP100000555 cargo vehicle chassis body,26,QDP006342924,Transmission system,,1,27-2,
SANY p17 L27,1-3,QDP100000555 cargo vehicle chassis body,27,QDP006314357,clutch system,,1,28-2,
SANY p17 L28,1-3,QDP100000555 cargo vehicle chassis body,28,QDP005792846,Two-shaft wheel dashboard,,1,29-2,
SANY p17 L29,1-3,QDP100000555 cargo vehicle chassis body,29,QDP007032192,Oil supply system,,1,30-2,
SANY p17 L30,1-3,QDP100000555 cargo vehicle chassis body,30,QDP007088498,Transmission shaft system,,1,31-2,
SANY p17 L31,1-3,QDP100000555 cargo vehicle chassis body,31,QDP005514707,Traction and Towing device,,1,32-2,
SANY p21 L1,2-3,QDP006403148 Driver’s Cab Assy,1,QDP005523706,Spiral spring suspension assembly,,1,2-4,
SANY p21 L2,2-3,QDP006403148 Driver’s Cab Assy,2,130901000570B,Cab Assembly,,1,2-8,
SANY p21 L3,2-3,QDP006403148 Driver’s Cab Assy,3,60001414,Fire Extinguisher,,1,,
SANY p21 L4,2-3,QDP006403148 Driver’s Cab Assy,4,60202124,Ashtray,,1,,
SANY p21 L5,2-3,QDP006403148 Driver’s Cab Assy,5,14373051,Three-grade Right Pedal Assembly,,1,2-188,
SANY p21 L6,2-3,QDP006403148 Driver’s Cab Assy,6,131101000003A,Steering Wheel Assembly,,1,,
SANY p21 L7,2-3,QDP006403148 Driver’s Cab Assy,7,60347433,Quick Connector,,1,,
SANY p23 L1,2-5,QDP005523706 Spiral spring suspension assembly,1,61006542,Front Suspension Lower Support,,2,,
SANY p23 L2,2-5,QDP005523706 Spiral spring suspension assembly,2,60207152,Bolt,,26,,
SANY p23 L3,2-5,QDP005523706 Spiral spring suspension assembly,3,61028566,Nut,,26,,
SANY p23 L4,2-5,QDP005523706 Spiral spring suspension assembly,4,A210404000008,Washer,,10,,
SANY p23 L5,2-5,QDP005523706 Spiral spring suspension assembly,5,60210231,Bolt,,4,,
SANY p23 L6,2-5,QDP005523706 Spiral spring suspension assembly,6,61028577,Nut,,4,,
SANY p23 L7,2-5,QDP005523706 Spiral spring suspension assembly,7,61006673,Rear Suspension Assembly,,1,2-6,
SANY p23 L8,2-5,QDP005523706 Spiral spring suspension assembly,8,60265748,Bolt,,4,,
SANY p23 L9,2-5,QDP005523706 Spiral spring suspension assembly,9,A210404000004,Washer,,4,,
SANY p23 L10,2-5,QDP005523706 Spiral spring suspension assembly,10,120102990036A,Nut,,4,,
SANY p25 L1,2-7,61006673 Rear Suspension Assembly,1,61006538,Radiator Support,,2,,
SANY p25 L2,2-7,61006673 Rear Suspension Assembly,2,61006539,Rear Suspension Spiral Spring Shock Absorber,,2,,
SANY p25 L3,2-7,61006673 Rear Suspension Assembly,3,61006540,Rear Suspension Swing Boom,,2,,
SANY p25 L4,2-7,61006673 Rear Suspension Assembly,4,61006541,Cross Beam of Rear Suspension,,1,,
SANY p25 L5,2-7,61006673 Rear Suspension Assembly,5,13006891,Connecting Angle Iron,,2,,
SANY p27 L1,2-9,130901000570B Cab Assembly,1,130901000571B,Driver's Cab Sub-Assembly,,1,2-10,
SANY p29 L1,2-11,130901000571B Driver's Cab Sub-Assembly,1,JSS006890326,Inner-decoration assembly,,1,2-12,
SANY p29 L2,2-11,130901000571B Driver's Cab Sub-Assembly,2,JSS006803630,electrical system,,1,2-44,
SANY p29 L3,2-11,130901000571B Driver's Cab Sub-Assembly,3,JSS005532002,"Outer decoration, assy",,1,2-72,
SANY p29 L4,2-11,130901000571B Driver's Cab Sub-Assembly,4,JSS005299654,body in white,,1,2-128,
SANY p29 L5,2-11,130901000571B Driver's Cab Sub-Assembly,5,JSS005568726,"Assembly, accessory",,1,2-130,
SANY p31 L1,2-13,JSS006890326 Inner-decoration assembly,1,11318849,Cover Radio,,1,,
SANY p31 L2,2-13,JSS006890326 Inner-decoration assembly,2,12677496,Instrument Panel Air Duct,,1,2-14,
SANY p31 L3,2-13,JSS006890326 Inner-decoration assembly,3,13611206,Seal Assembly,,1,2-16,
SANY p31 L4,2-13,JSS006890326 Inner-decoration assembly,4,14019459,Panel Assembly,,1,2-18,
SANY p31 L5,2-13,JSS006890326 Inner-decoration assembly,5,JSS005302067,Sleeping Berth,,1,2-20,
SANY p31 L6,2-13,JSS006890326 Inner-decoration assembly,6,JSS005507362,Internal ASM,,1,2-22,
SANY p31 L7,2-13,JSS006890326 Inner-decoration assembly,7,JSS005648151,CONCEL,,1,,
SANY p31 L8,2-13,JSS006890326 Inner-decoration assembly,8,JSS005648152,GROUND MAT,,1,,
SANY p31 L9,2-13,JSS006890326 Inner-decoration assembly,9,JSS005718280,Operator seat,,1,2-38,
SANY p31 L10,2-13,JSS006890326 Inner-decoration assembly,10,JSS005718327,Auxiliary Driver Seat,,1,2-42,
SANY p33 L1,2-15,12677496 Instrument Panel Air Duct,1,12571625,Left Air Duct Defrosting Assembly,,1,,
SANY p33 L2,2-15,12677496 Instrument Panel Air Duct,2,12571640,Middle Air Duct Defrosting Assembly,,1,,
SANY p33 L3,2-15,12677496 Instrument Panel Air Duct,3,12571662,Right Air Duct Defrosting Assembly,,1,,
SANY p33 L4,2-15,12677496 Instrument Panel Air Duct,4,12571668,Left Transition Door Assembly - Air Duct,,1,,
SANY p33 L5,2-15,12677496 Instrument Panel Air Duct,5,12571681,Right Transition Door Assembly - Air Duct,,1,,
SANY p33 L6,2-15,12677496 Instrument Panel Air Duct,6,12571718,Left Face Blowing Air Duct Assembly Main Cab,,1,,
SANY p33 L7,2-15,12677496 Instrument Panel Air Duct,7,12571739,Right Face Blowing Air Duct Assembly Main Cab,,1,,
SANY p33 L8,2-15,12677496 Instrument Panel Air Duct,8,12571778,Secondary Cab Left Blowing Face Air Duct Assembly,,1,,
SANY p33 L9,2-15,12677496 Instrument Panel Air Duct,9,12571810,Secondary Cab Right Blowing Face Air Duct Assembly,,1,,
SANY p33 L10,2-15,12677496 Instrument Panel Air Duct,10,12571817,Foot Blowing Air Duct Assembly Main Cab,,1,,
SANY p33 L11,2-15,12677496 Instrument Panel Air Duct,11,12572002,Secondary Cab Blowing Foot Air Duct Assembly,,1,,
SANY p33 L12,2-15,12677496 Instrument Panel Air Duct,12,11326706,"Screw, Drive",,12,,
SANY p33 L13,2-15,12677496 Instrument Panel Air Duct,13,11209482,Clip,,8,,
SANY p33 L14,2-15,12677496 Instrument Panel Air Duct,14,A210210000008,Screw,,11,,
SANY p33 L15,2-15,12677496 Instrument Panel Air Duct,15,A210404000009,Washer,,11,,
SANY p35 L1,2-17,13611206 Seal Assembly,1,11697466,Seal Real Window Screen,,1,,
SANY p35 L2,2-17,13611206 Seal Assembly,2,JSS007015291,Glass Strip,,1,,
SANY p35 L3,2-17,13611206 Seal Assembly,3,11697454,Left Window Guide Groove,,1,,
SANY p35 L4,2-17,13611206 Seal Assembly,4,11697448,Left Door Sealing Strip,,1,,
SANY p35 L5,2-17,13611206 Seal Assembly,5,11697451,Seal Right Door Sealing,,1,,
SANY p35 L6,2-17,13611206 Seal Assembly,6,11697455,Right Window Guide Groove,,1,,
SANY p35 L7,2-17,13611206 Seal Assembly,7,11697449,Belt Left Inner Waist,,1,,
SANY p35 L8,2-17,13611206 Seal Assembly,8,11697774,Outer Belt Line of Right Door,,1,,
SANY p35 L9,2-17,13611206 Seal Assembly,9,11697450,Belt Right Inner Waist,,1,,
SANY p35 L10,2-17,13611206 Seal Assembly,10,11697456,Outer Belt Line of Left Door,,1,,
SANY p35 L11,2-17,13611206 Seal Assembly,11,11948085,Left Door Baffle Curtain,,1,,
SANY p35 L12,2-17,13611206 Seal Assembly,12,11948091,Right Door Baffle Curtain,,1,,
SANY p35 L13,2-17,13611206 Seal Assembly,13,11697453,Inner Guide Groove of Door,,4,,
SANY p35 L14,2-17,13611206 Seal Assembly,14,11697452,Door Frame Seal,,2,,
SANY p35 L15,2-17,13611206 Seal Assembly,15,A210405000004,Washer,,2,,
SANY p35 L16,2-17,13611206 Seal Assembly,16,A210264000004,Tapping Screw,,2,,
SANY p37 L1,2-19,14019459 Panel Assembly,1,12571293,Left Body Instrument Panel Assembly,,1,,
SANY p37 L2,2-19,14019459 Panel Assembly,2,12571352,Right Body Instrument Panel Assembly,,1,,
SANY p37 L3,2-19,14019459 Panel Assembly,3,12571421,Right Upper Instrument Panel Access Cover Assembly,,1,,
SANY p37 L4,2-19,14019459 Panel Assembly,4,12571438,Right Down Instrument Panel Access Cover Assembly,,1,,
SANY p37 L5,2-19,14019459 Panel Assembly,5,12571494,Right Down Instrument Panel Guard Board Assembly,,1,,
SANY p37 L6,2-19,14019459 Panel Assembly,6,12571502,Left Down Instrument Panel Guard Board Assembly,,1,,
SANY p37 L7,2-19,14019459 Panel Assembly,7,12571557,Right Instrument Panel Decorating Plate Assembly,,1,,
SANY p37 L8,2-19,14019459 Panel Assembly,8,11844018,Instrument Cover Plate,,1,,
SANY p37 L9,2-19,14019459 Panel Assembly,9,11844014,Middle Decoration Plate Assembly,,1,,
SANY p37 L10,2-19,14019459 Panel Assembly,10,11846488,Left Decoration Plate Assembly,,1,,
SANY p37 L11,2-19,14019459 Panel Assembly,11,12557668,Left End Lower Sponge Cover Plate,,1,,
SANY p37 L12,2-19,14019459 Panel Assembly,12,12571561,Right End Cover Plate Lower Sponge,,1,,
SANY p37 L13,2-19,14019459 Panel Assembly,13,11841936,Bayonet catch,,6,,
SANY p37 L14,2-19,14019459 Panel Assembly,14,11326706,"Screw, Drive",,25,,
SANY p37 L15,2-19,14019459 Panel Assembly,15,A210210000008,Screw,,16,,
SANY p37 L16,2-19,14019459 Panel Assembly,16,A210404000009,Washer,,22,,
SANY p37 L17,2-19,14019459 Panel Assembly,17,A210405000006,Washer,,1,,
SANY p37 L18,2-19,14019459 Panel Assembly,18,A210210000010,Screw,,7,,
SANY p37 L19,2-19,14019459 Panel Assembly,19,12360567,Blanking Cover,,2,,
SANY p37 L20,2-19,14019459 Panel Assembly,20,11846653,Storage Box of IP,,1,,
SANY p37 L21,2-19,14019459 Panel Assembly,21,11846676,Left Bracket for CCB,,1,,
SANY p37 L22,2-19,14019459 Panel Assembly,22,12617017,Electrical Support Left Installed Plate Assembly,,1,,
SANY p37 L23,2-19,14019459 Panel Assembly,23,12704674,Electrical Installed Support Front Plate Assembly,,1,,
SANY p37 L24,2-19,14019459 Panel Assembly,24,12617028,Electrical Support Right Installed Plate Assembly,,1,,
SANY p37 L25,2-19,14019459 Panel Assembly,25,JSS005370792,Water Shield,,1,,
SANY p39 L1,2-21,JSS005302067 Sleeping Berth,1,JSS005681912,Sleeping Box,,1,,
SANY p39 L2,2-21,JSS005302067 Sleeping Berth,2,JSS005681906,Sleeping Box,,1,,
SANY p39 L3,2-21,JSS005302067 Sleeping Berth,3,60144917,Bolt,,8,,
SANY p39 L4,2-21,JSS005302067 Sleeping Berth,4,JSS007197600,Sleeping berth pad,,1,,
SANY p41 L1,2-23,JSS005507362 Internal ASM,1,11820339,Doorsill Decorative Board,,1,2-24,
SANY p41 L2,2-23,JSS005507362 Internal ASM,2,11816718,Door Goard Assembly,,1,2-26,
SANY p41 L3,2-23,JSS005507362 Internal ASM,3,12720691,Pillar Fender Plate,,1,2-28,
SANY p41 L4,2-23,JSS005507362 Internal ASM,4,JSS005302101,Rear Guard Board,,1,2-30,
SANY p41 L5,2-23,JSS005507362 Internal ASM,5,14014995,Guard Top Board,,1,2-32,
SANY p41 L6,2-23,JSS005507362 Internal ASM,6,12065898,Side Wall Inner Guard Board,,1,2-34,
SANY p41 L7,2-23,JSS005507362 Internal ASM,7,JSS005199162,Protective Cover of Steering Column Assembly,,1,2-36,
SANY p43 L1,2-25,11820339 Doorsill Decorative Board,1,11859069,Cover,,10,,
SANY p43 L2,2-25,11820339 Doorsill Decorative Board,2,A210404000009,Washer,,10,,
SANY p43 L3,2-25,11820339 Doorsill Decorative Board,3,A210210000008,Screw,,10,,
SANY p43 L4,2-25,11820339 Doorsill Decorative Board,4,11820337,Right Doorsill Decorative Board,,1,,
SANY p43 L5,2-25,11820339 Doorsill Decorative Board,5,11820336,Left Doorsill Decorative Board,,1,,
SANY p45 L1,2-27,11816718 Door Goard Assembly,1,11816716,Left Door Handle Cover,,1,,
SANY p45 L2,2-27,11816718 Door Goard Assembly,2,11816717,Right Door Handle Cover,,1,,
SANY p45 L3,2-27,11816718 Door Goard Assembly,3,60119922,Light,,2,,
SANY p45 L4,2-27,11816718 Door Goard Assembly,4,11326706,"Screw, Drive",,6,,
SANY p45 L5,2-27,11816718 Door Goard Assembly,5,A210405000006,Washer,,4,,
SANY p45 L6,2-27,11816718 Door Goard Assembly,6,A210204000135,Screw,,4,,
SANY p45 L7,2-27,11816718 Door Goard Assembly,7,11209482,Clip,,6,,
SANY p45 L8,2-27,11816718 Door Goard Assembly,8,JSS007583377,Assy Right Door Inner Trim,,1,,
SANY p45 L9,2-27,11816718 Door Goard Assembly,9,JSS007583165,Assy Left Door Inner Trim,,1,,
SANY p45 L10,2-27,11816718 Door Goard Assembly,10,11638894,Snap Fastener,,2,,
SANY p47 L1,2-29,12720691 Pillar Fender Plate,1,12571236,Left Aillar A Inner Plate Assembly,,1,,
SANY p47 L2,2-29,12720691 Pillar Fender Plate,2,12571244,Right Aillar A Inner Plate Assembly,,1,,
SANY p47 L3,2-29,12720691 Pillar Fender Plate,3,A210405000006,Washer,,4,,
SANY p47 L4,2-29,12720691 Pillar Fender Plate,4,A210210000008,Screw,,4,,
SANY p49 L1,2-31,JSS005302101 Rear Guard Board,1,JSS005234240,Rear Interior,,1,,
SANY p49 L2,2-31,JSS005302101 Rear Guard Board,2,JSS005556525,Screw plug,,2,,
SANY p49 L3,2-31,JSS005302101 Rear Guard Board,3,12065968,Right Pin Rail,,1,,
SANY p49 L4,2-31,JSS005302101 Rear Guard Board,4,11826998,Catch Bayonet,,9,,
SANY p49 L5,2-31,JSS005302101 Rear Guard Board,5,A210210000008,Screw,,3,,
SANY p49 L6,2-31,JSS005302101 Rear Guard Board,6,12065964,Left Pin Rail,,1,,
SANY p51 L1,2-33,14014995 Guard Top Board,1,12065815,Decorative Batten,,2,,
SANY p51 L2,2-33,14014995 Guard Top Board,2,11209482,Clip,,7,,
SANY p51 L3,2-33,14014995 Guard Top Board,3,12566918,Cross Beam Assembly,,1,,
SANY p51 L4,2-33,14014995 Guard Top Board,4,12065782,Rear Top Guard Board Body,,1,,
SANY p51 L5,2-33,14014995 Guard Top Board,5,12566880,Storage Box Assembly,,1,,
SANY p51 L6,2-33,14014995 Guard Top Board,6,A210210000017,Screw,,4,,
SANY p51 L7,2-33,14014995 Guard Top Board,7,11325819,"Coupling, Internal Hexagon",,8,,
SANY p51 L8,2-33,14014995 Guard Top Board,8,12566775,Foreside Top Guard Board Assembly,,1,,
SANY p51 L9,2-33,14014995 Guard Top Board,9,12062106,Left Un-shading Plate Assembly,,1,,
SANY p51 L10,2-33,14014995 Guard Top Board,10,12065810,Window Curtain Guide Rail Assembly,,1,,
SANY p51 L11,2-33,14014995 Guard Top Board,11,12065800,Right Top Trimming Board,,1,,
SANY p51 L12,2-33,14014995 Guard Top Board,12,11826998,Catch Bayonet,,6,,
SANY p51 L13,2-33,14014995 Guard Top Board,13,12065794,Left Top Trimming Board,,1,,
SANY p51 L14,2-33,14014995 Guard Top Board,14,12567092,Top Fixed Support of Storage Box,,1,,
SANY p51 L15,2-33,14014995 Guard Top Board,15,60144917,Bolt,,3,,
SANY p51 L16,2-33,14014995 Guard Top Board,16,A210299000040,Tapping Screw,,7,,
SANY p51 L17,2-33,14014995 Guard Top Board,17,60144908,Bolt,,8,,
SANY p53 L1,2-35,12065898 Side Wall Inner Guard Board,1,12065886,Left Side Wall Inner Guard Board,,1,,
SANY p53 L2,2-35,12065898 Side Wall Inner Guard Board,2,12065888,Right Guard Board Assembly,,1,,
SANY p53 L3,2-35,12065898 Side Wall Inner Guard Board,3,11826998,Catch Bayonet,,4,,
SANY p55 L1,2-37,JSS005199162 Protective Cover of Steering Column Assembly,1,11859775,Front Covering Casing,,1,,
SANY p55 L2,2-37,JSS005199162 Protective Cover of Steering Column Assembly,2,11841901,Rear Covering Casing,,1,,
SANY p55 L3,2-37,JSS005199162 Protective Cover of Steering Column Assembly,3,11841918,Corrugated Covering Casing,,1,,
SANY p55 L4,2-37,JSS005199162 Protective Cover of Steering Column Assembly,4,11841925,Pressure Strip for Corrugated Covering Casing,,1,,
SANY p55 L5,2-37,JSS005199162 Protective Cover of Steering Column Assembly,5,JSS004817138,Dust Cover,,1,,
SANY p57 L1,2-39,JSS005718280 Operator seat,1,JSS005710952,Seat Support Assembly,,1,2-40,
SANY p57 L2,2-39,JSS005718280 Operator seat,2,60144917,Bolt,,4,,
SANY p57 L3,2-39,JSS005718280 Operator seat,3,A210204000341,Screw,,4,,
SANY p57 L4,2-39,JSS005718280 Operator seat,4,130903000103A,Driver Seat,,1,,
SANY p57 L5,2-39,JSS005718280 Operator seat,5,JSS005827839,Seat Air Pipe Protective Sleeve,,1,,
SANY p59 L1,2-41,JSS005710952 Seat Support Assembly,1,JSS005710916,Seat Support,,1,,
SANY p59 L2,2-41,JSS005710952 Seat Support Assembly,2,JSS005710798,Seat Support,,1,,
SANY p59 L3,2-41,JSS005710952 Seat Support Assembly,3,60056379,Nut,,4,,
SANY p61 L1,2-43,JSS005718327 Auxiliary Driver Seat,1,130903000106A,Seat Assembly Codriver,,1,,
SANY p61 L2,2-43,JSS005718327 Auxiliary Driver Seat,2,A210204000341,Screw,,4,,
SANY p63 L1,2-45,JSS006803630 electrical system,1,14513560,Switch Assembly,,1,2-46,
SANY p63 L2,2-45,JSS006803630 electrical system,2,JSS005819846,electric assembly,,1,2-54,
SANY p63 L3,2-45,JSS006803630 electrical system,3,JSS006754074,light,,1,2-62,
SANY p63 L4,2-45,JSS006803630 electrical system,4,JSS006803494,harness assembly,,1,2-70,
SANY p65 L1,2-47,14513560 Switch Assembly,1,14513554,Door Backplate Switch Assembly,,1,2-48,
SANY p65 L2,2-47,14513560 Switch Assembly,2,14052824,Blanking Cover Assembly,,1,2-50,
SANY p65 L3,2-47,14513560 Switch Assembly,3,11840374,Combined Switch,,1,2-52,
SANY p67 L1,2-49,14513554 Door Backplate Switch Assembly,1,14513483,Right Door Backplate Switch Assembly,,1,,
SANY p67 L2,2-49,14513554 Door Backplate Switch Assembly,2,14513469,Left Door Backplate Switch Assembly,,1,,
SANY p69 L1,2-51,14052824 Blanking Cover Assembly,1,60227745,Two League Box,,1,,
SANY p71 L1,2-53,11840374 Combined Switch,1,60118250,Combined Switch,,1,,
SANY p71 L2,2-53,11840374 Combined Switch,2,A313180502003,Screw,,3,,
SANY p73 L1,2-55,JSS005819846 electric assembly,1,12105439,Speaker Assembly,,1,2-56,
SANY p73 L2,2-55,JSS005819846 electric assembly,2,12867790,Air Temperature Adjusting Device Assembly,,1,2-58,
SANY p73 L3,2-55,JSS005819846 electric assembly,3,60101847,"Strip, Seal",,1,,
SANY p73 L4,2-55,JSS005819846 electric assembly,4,60105071,24V Cigar Lighter,,1,,
SANY p73 L5,2-55,JSS005819846 electric assembly,5,60110347,Antenna,,1,,
SANY p73 L6,2-55,JSS005819846 electric assembly,6,60118242,"Regulate Switch, Light Highness",,1,,
SANY p73 L7,2-55,JSS005819846 electric assembly,7,A230200000170,Clip,,1,,
SANY p73 L8,2-55,JSS005819846 electric assembly,8,HQ3725005SQ01,24V Power Supply Port,,1,,
SANY p73 L9,2-55,JSS005819846 electric assembly,9,JSS006654374,power intake plugging cover,,1,,
SANY p75 L1,2-57,12105439 Speaker Assembly,1,60110344,Horn,,2,,
SANY p75 L2,2-57,12105439 Speaker Assembly,2,60144906,Bolt,,6,,
SANY p77 L1,2-59,12867790 Air Temperature Adjusting Device Assembly,1,60214066,Air Conditioner Control Panel,,1,,
SANY p77 L2,2-59,12867790 Air Temperature Adjusting Device Assembly,2,11326706,"Screw, Drive",,4,,
SANY p77 L3,2-59,12867790 Air Temperature Adjusting Device Assembly,3,60198935,Evaporator,,1,2-60,
SANY p77 L4,2-59,12867790 Air Temperature Adjusting Device Assembly,4,A210111000080,Bolt,,8,,
SANY p77 L5,2-59,12867790 Air Temperature Adjusting Device Assembly,5,A210404000009,Washer,,10,,
SANY p77 L6,2-59,12867790 Air Temperature Adjusting Device Assembly,6,A210210000017,Screw,,3,,
SANY p77 L7,2-59,12867790 Air Temperature Adjusting Device Assembly,7,A210405000006,Washer,,1,,
SANY p77 L8,2-59,12867790 Air Temperature Adjusting Device Assembly,8,61014465,Air Distribution Mechanism Assembly,,1,,
SANY p79 L1,2-61,60198935 Evaporator,1,141502000017,Fresh Air Filter Screen,,1,,
SANY p79 L2,2-61,60198935 Evaporator,2,141502000077,Fresh Air Filter,,1,,
SANY p79 L3,2-61,60198935 Evaporator,3,60273570,Speed Control Module,,1,,
SANY p79 L4,2-61,60198935 Evaporator,4,60183678,Speed Control Module,,1,,
SANY p79 L5,2-61,60198935 Evaporator,5,60273568,BLOWER,,1,,
SANY p79 L6,2-61,60198935 Evaporator,6,60227101,fan,,1,,
SANY p79 L7,2-61,60198935 Evaporator,7,60273567,Water Valve Motor,,1,,
SANY p79 L8,2-61,60198935 Evaporator,8,60183684,Water Valve Motor,,1,,
SANY p79 L9,2-61,60198935 Evaporator,9,60273563,Heater Core,,1,,
SANY p79 L10,2-61,60198935 Evaporator,10,60284006,Heater Core,,1,,
SANY p79 L11,2-61,60198935 Evaporator,11,60273565,Mode Motor,,1,,
SANY p79 L12,2-61,60198935 Evaporator,12,60183683,Mode Motor,,1,,
SANY p79 L13,2-61,60198935 Evaporator,13,60284008,Expansion Valve,,1,,
SANY p79 L14,2-61,60198935 Evaporator,14,60284007,Expansion Valve,,1,,
SANY p79 L15,2-61,60198935 Evaporator,15,60273566,Internal and External Circulating Motor,,1,,
SANY p79 L16,2-61,60198935 Evaporator,16,60183682,Internal and External Mode Motor,,1,,
SANY p79 L17,2-61,60198935 Evaporator,17,60273571,Thermistor,,1,,
SANY p79 L18,2-61,60198935 Evaporator,18,60183685,Temperature Sensor,,1,,
SANY p79 L19,2-61,60198935 Evaporator,19,60273569,Evaporator Core,,1,,
SANY p79 L20,2-61,60198935 Evaporator,20,60284005,Evaporator core,,1,,
SANY p79 L21,2-61,60198935 Evaporator,21,141502000076,Desiccant,,1,,
SANY p79 L22,2-61,60198935 Evaporator,22,60214066,Air Conditioner Control Panel,,1,,
SANY p79 L23,2-61,60198935 Evaporator,23,60183687,Wiring Harness,,1,,
SANY p79 L24,2-61,60198935 Evaporator,24,60183686,Heater Valve,,1,,
SANY p81 L1,2-63,JSS006754074 light,1,12097152,Front Clearance Lamp,,1,,
SANY p81 L2,2-63,JSS006754074 light,2,141604000060A,Light,,2,,
SANY p81 L3,2-63,JSS006754074 light,3,11841554,Front Fog Lamp,,1,2-64,
SANY p81 L4,2-63,JSS006754074 light,4,JSS005583263,Side Turning Lamp,,1,2-68,
SANY p81 L5,2-63,JSS006754074 light,5,14340445,Front Combined Lamp,,1,,
SANY p81 L6,2-63,JSS006754074 light,6,60119920,Side Reflection Device,,2,,
SANY p83 L1,2-65,11841554 Front Fog Lamp,1,60119921,Front Fog Lamp,,2,2-66,
SANY p83 L2,2-65,11841554 Front Fog Lamp,2,A210210000002,Screw,,8,,
SANY p83 L3,2-65,11841554 Front Fog Lamp,3,A210401000015,Washer,,8,,
SANY p83 L4,2-65,11841554 Front Fog Lamp,4,A210405000005,Washer,,8,,
SANY p85 L1,2-67,60119921 Front Fog Lamp,1,60253346,Bulb,,1,,
SANY p87 L1,2-69,JSS005583263 Side Turning Lamp,1,141601990070A,Right Direction-indicator Lamp,,1,,
SANY p87 L2,2-69,JSS005583263 Side Turning Lamp,2,141601990069A,Left Direction-indicator Lamp,,1,,
SANY p87 L3,2-69,JSS005583263 Side Turning Lamp,3,60144888,Nut,,4,,
SANY p89 L1,2-71,JSS006803494 harness assembly,1,12096987,Front Clearance Harness,,2,,
SANY p89 L2,2-71,JSS006803494 harness assembly,2,13231554,Chassis Harness Guide Support Assembly,,1,,
SANY p89 L3,2-71,JSS006803494 harness assembly,3,13399617,Fixed Bracktet Assembly of Distribution Box,,1,,
SANY p89 L4,2-71,JSS006803494 harness assembly,4,13630375,Junction Box Plate Assembly,,1,,
SANY p89 L5,2-71,JSS006803494 harness assembly,5,14213251,Harness,,1,,
SANY p89 L6,2-71,JSS006803494 harness assembly,6,14213252,Harness,,1,,
SANY p89 L7,2-71,JSS006803494 harness assembly,7,142999000045A,Central distribution case,,1,,
SANY p89 L8,2-71,JSS006803494 harness assembly,8,142999000182A,Junction Box,,1,,
SANY p89 L9,2-71,JSS006803494 harness assembly,9,60043730,Fixing Sheet,,2,,
SANY p89 L10,2-71,JSS006803494 harness assembly,10,60144888,Nut,,4,,
SANY p89 L11,2-71,JSS006803494 harness assembly,11,60144912,Bolt,,7,,
SANY p89 L12,2-71,JSS006803494 harness assembly,12,60203144,Clamp,,5,,
SANY p89 L13,2-71,JSS006803494 harness assembly,13,A210210000008,Screw,,4,,
SANY p89 L14,2-71,JSS006803494 harness assembly,14,A210210000017,Screw,,4,,
SANY p89 L15,2-71,JSS006803494 harness assembly,15,A210307000012,Nut,,3,,
SANY p89 L16,2-71,JSS006803494 harness assembly,16,A210401000017,Washer,,3,,
SANY p89 L17,2-71,JSS006803494 harness assembly,17,A210404000009,Washer,,1,,
SANY p89 L18,2-71,JSS006803494 harness assembly,18,A210405000007,Washer,,3,,
SANY p89 L19,2-71,JSS006803494 harness assembly,19,A230200000170,Clip,,5,,
SANY p89 L20,2-71,JSS006803494 harness assembly,20,JSS004845740,Front Wall Wiring Harness,,1,,
SANY p89 L21,2-71,JSS006803494 harness assembly,21,JSS004845743,ceiling harness,,1,,
SANY p89 L22,2-71,JSS006803494 harness assembly,22,JSS004845747,Floor hamess,,1,,
SANY p89 L23,2-71,JSS006803494 harness assembly,23,JSS006802552,Instrument harness,,1,,
SANY p91 L1,2-73,"JSS005532002 Outer decoration, assy",1,13426602,Hand Adjusted External Rearview Mirror Assembly,,1,2-78,
SANY p91 L2,2-73,"JSS005532002 Outer decoration, assy",3,12327198,Get-up Handle Assembly,,1,2-90,
SANY p91 L3,2-73,"JSS005532002 Outer decoration, assy",4,JSS005297052,Air intake passage,,1,2-92,
SANY p93 L1,2-75,"JSS005532002 Outer decoration, assy",6,14015124,Glasses Assembly,,1,2-96,
SANY p93 L2,2-75,"JSS005532002 Outer decoration, assy",7,13898818,Door Lower Decorating Plate Assembly,,1,2-98,
SANY p93 L3,2-75,"JSS005532002 Outer decoration, assy",8,JSS005531964,"Assy, 3-grade pedal",,1,2-104,
SANY p93 L4,2-75,"JSS005532002 Outer decoration, assy",9,14015141,Lower Side Decorating Plate Assembly,,1,2-114,
SANY p95 L1,2-77,"JSS005532002 Outer decoration, assy",2,JSS005565894,"Assembly, bumper",,1,2-88,
SANY p95 L2,2-77,"JSS005532002 Outer decoration, assy",5,13898814,Guide Plate Assembly,,1,2-94,
SANY p95 L3,2-77,"JSS005532002 Outer decoration, assy",10,13898842,Front Panel Assembly,,1,2-116,
SANY p95 L4,2-77,"JSS005532002 Outer decoration, assy",11,12068536,Sun Shield,,1,2-122,
SANY p95 L5,2-77,"JSS005532002 Outer decoration, assy",12,12068543,Engine Insulator Assembly,,1,2-124,
SANY p95 L6,2-77,"JSS005532002 Outer decoration, assy",13,11798761,Outer Decorating Plate of Piller,,1,2-126,
SANY p97 L1,2-79,13426602 Hand Adjusted External Rearview Mirror Assembly,3,12273572,Left Guide Plate Body,,1,,
SANY p97 L2,2-79,13426602 Hand Adjusted External Rearview Mirror Assembly,8,A210204000184,Screw,,2,,
SANY p97 L3,2-79,13426602 Hand Adjusted External Rearview Mirror Assembly,9,A210405000007,Washer,,2,,
SANY p97 L4,2-79,13426602 Hand Adjusted External Rearview Mirror Assembly,10,60290914,Front Panel Assembly,,1,,
SANY p97 L5,2-79,13426602 Hand Adjusted External Rearview Mirror Assembly,11,13850875,Front Panel Right Reinforced Plate Assembly,,1,,
SANY p99 L1,2-81,13426602 Hand Adjusted External Rearview Mirror Assembly,1,13425240,Front Panel Mode Assembly,,1,2-84,
SANY p99 L2,2-81,13426602 Hand Adjusted External Rearview Mirror Assembly,2,13425270,Right Rear View Mirror Assembly,,1,2-86,
SANY p99 L3,2-81,13426602 Hand Adjusted External Rearview Mirror Assembly,5,A210204000139,Screw,,6,,
SANY p99 L4,2-81,13426602 Hand Adjusted External Rearview Mirror Assembly,6,A210204000133,Screw,,4,,
SANY p99 L5,2-81,13426602 Hand Adjusted External Rearview Mirror Assembly,7,A210405000006,Washer,,10,,
SANY p101 L1,2-83,13426602 Hand Adjusted External Rearview Mirror Assembly,4,12273568,Fill Blind Mirror,,1,,
SANY p101 L2,2-83,13426602 Hand Adjusted External Rearview Mirror Assembly,5,A210204000139,Screw,,6,,
SANY p101 L3,2-83,13426602 Hand Adjusted External Rearview Mirror Assembly,7,A210405000006,Washer,,10,,
SANY p103 L1,2-85,13425240 Front Panel Mode Assembly,1,12273531,Right Manual Wide-angle Lens L,,1,,
SANY p103 L2,2-85,13425240 Front Panel Mode Assembly,2,12273439,Left Manual Lens L,,1,,
SANY p103 L3,2-85,13425240 Front Panel Mode Assembly,3,12273480,Logo,,1,,
SANY p103 L4,2-85,13425240 Front Panel Mode Assembly,4,13425267,Mannual Lever of Left Rearview Mirror,,1,,
SANY p105 L1,2-87,13425270 Right Rear View Mirror Assembly,1,12273531,Right Manual Wide-angle Lens L,,1,,
SANY p105 L2,2-87,13425270 Right Rear View Mirror Assembly,2,12273549,Lower Bracket Cover,,1,,
SANY p105 L3,2-87,13425270 Right Rear View Mirror Assembly,3,12273439,Left Manual Lens L,,1,,
SANY p105 L4,2-87,13425270 Right Rear View Mirror Assembly,4,13425272,Mannual Lever of Right Rearview Mirror,,1,,
SANY p107 L1,2-89,"JSS005565894 Assembly, bumper",1,JSS005589336,Framework of Collision Bumper with Frog Lamp Bracket,,1,,
SANY p107 L2,2-89,"JSS005565894 Assembly, bumper",2,61014415,Front Bumper Middle Faceplate,,1,,
SANY p107 L3,2-89,"JSS005565894 Assembly, bumper",3,JSS005562297,Right Headlamp Mask Body,,1,,
SANY p107 L4,2-89,"JSS005565894 Assembly, bumper",4,JSS005561879,Left Headlamp Mask Body,,1,,
SANY p107 L5,2-89,"JSS005565894 Assembly, bumper",5,11325819,"Coupling, Internal Hexagon",,20,,
SANY p107 L6,2-89,"JSS005565894 Assembly, bumper",6,JSS005492149,Cover,,2,,
SANY p109 L1,2-91,12327198 Get-up Handle Assembly,1,12035444,Left-front Superstructure Handrail,,1,,
SANY p109 L2,2-91,12327198 Get-up Handle Assembly,2,12035456,Right-front Superstructure Handrail,,1,,
SANY p109 L3,2-91,12327198 Get-up Handle Assembly,3,12035470,Left-front Superstructure Handrail,,1,,
SANY p109 L4,2-91,12327198 Get-up Handle Assembly,4,12035501,Right-rear Superstructure Handrail,,1,,
SANY p109 L5,2-91,12327198 Get-up Handle Assembly,5,60144917,Bolt,,10,,
SANY p111 L1,2-93,JSS005297052 Air intake passage,1,130907000316A,Air intake passage body Assy,,1,,
SANY p111 L2,2-93,JSS005297052 Air intake passage,2,A210307000017,Nut,,8,,
SANY p111 L3,2-93,JSS005297052 Air intake passage,3,A210405000011,Washer,,4,,
SANY p111 L4,2-93,JSS005297052 Air intake passage,4,JSS005296873,Rubber Pad,,4,,
SANY p111 L5,2-93,JSS005297052 Air intake passage,5,139999000177A,Inlet,,2,,
SANY p111 L6,2-93,JSS005297052 Air intake passage,6,139999000176A,Inlet Rubber Pad,,2,,
SANY p113 L1,2-95,13898814 Guide Plate Assembly,1,12059474,Left Guide Plate Assembly,,1,,
SANY p113 L2,2-95,13898814 Guide Plate Assembly,2,12059648,Right Guide Plate Aembly,,1,,
SANY p113 L3,2-95,13898814 Guide Plate Assembly,3,11209482,Clip,,8,,
SANY p113 L4,2-95,13898814 Guide Plate Assembly,4,A210210000017,Screw,,6,,
SANY p113 L5,2-95,13898814 Guide Plate Assembly,5,A210405000006,Washer,,6,,
SANY p113 L6,2-95,13898814 Guide Plate Assembly,6,11326706,"Screw, Drive",,8,,
SANY p115 L1,2-97,14015124 Glasses Assembly,1,11689838,Engine Insulator Assembly,,1,,
SANY p115 L2,2-97,14015124 Glasses Assembly,2,JSS005876497,Glass Limit Block,,1,,
SANY p115 L3,2-97,14015124 Glasses Assembly,3,11689854,Right Door Lower Decorative Plate,,1,,
SANY p115 L4,2-97,14015124 Glasses Assembly,4,11689857,Spring Leaf Nut,,1,,
SANY p115 L5,2-97,14015124 Glasses Assembly,5,11689847,Plastic Clip,,1,,
SANY p117 L1,2-99,13898818 Door Lower Decorating Plate Assembly,1,12045378,Cross Beam of Rear Suspension,,1,2-100,
SANY p117 L2,2-99,13898818 Door Lower Decorating Plate Assembly,2,12045500,Right Door Lower Decorative Plate Assembly,,1,2-102,
SANY p117 L3,2-99,13898818 Door Lower Decorating Plate Assembly,3,A210210000008,Screw,,10,,
SANY p117 L4,2-99,13898818 Door Lower Decorating Plate Assembly,4,A210405000006,Washer,,10,,
SANY p119 L1,2-101,12045378 Cross Beam of Rear Suspension,1,11823420,Rear Suspension Swing Boom,,1,,
SANY p119 L2,2-101,12045378 Cross Beam of Rear Suspension,2,11823596,Rear Suspension Spiral Spring Shock Sbsorber,,1,,
SANY p119 L3,2-101,12045378 Cross Beam of Rear Suspension,3,11823635,Support of Rear Suspension Shock,,5,,
SANY p119 L4,2-101,12045378 Cross Beam of Rear Suspension,4,11795150,Connecting Angle Iron,,6,,
SANY p121 L1,2-103,12045500 Right Door Lower Decorative Plate Assembly,1,11823667,Lower Decorative Plate of Right Door,,1,,
SANY p121 L2,2-103,12045500 Right Door Lower Decorative Plate Assembly,2,11823596,Rear Suspension Spiral Spring Shock Sbsorber,,1,,
SANY p121 L3,2-103,12045500 Right Door Lower Decorative Plate Assembly,3,11823635,Support of Rear Suspension Shock,,5,,
SANY p121 L4,2-103,12045500 Right Door Lower Decorative Plate Assembly,4,11795150,Connecting Angle Iron,,6,,
SANY p123 L1,2-105,"JSS005531964 Assy, 3-grade pedal",1,JSS005531923,"Assy, right, 3-grade pedal",,1,2-106,
SANY p123 L2,2-105,"JSS005531964 Assy, 3-grade pedal",2,JSS005531946,"Assy, mid-high, roof, left, 3-grade, pedal",,1,2-110,
SANY p125 L1,2-107,"JSS005531923 Assy, right, 3-grade pedal",1,13009983,Left Upper Decorating Plate Front Panel,,1,2-108,
SANY p125 L2,2-107,"JSS005531923 Assy, right, 3-grade pedal",2,JSS005320809,Panel,,1,,
SANY p125 L3,2-107,"JSS005531923 Assy, right, 3-grade pedal",3,JSS005199531,Right Upper Decorating Plate Front Panel,,1,,
SANY p125 L4,2-107,"JSS005531923 Assy, right, 3-grade pedal",4,60144880,Nut,,4,,
SANY p125 L5,2-107,"JSS005531923 Assy, right, 3-grade pedal",5,60144888,Nut,,1,,
SANY p125 L6,2-107,"JSS005531923 Assy, right, 3-grade pedal",6,60144892,Bolt,,8,,
SANY p125 L7,2-107,"JSS005531923 Assy, right, 3-grade pedal",7,60144913,Bolt,,1,,
SANY p125 L8,2-107,"JSS005531923 Assy, right, 3-grade pedal",8,JSS004845122,Metal Clip,,1,,
SANY p125 L9,2-107,"JSS005531923 Assy, right, 3-grade pedal",9,JSS005199467,Left Upper Decorating Plate Front Panel Assembly,,1,,
SANY p127 L1,2-109,13009983 Left Upper Decorating Plate Front Panel,1,13008481,Supporting Rod of Right Pedal,,1,,
SANY p127 L2,2-109,13009983 Left Upper Decorating Plate Front Panel,2,13008594,Self Tapping Screw,,1,,
SANY p129 L1,2-111,"JSS005531946 Assy, mid-high, roof, left, 3-grade, pedal",1,JSS005322023,Panel,,1,,
SANY p129 L2,2-111,"JSS005531946 Assy, mid-high, roof, left, 3-grade, pedal",2,13010564,Front Panel Left Upper Reinforced Plate,,1,2-112,
SANY p129 L3,2-111,"JSS005531946 Assy, mid-high, roof, left, 3-grade, pedal",3,JSS006074189,"Assy,protective plate, left pedal",,1,,
SANY p129 L4,2-111,"JSS005531946 Assy, mid-high, roof, left, 3-grade, pedal",4,JSS005199529,Front Panel Hinge Assembly,,1,,
SANY p129 L5,2-111,"JSS005531946 Assy, mid-high, roof, left, 3-grade, pedal",5,JSS005199479,Front Panel Left Upper Reinforced Plate,,1,,
SANY p129 L6,2-111,"JSS005531946 Assy, mid-high, roof, left, 3-grade, pedal",6,13025424,Front Panel Body Assembly,,1,,
SANY p129 L7,2-111,"JSS005531946 Assy, mid-high, roof, left, 3-grade, pedal",7,60144913,Bolt,,6,,
SANY p129 L8,2-111,"JSS005531946 Assy, mid-high, roof, left, 3-grade, pedal",8,60144892,Bolt,,8,,
SANY p129 L9,2-111,"JSS005531946 Assy, mid-high, roof, left, 3-grade, pedal",9,60144888,Nut,,1,,
SANY p129 L10,2-111,"JSS005531946 Assy, mid-high, roof, left, 3-grade, pedal",10,60144880,Nut,,4,,
SANY p131 L1,2-113,13010564 Front Panel Left Upper Reinforced Plate,1,13008482,Supporting Rod of Left Pedal,,1,,
SANY p131 L2,2-113,13010564 Front Panel Left Upper Reinforced Plate,2,13008480,Connecting Support of Left Pedal,,1,,
SANY p133 L1,2-115,14015141 Lower Side Decorating Plate Assembly,1,11325819,"Coupling, Internal Hexagon",,8,,
SANY p133 L2,2-115,14015141 Lower Side Decorating Plate Assembly,2,12056696,Front Cover Right Support,,1,,
SANY p133 L3,2-115,14015141 Lower Side Decorating Plate Assembly,3,12052712,Strip Left Wheel Middle Decorative,,1,,
SANY p133 L4,2-115,14015141 Lower Side Decorating Plate Assembly,4,A210210000008,Screw,,26,,
SANY p133 L5,2-115,14015141 Lower Side Decorating Plate Assembly,5,A210404000009,Washer,,26,,
SANY p133 L6,2-115,14015141 Lower Side Decorating Plate Assembly,6,12054382,Right Side Lower Decorating Plate Assembly,,1,,
SANY p133 L7,2-115,14015141 Lower Side Decorating Plate Assembly,7,12052718,Right Upper Decorating Plate Front Panel,,1,,
SANY p133 L8,2-115,14015141 Lower Side Decorating Plate Assembly,8,JSS005492149,Cover,,2,,
SANY p135 L1,2-117,13898842 Front Panel Assembly,1,13898833,Front Pannel Mode Assembly,,1,2-118,
SANY p135 L2,2-117,13898842 Front Panel Assembly,2,11798548,Sun Shield Body,,1,2-120,
SANY p137 L1,2-119,13898833 Front Pannel Mode Assembly,1,11797975,Outer Decorating Plate of Right Piller,,1,,
SANY p137 L2,2-119,13898833 Front Pannel Mode Assembly,2,11819035,Logo,,1,,
SANY p137 L3,2-119,13898833 Front Pannel Mode Assembly,3,11819349,Plate Locking,,3,,
SANY p137 L4,2-119,13898833 Front Pannel Mode Assembly,4,12445554,A Piller Outer Decorating Plate Assembly,,1,,
SANY p137 L5,2-119,13898833 Front Pannel Mode Assembly,5,13631416,Right Front Superstructure Handrail,,1,,
SANY p137 L6,2-119,13898833 Front Pannel Mode Assembly,6,13265068,Front Panel Right Reinforced Plate Assembly,,1,,
SANY p137 L7,2-119,13898833 Front Pannel Mode Assembly,7,60120093,Right Ear Superstructure Handrail,,2,,
SANY p137 L8,2-119,13898833 Front Pannel Mode Assembly,8,60120467,Left Piller Outer Decorating Plate Cover,,2,,
SANY p137 L9,2-119,13898833 Front Pannel Mode Assembly,9,A210401000017,Washer,,10,,
SANY p137 L10,2-119,13898833 Front Pannel Mode Assembly,10,A210405000007,Washer,,10,,
SANY p137 L11,2-119,13898833 Front Pannel Mode Assembly,11,A210307000012,Nut,,4,,
SANY p137 L12,2-119,13898833 Front Pannel Mode Assembly,12,A210111000089,Bolt,,6,,
SANY p137 L13,2-119,13898833 Front Pannel Mode Assembly,13,60144913,Bolt,,18,,
SANY p139 L1,2-121,11798548 Sun Shield Body,1,11820379,Left Side Bracket,,1,,
SANY p139 L2,2-121,11798548 Sun Shield Body,2,11821174,Spring Leaf Nut,,1,,
SANY p139 L3,2-121,11798548 Sun Shield Body,3,A210405000006,Washer,,8,,
SANY p139 L4,2-121,11798548 Sun Shield Body,4,A210210000017,Screw,,8,,
SANY p139 L5,2-121,11798548 Sun Shield Body,5,JSS005202884,Front Cover Right Support,,1,,
SANY p139 L6,2-121,11798548 Sun Shield Body,6,JSS005202891,Front Cover Left Support,,1,,
SANY p141 L1,2-123,12068536 Sun Shield,1,12068527,Sun Shield Body,,1,,
SANY p141 L2,2-123,12068536 Sun Shield,2,12068530,Left Support,,1,,
SANY p141 L3,2-123,12068536 Sun Shield,3,12068529,Middle Support of Sun Shield,,3,,
SANY p141 L4,2-123,12068536 Sun Shield,4,12068534,Sun Shield Washer,,5,,
SANY p141 L5,2-123,12068536 Sun Shield,5,60144921,Bolt,,10,,
SANY p141 L6,2-123,12068536 Sun Shield,6,60144913,Bolt,,8,,
SANY p141 L7,2-123,12068536 Sun Shield,7,12068532,Right Support,,1,,
SANY p143 L1,2-125,12068543 Engine Insulator Assembly,1,JSS006997224,Thermal Insulation Pad,,1,,
SANY p143 L2,2-125,12068543 Engine Insulator Assembly,2,11821851,Seft-locking Reed,,22,,
SANY p145 L1,2-127,11798761 Outer Decorating Plate of Piller,1,11784388,Outer Decorating Plate of Left Piller,,1,,
SANY p145 L2,2-127,11798761 Outer Decorating Plate of Piller,2,11784389,Outer Decorating Plate of Right Piller,,1,,
SANY p145 L3,2-127,11798761 Outer Decorating Plate of Piller,3,11784390,Cover of Left Piller Outer Decorating Plate,,1,,
SANY p145 L4,2-127,11798761 Outer Decorating Plate of Piller,4,11784391,Cover of Right Piller Outer Decorating Plate,,1,,
SANY p145 L5,2-127,11798761 Outer Decorating Plate of Piller,5,A210210000017,Screw,,4,,
SANY p145 L6,2-127,11798761 Outer Decorating Plate of Piller,6,A210405000006,Washer,,4,,
SANY p147 L1,2-129,JSS005299654 body in white,1,11830136,Right Door Welding Assembly,,1,,
SANY p147 L2,2-129,JSS005299654 body in white,2,JSS005299650,"Assembly,body framework",,1,,
SANY p147 L3,2-129,JSS005299654 body in white,3,11830629,Left Door Welding Assembly,,1,,
SANY p147 L4,2-129,JSS005299654 body in white,4,12181863,"Mounting Parts, Cab Door Hinge",,24,,
SANY p147 L5,2-129,JSS005299654 body in white,5,60118855,Right Door Upper Hinge,,1,,
SANY p147 L6,2-129,JSS005299654 body in white,6,60118856,Right Next Door Hinge Assembly,,1,,
SANY p147 L7,2-129,JSS005299654 body in white,7,60118858,Left Door Upper Hinge,,1,,
SANY p147 L8,2-129,JSS005299654 body in white,8,60118859,Left Door Lower Hinge,,1,,
SANY p147 L9,2-129,JSS005299654 body in white,9,JSS005031223,"Plate, cover",,1,,
SANY p147 L10,2-129,JSS005299654 body in white,10,JSS005031219,"Plate, cover",,1,,
SANY p147 L11,2-129,JSS005299654 body in white,11,JSS005736348,Temperature sensor bracket,,1,,
SANY p147 L12,2-129,JSS005299654 body in white,12,JSS004846362,"Reinforced Plate, front floor",,1,,
SANY p147 L13,2-129,JSS005299654 body in white,13,JSS004846301,"Floor, front",,1,,
SANY p149 L1,2-131,"JSS005568726 Assembly, accessory",2,12266306,Mixing Cylinder Control Mechanism Support Assembly,,1,2-136,
SANY p149 L2,2-131,"JSS005568726 Assembly, accessory",6,11830315,Ignition Switch Assembly,,1,2-140,
SANY p149 L3,2-131,"JSS005568726 Assembly, accessory",8,12775610,Front Cover Buffer Block Assembly,,2,2-142,
SANY p149 L4,2-131,"JSS005568726 Assembly, accessory",11,11822273,Fire Extinguisher Assembly,,1,2-152,
SANY p149 L5,2-131,"JSS005568726 Assembly, accessory",12,14146066,Spring Suspension Assembly,,1,2-154,
SANY p149 L6,2-131,"JSS005568726 Assembly, accessory",14,11840551,Washer,,1,2-164,
SANY p149 L7,2-131,"JSS005568726 Assembly, accessory",16,11840534,Windscreen Wiper Assembly,,1,2-174,
SANY p149 L8,2-131,"JSS005568726 Assembly, accessory",18,JSS005568689,"Assembly,accessories,brake",,1,2-180,
SANY p149 L9,2-131,"JSS005568726 Assembly, accessory",19,12448991,Mid-high Roof Cab Column Steering Assembly,,1,2-184,
SANY p149 L10,2-131,"JSS005568726 Assembly, accessory",20,13732758,Electrical Installed Middle Bracket,,1,,
SANY p149 L11,2-131,"JSS005568726 Assembly, accessory",21,11270627,Nameplate,,1,,
SANY p151 L1,2-133,"JSS005568726 Assembly, accessory",1,11835113,Glass Lifter Assembly,,1,2-134,
SANY p151 L2,2-133,"JSS005568726 Assembly, accessory",3,11843529,Door Rear Lower Guide Assembly,,1,2-138,
SANY p151 L3,2-133,"JSS005568726 Assembly, accessory",4,12301984,Staff Jacket,,1,,
SANY p151 L4,2-133,"JSS005568726 Assembly, accessory",5,13014915,Curtain Assembly Rear Window,,1,,
SANY p151 L5,2-133,"JSS005568726 Assembly, accessory",7,11845790,Blank Cover,,1,,
SANY p151 L6,2-133,"JSS005568726 Assembly, accessory",9,11840565,Switch Door Lamp,,1,2-144,
SANY p151 L7,2-133,"JSS005568726 Assembly, accessory",10,11831814,Cover Lock and Bracket Assembly,,1,2-146,
SANY p151 L8,2-133,"JSS005568726 Assembly, accessory",13,11830762,Lock and Handle Assembly,,1,2-158,
SANY p151 L9,2-133,"JSS005568726 Assembly, accessory",15,11834765,Limiter Assembly,,1,2-168,
SANY p151 L10,2-133,"JSS005568726 Assembly, accessory",17,JSS005571813,"Assembly, pedal",,1,2-178,
SANY p153 L1,2-135,11835113 Glass Lifter Assembly,1,60118857,Left Door Glass Lifter Assembly,,1,,
SANY p153 L2,2-135,11835113 Glass Lifter Assembly,2,60144888,Nut,,4,,
SANY p153 L3,2-135,11835113 Glass Lifter Assembly,3,60118854,Right Door Glass Lifter Assembly,,1,,
SANY p153 L4,2-135,11835113 Glass Lifter Assembly,4,A210210000008,Screw,,4,,
SANY p153 L5,2-135,11835113 Glass Lifter Assembly,5,60144906,Bolt,,16,,
SANY p155 L1,2-137,12266306 Mixing Cylinder Control Mechanism Support Assembly,1,12266307,Support Assembly,,1,,
SANY p155 L2,2-137,12266306 Mixing Cylinder Control Mechanism Support Assembly,2,A210404000009,Washer,,2,,
SANY p155 L3,2-137,12266306 Mixing Cylinder Control Mechanism Support Assembly,3,A210401000016,Washer,,2,,
SANY p155 L4,2-137,12266306 Mixing Cylinder Control Mechanism Support Assembly,4,A210111000080,Bolt,,2,,
SANY p157 L1,2-139,11843529 Door Rear Lower Guide Assembly,1,11843531,Rear Lower Guide Left Door Assembly,,1,,
SANY p157 L2,2-139,11843529 Door Rear Lower Guide Assembly,2,11843537,Rear Lower Guide Right Door Assembly,,1,,
SANY p157 L3,2-139,11843529 Door Rear Lower Guide Assembly,3,60144906,Bolt,,4,,
SANY p159 L1,2-141,11830315 Ignition Switch Assembly,1,60119268,Ignition Lock ASSY,,1,,
SANY p159 L2,2-141,11830315 Ignition Switch Assembly,2,A210401000017,Washer,,2,,
SANY p159 L3,2-141,11830315 Ignition Switch Assembly,3,A210210000007,Screw,,2,,
SANY p161 L1,2-143,12775610 Front Cover Buffer Block Assembly,1,11989160,Front Cover Buffer Block,,1,,
SANY p161 L2,2-143,12775610 Front Cover Buffer Block Assembly,2,A210307000012,Nut,,1,,
SANY p163 L1,2-145,11840565 Switch Door Lamp,1,11326706,"Screw, Drive",,2,,
SANY p163 L2,2-145,11840565 Switch Door Lamp,2,60118244,Door Lamp Switch,,2,,
SANY p165 L1,2-147,11831814 Cover Lock and Bracket Assembly,1,60117669,Cover in the Front Lock Assembly,,1,2-148,
SANY p165 L2,2-147,11831814 Cover Lock and Bracket Assembly,2,11831587,Mounting Support of Cover Lock Assembly,,1,2-150,
SANY p165 L3,2-147,11831814 Cover Lock and Bracket Assembly,3,60144906,Bolt,,9,,
SANY p165 L4,2-147,11831814 Cover Lock and Bracket Assembly,4,60144913,Bolt,,14,,
SANY p167 L1,2-149,60117669 Cover in the Front Lock Assembly,1,60144669,Hook Lock Buckle,,1,,
SANY p167 L2,2-149,60117669 Cover in the Front Lock Assembly,2,60144670,Steel Lock Cable,,1,,
SANY p167 L3,2-149,60117669 Cover in the Front Lock Assembly,3,60144672,Right Cover Lock,,1,,
SANY p167 L4,2-149,60117669 Cover in the Front Lock Assembly,4,60144674,Hood Lock,,1,,
SANY p167 L5,2-149,60117669 Cover in the Front Lock Assembly,5,60144677,Hood Lock Buckle Bracket Assembly,,1,,
SANY p167 L6,2-149,60117669 Cover in the Front Lock Assembly,6,60144678,Lock Pin Seat,,2,,
SANY p167 L7,2-149,60117669 Cover in the Front Lock Assembly,7,60144694,Rubber Sleeve,,5,,
SANY p169 L1,2-151,11831587 Mounting Support of Cover Lock Assembly,1,12568284,Left Lock Steel Cable Fixed Support,,1,,
SANY p169 L2,2-151,11831587 Mounting Support of Cover Lock Assembly,2,12568312,Right Lock Steel Cable Fixed Support,,1,,
SANY p169 L3,2-151,11831587 Mounting Support of Cover Lock Assembly,3,11831593,Mounting Support of Right Cover Lock Assembly,,1,,
SANY p169 L4,2-151,11831587 Mounting Support of Cover Lock Assembly,4,11845891,Mounting Support Left Cover Lock Assembly,,1,,
SANY p169 L5,2-151,11831587 Mounting Support of Cover Lock Assembly,5,11845897,Mounting Support Right Cover Lock Assembly,,1,,
SANY p169 L6,2-151,11831587 Mounting Support of Cover Lock Assembly,6,11934802,Mounting Support Right Cover Lock Assembly,,1,,
SANY p169 L7,2-151,11831587 Mounting Support of Cover Lock Assembly,7,14089965,Cover Lock Mounting Support Plate,,1,,
SANY p169 L8,2-151,11831587 Mounting Support of Cover Lock Assembly,8,11831589,Mounting Support of Left Cover Lock Assembly,,1,,
SANY p169 L9,2-151,11831587 Mounting Support of Cover Lock Assembly,9,11831591,Mounting Support of Left Cover Lock Assembly,,1,,
SANY p171 L1,2-153,11822273 Fire Extinguisher Assembly,1,12781513,Mounting Support Assembly of Fire Extinguisher,,1,,
SANY p171 L2,2-153,11822273 Fire Extinguisher Assembly,2,A210404000009,Washer,,3,,
SANY p171 L3,2-153,11822273 Fire Extinguisher Assembly,3,A210210000017,Screw,,2,,
SANY p171 L4,2-153,11822273 Fire Extinguisher Assembly,4,A210210000027,Screw,,1,,
SANY p173 L1,2-155,14146066 Spring Suspension Assembly,1,21005186,Bolt,,13,,
SANY p173 L2,2-155,14146066 Spring Suspension Assembly,2,A210405000011,Washer,,13,,
SANY p173 L3,2-155,14146066 Spring Suspension Assembly,3,A210401000001,Washer,,13,,
SANY p173 L4,2-155,14146066 Spring Suspension Assembly,4,A210110000384,Bolt,,6,,
SANY p173 L5,2-155,14146066 Spring Suspension Assembly,5,A210111000204,Bolt,,4,,
SANY p173 L6,2-155,14146066 Spring Suspension Assembly,6,24000639,Washer,,4,,
SANY p173 L7,2-155,14146066 Spring Suspension Assembly,7,24000513,Washer,,4,,
SANY p173 L8,2-155,14146066 Spring Suspension Assembly,8,60144883,Nut,,6,,
SANY p173 L9,2-155,14146066 Spring Suspension Assembly,9,61006371,Hydraulic Lock Support Assembly,,2,,
SANY p173 L10,2-155,14146066 Spring Suspension Assembly,10,61006355,Front Suspension Assembly,,1,2-156,
SANY p175 L1,2-157,61006355 Front Suspension Assembly,1,61006358,Shock Absorber Plate,,4,,
SANY p175 L2,2-157,61006355 Front Suspension Assembly,2,61006369,Shock Absorber,,1,,
SANY p175 L3,2-157,61006355 Front Suspension Assembly,3,61006368,Polyurethane Gasket,,4,,
SANY p175 L4,2-157,61006355 Front Suspension Assembly,4,61006367,Buffer Seat,,2,,
SANY p175 L5,2-157,61006355 Front Suspension Assembly,5,61006366,Upper Support,,2,,
SANY p175 L6,2-157,61006355 Front Suspension Assembly,6,61006365,Pin Nut,,2,,
SANY p175 L7,2-157,61006355 Front Suspension Assembly,7,61006363,Rubber Washer,,4,,
SANY p175 L8,2-157,61006355 Front Suspension Assembly,8,61006362,Rubber Shaft Sleeve,,2,,
SANY p175 L9,2-157,61006355 Front Suspension Assembly,9,61006357,Front Suspension Upper Right Bracket,,1,,
SANY p175 L10,2-157,61006355 Front Suspension Assembly,10,61006364,Pin,,2,,
SANY p175 L11,2-157,61006355 Front Suspension Assembly,11,61006361,Stabilizer Rod Assembly,,1,,
SANY p175 L12,2-157,61006355 Front Suspension Assembly,12,61006360,Limit Block,,2,,
SANY p175 L13,2-157,61006355 Front Suspension Assembly,13,61006359,Limit Rod,,2,,
SANY p175 L14,2-157,61006355 Front Suspension Assembly,14,61006356,Front Suspension Upper Left Bracket,,1,,
SANY p175 L15,2-157,61006355 Front Suspension Assembly,15,61006370,Shock Absorber,,1,,
SANY p177 L1,2-159,11830762 Lock and Handle Assembly,1,A210210000010,Screw,,8,,
SANY p177 L2,2-159,11830762 Lock and Handle Assembly,2,A210401000016,Washer,,8,,
SANY p177 L3,2-159,11830762 Lock and Handle Assembly,3,A210405000006,Washer,,8,,
SANY p177 L4,2-159,11830762 Lock and Handle Assembly,4,A210211000015,Screw,,4,,
SANY p177 L5,2-159,11830762 Lock and Handle Assembly,5,A210210000006,Screw,,2,,
SANY p177 L6,2-159,11830762 Lock and Handle Assembly,6,60117671,Door Lock,,1,2-160,
SANY p177 L7,2-159,11830762 Lock and Handle Assembly,7,60120957,Washer,,6,,
SANY p177 L8,2-159,11830762 Lock and Handle Assembly,8,23002286,Screw,,6,,
SANY p177 L9,2-159,11830762 Lock and Handle Assembly,9,60117670,Door Lock,,1,2-162,
SANY p177 L10,2-159,11830762 Lock and Handle Assembly,10,A210459000005,Washer,,4,,
SANY p179 L1,2-161,60117671 Door Lock,1,60144693,Left Door External Handle Assembly,,1,,
SANY p179 L2,2-161,60117671 Door Lock,2,60144688,Inner-opening Handle of Left Door,,1,,
SANY p179 L3,2-161,60117671 Door Lock,3,60144689,Inner-opening Handle Guard of Left Door,,1,,
SANY p179 L4,2-161,60117671 Door Lock,4,60144676,Screw Cap,,1,,
SANY p179 L5,2-161,60117671 Door Lock,5,60144696,Locker,,1,,
SANY p179 L6,2-161,60117671 Door Lock,6,60196532,Left Door Lock Body,,1,,
SANY p179 L7,2-161,60117671 Door Lock,7,60144692,Left Door External Open Pull Rod,,1,,
SANY p179 L8,2-161,60117671 Door Lock,8,60144690,Left Door Lock Pull Rod,,1,,
SANY p181 L1,2-163,60117670 Door Lock,1,60144685,Right Door External Handle,,1,,
SANY p181 L2,2-163,60117670 Door Lock,2,60144680,Inner-opening Handle of Right Door,,1,,
SANY p181 L3,2-163,60117670 Door Lock,3,60144681,Inner-opening Handle Guard of Right Door,,1,,
SANY p181 L4,2-163,60117670 Door Lock,4,60144676,Screw Cap,,1,,
SANY p181 L5,2-163,60117670 Door Lock,5,60144696,Locker,,1,,
SANY p181 L6,2-163,60117670 Door Lock,6,60196533,Right Door Lock Body,,1,,
SANY p181 L7,2-163,60117670 Door Lock,7,60144684,Right Door External Open Pull Rod,,1,,
SANY p181 L8,2-163,60117670 Door Lock,8,60144682,Right Door Lock Pull Rod,,1,,
SANY p183 L1,2-165,11840551 Washer,1,60118238,Scrubber Assembly,,1,2-166,
SANY p183 L2,2-165,11840551 Washer,2,A210210000027,Screw,,4,,
SANY p183 L3,2-165,11840551 Washer,3,A210404000009,Washer,,4,,
SANY p183 L4,2-165,11840551 Washer,4,A210401000016,Washer,,4,,
SANY p185 L1,2-167,60118238 Scrubber Assembly,1,60255461,Washer Motor,,1,,
SANY p185 L2,2-167,60118238 Scrubber Assembly,2,60255462,Washer Cover and Gasket,,1,,
SANY p185 L3,2-167,60118238 Scrubber Assembly,3,60255463,Wash Pot,,1,,
SANY p185 L4,2-167,60118238 Scrubber Assembly,4,60255464,Washer Waterpro of Plug,,1,,
SANY p185 L5,2-167,60118238 Scrubber Assembly,5,60255465,Water Pipe of Washer,,1,,
SANY p185 L6,2-167,60118238 Scrubber Assembly,6,60255466,Three-way Joint,,1,,
SANY p187 L1,2-169,11834765 Limiter Assembly,1,60118861,Door Limiter Assembly of Left Door,,1,,
SANY p187 L2,2-169,11834765 Limiter Assembly,3,60144917,Bolt,,4,,
SANY p187 L3,2-169,11834765 Limiter Assembly,4,60144889,Nut,,6,,
SANY p189 L1,2-171,11834765 Limiter Assembly,2,60118860,Door Limiter Assembly of Right Door,,1,,
SANY p189 L2,2-171,11834765 Limiter Assembly,3,60144917,Bolt,,4,,
SANY p189 L3,2-171,11834765 Limiter Assembly,4,60144889,Nut,,6,,
SANY p191 L1,2-173,11834765 Limiter Assembly,1,60118861,Door Limiter Assembly of Left Door,,1,,
SANY p191 L2,2-173,11834765 Limiter Assembly,2,60118860,Door Limiter Assembly of Right Door,,1,,
SANY p191 L3,2-173,11834765 Limiter Assembly,3,60144917,Bolt,,4,,
SANY p191 L4,2-173,11834765 Limiter Assembly,4,60144889,Nut,,6,,
SANY p193 L1,2-175,11840534 Windscreen Wiper Assembly,1,60118233,Front Right Wiper Brush ASSY,,1,,
SANY p193 L2,2-175,11840534 Windscreen Wiper Assembly,2,60144913,Bolt,,10,,
SANY p193 L3,2-175,11840534 Windscreen Wiper Assembly,3,60118240,Front Left Wiper Arm ASSY,,1,,
SANY p193 L4,2-175,11840534 Windscreen Wiper Assembly,4,60118237,Front Wiper Motor with Joint Rod Assembly,,1,2-176,
SANY p193 L5,2-175,11840534 Windscreen Wiper Assembly,5,60118239,Front Right Wiper Arm ASSY,,1,,
SANY p193 L6,2-175,11840534 Windscreen Wiper Assembly,6,60118234,Wiper Brush Assembly,,1,,
SANY p195 L1,2-177,60118237 Front Wiper Motor with Joint Rod Assembly,1,60255460,Connecting Rod and Fixed Support,,1,,
SANY p195 L2,2-177,60118237 Front Wiper Motor with Joint Rod Assembly,2,60141516,Wiper Motor and Mounting Plate Assembly,,1,,
SANY p197 L1,2-179,"JSS005571813 Assembly, pedal",1,JSS005571577,"Bracket,fixed",,1,,
SANY p197 L2,2-179,"JSS005571813 Assembly, pedal",2,60144906,Bolt,,3,,
SANY p199 L1,2-181,"JSS005568689 Assembly,accessories,brake",1,60144912,Bolt,,2,,
SANY p199 L2,2-181,"JSS005568689 Assembly,accessories,brake",2,60118365,Clutch Master Pump Reservoir Oil Kettle,,1,,
SANY p199 L3,2-181,"JSS005568689 Assembly,accessories,brake",3,60144917,Bolt,,2,,
SANY p199 L4,2-181,"JSS005568689 Assembly,accessories,brake",4,60274682,Manual Brake Valve ASSY,,1,,
SANY p199 L5,2-181,"JSS005568689 Assembly,accessories,brake",5,A229900004672,Pipe Clip,,3,,
SANY p199 L6,2-181,"JSS005568689 Assembly,accessories,brake",6,60144889,Nut,,3,,
SANY p199 L7,2-181,"JSS005568689 Assembly,accessories,brake",7,130907000260A,Brake Clutch Pedal Assembly,,1,2-182,
SANY p199 L8,2-181,"JSS005568689 Assembly,accessories,brake",8,12304856,Bracket Pipeline Brake,,1,,
SANY p199 L9,2-181,"JSS005568689 Assembly,accessories,brake",9,A210404000009,Washer,,2,,
SANY p199 L10,2-181,"JSS005568689 Assembly,accessories,brake",10,60144906,Bolt,,8,,
SANY p201 L1,2-183,130907000260A Brake Clutch Pedal Assembly,1,60118362,Foot valve,,1,,
SANY p201 L2,2-183,130907000260A Brake Clutch Pedal Assembly,2,60274813,Braking switch,,1,,
SANY p201 L3,2-183,130907000260A Brake Clutch Pedal Assembly,3,60118361,Clutch Main Pump,,1,,
SANY p201 L4,2-183,130907000260A Brake Clutch Pedal Assembly,4,130907000312A001,Clutch switch,,1,,
SANY p203 L1,2-185,12448991 Mid-high Roof Cab Column Steering Assembly,1,60144917,Bolt,,4,,
SANY p203 L2,2-185,12448991 Mid-high Roof Cab Column Steering Assembly,2,60181010,Mid-high Roof Cab Steering Column,,1,2-186,
SANY p205 L1,2-187,60181010 Mid-high Roof Cab Steering Column,1,60253351,Anti-dust Cover,,1,,
SANY p205 L2,2-187,60181010 Mid-high Roof Cab Steering Column,2,60253350,Lower Steering Shaft of Steering Column,,1,,
SANY p205 L3,2-187,60181010 Mid-high Roof Cab Steering Column,3,60253349,Upper Steering Shaft of Steering Column,,1,,
SANY p205 L4,2-187,60181010 Mid-high Roof Cab Steering Column,4,60253353,Washer,,1,,
SANY p205 L5,2-187,60181010 Mid-high Roof Cab Steering Column,5,60253352,Nut,,1,,
SANY p207 L1,2-189,14373051 Three-grade Right Pedal Assembly,1,60265717,Bolt,,10,,
SANY p207 L2,2-189,14373051 Three-grade Right Pedal Assembly,2,A210404000003,Washer,,4,,
SANY p207 L3,2-189,14373051 Three-grade Right Pedal Assembly,3,A210111000297,Bolt,,4,,
SANY p207 L4,2-189,14373051 Three-grade Right Pedal Assembly,4,61003891,Nut,,4,,
SANY p211 L1,3-3,QDP007459184 Instrument monitor device,1,141998000097B,Conbination Instrument Assembly,,1,,
SANY p211 L2,3-3,QDP007459184 Instrument monitor device,2,60190934,Radio,,1,,
SANY p211 L3,3-3,QDP007459184 Instrument monitor device,3,13067476,Switch,,1,,
SANY p211 L4,3-3,QDP007459184 Instrument monitor device,4,11326706,"Screw, Drive",,24,,
SANY p211 L5,3-3,QDP007459184 Instrument monitor device,5,146399000018A,Voice Alarm,,1,,
SANY p211 L6,3-3,QDP007459184 Instrument monitor device,6,60144907,Bolt,,2,,
SANY p211 L7,3-3,QDP007459184 Instrument monitor device,7,60144888,Nut,,4,,
SANY p211 L8,3-3,QDP007459184 Instrument monitor device,8,140999020011A,Mobile Terminal,,1,,
SANY p211 L9,3-3,QDP007459184 Instrument monitor device,9,60144912,Bolt,,2,,
SANY p215 L1,4-3,13257613 Logo and Name Plate Assembly,1,A229900002294,Rivet Blind,,4,,
SANY p215 L2,4-3,13257613 Logo and Name Plate Assembly,2,13257054,GCC Tag,,1,,
SANY p215 L3,4-3,13257613 Logo and Name Plate Assembly,3,10938393,Mark of No Sliding in Neutral Gear,,1,,
SANY p215 L4,4-3,13257613 Logo and Name Plate Assembly,4,GJB005769936,Chassis Nameplate,,1,,
SANY p215 L5,4-3,13257613 Logo and Name Plate Assembly,5,10208355,Warning Scutcheon of No Washing,,2,,
SANY p215 L6,4-3,13257613 Logo and Name Plate Assembly,6,14008121,Inter-axle Differential Warning Board,,1,,
SANY p219 L1,5-3,141501000230A Air Conditioning Assembly,1,141501000152A001,Compressor,,1,,
SANY p219 L2,5-3,141501000230A Air Conditioning Assembly,2,A229900004645,Compressor Bracket,,1,,
SANY p219 L3,5-3,141501000230A Air Conditioning Assembly,3,A229900004646,Supporting Arm,,1,,
SANY p219 L4,5-3,141501000230A Air Conditioning Assembly,4,A229900004647,The Tighten Slider,,1,,
SANY p219 L5,5-3,141501000230A Air Conditioning Assembly,5,141501000230A002,Compressor to Condenser Line,,1,,
SANY p219 L6,5-3,141501000230A Air Conditioning Assembly,6,141501000230A001,The Pipe of Evaporator to Compressor,,1,,
SANY p219 L7,5-3,141501000230A Air Conditioning Assembly,7,60205575,Pipe Clamp,,2,,
SANY p219 L8,5-3,141501000230A Air Conditioning Assembly,8,141501000151A001,The support of condenser,,2,,
SANY p219 L9,5-3,141501000230A Air Conditioning Assembly,9,141501000147A008,Condenser,,1,,
SANY p219 L10,5-3,141501000230A Air Conditioning Assembly,10,141501000151A004,Pipeline-condenser to evaporator,,1,,
SANY p219 L11,5-3,141501000230A Air Conditioning Assembly,11,60110328,Upper Sheet of Pipeline Support,,2,,
SANY p219 L12,5-3,141501000230A Air Conditioning Assembly,12,A229900004634,Tube Clip,,3,,
SANY p219 L13,5-3,141501000230A Air Conditioning Assembly,13,A820101342951,Pipeline Support,,1,,
SANY p219 L14,5-3,141501000230A Air Conditioning Assembly,14,A229900004635,Pipe Clamp Bush,,5,,
SANY p219 L15,5-3,141501000230A Air Conditioning Assembly,15,A820101342949,Pipeline Support,,1,,
SANY p219 L16,5-3,141501000230A Air Conditioning Assembly,16,A229900004665,Pipe Nip,,1,,
SANY p219 L17,5-3,141501000230A Air Conditioning Assembly,17,14529057,Pipeline Bracket,,1,,
SANY p219 L18,5-3,141501000230A Air Conditioning Assembly,18,141502000338A,A Pipeline of Expansion Valve Import and Export,,1,,
SANY p219 L19,5-3,141501000230A Air Conditioning Assembly,19,60197334,Pipeline Support,,1,,
SANY p219 L20,5-3,141501000230A Air Conditioning Assembly,20,60205576,Pipe Clamp Bush,,4,,
SANY p223 L1,6-3,QDP006337536 Warm air system equipment,1,13141680,Fixed Bracket for Warm Air Pipe,,2,,
SANY p223 L2,6-3,QDP006337536 Warm air system equipment,2,A210404000005,Washer,,4,,
SANY p223 L3,6-3,QDP006337536 Warm air system equipment,3,A210111000091,Bolt,,4,,
SANY p223 L4,6-3,QDP006337536 Warm air system equipment,4,A229900004673,Pipe Clamp,,6,,
SANY p223 L5,6-3,QDP006337536 Warm air system equipment,5,A210405000007,Washer,,1,,
SANY p223 L6,6-3,QDP006337536 Warm air system equipment,6,A210307000012,Nut,,4,,
SANY p223 L7,6-3,QDP006337536 Warm air system equipment,7,13546545,Non-bearing General Support,,1,,
SANY p223 L8,6-3,QDP006337536 Warm air system equipment,8,12211855,Warm Air Pipe Coupling,,2,,
SANY p223 L9,6-3,QDP006337536 Warm air system equipment,9,A229900002962,Clamp,,8,,
SANY p223 L10,6-3,QDP006337536 Warm air system equipment,10,12212523,Warm Air Water Inlet Pipe,,1,,
SANY p223 L11,6-3,QDP006337536 Warm air system equipment,11,12212526,Warm Air Water Outlet Tube,,1,,
SANY p223 L12,6-3,QDP006337536 Warm air system equipment,12,12212534,Warm Air Outlet Pipe,,1,,
SANY p223 L13,6-3,QDP006337536 Warm air system equipment,13,12212537,Warm Air Inlet Pipe,,1,,
SANY p227 L1,7-3,GJB005357201 Vehicle Tools,1,11137710,Lifter Elongated Rod Assembly,,1,7-4,
SANY p227 L2,7-3,GJB005357201 Vehicle Tools,2,12602037,Towing Hook,,1,,
SANY p227 L3,7-3,GJB005357201 Vehicle Tools,3,13252586,Towing Hook Pin,,1,,
SANY p227 L4,7-3,GJB005357201 Vehicle Tools,4,60000509,Carton,,1,,
SANY p227 L5,7-3,GJB005357201 Vehicle Tools,5,60009857,Socket Spanner,,1,,
SANY p227 L6,7-3,GJB005357201 Vehicle Tools,6,60207366,Spanner,,1,,
SANY p227 L7,7-3,GJB005357201 Vehicle Tools,7,60335017,Triangle Alarm Board,,1,,
SANY p227 L8,7-3,GJB005357201 Vehicle Tools,8,61013913,Hook and Loop Safety Vest,,1,,
SANY p227 L9,7-3,GJB005357201 Vehicle Tools,9,61013923,Rubber Wheel Stop,,2,,
SANY p227 L10,7-3,GJB005357201 Vehicle Tools,10,A260401010096,Tyre Sleeve,,1,,
SANY p227 L11,7-3,GJB005357201 Vehicle Tools,11,A260401010097,Hexagon Sleeve for Central Rear Axle,,1,,
SANY p227 L12,7-3,GJB005357201 Vehicle Tools,12,A260401040004,Adjustable Spanner,,1,,
SANY p227 L13,7-3,GJB005357201 Vehicle Tools,13,A820301990120,Lock Pin,,1,,
SANY p229 L1,7-5,11137710 Lifter Elongated Rod Assembly,1,11137504,Extension Rod,,1,,
SANY p229 L2,7-5,11137710 Lifter Elongated Rod Assembly,2,A820503002028,Lengthening Rod Crank Fork,,1,,
SANY p229 L3,7-5,11137710 Lifter Elongated Rod Assembly,3,A210405000007,Washer,,1,,
SANY p229 L4,7-5,11137710 Lifter Elongated Rod Assembly,4,A210508000032,Pin,,1,,
SANY p229 L5,7-5,11137710 Lifter Elongated Rod Assembly,5,A210491000011,Pin,,1,,
SANY p233 L1,8-3,QDP007199762 abs device,1,60228512,ABS Controller,,1,,
SANY p233 L2,8-3,QDP007199762 abs device,2,QDP007199761,abs harness,,1,,
SANY p233 L3,8-3,QDP007199762 abs device,3,60243435,ABS Magnetic Valve,,4,,
SANY p233 L4,8-3,QDP007199762 abs device,4,60265726,Bolt,,8,,
SANY p233 L5,8-3,QDP007199762 abs device,5,60078169,Nut,,8,,
SANY p237 L1,9-3,QDP007141423 Carriage assembly,1,QDP007141421,"Longitudinal beam of frame,left",,1,,
SANY p237 L2,9-3,QDP007141423 Carriage assembly,2,QDP007141422,"Longitudinal beam of frame,right",,1,,
SANY p237 L3,9-3,QDP007141423 Carriage assembly,3,QDP007141424,Inner beam (left),,1,,
SANY p237 L4,9-3,QDP007141423 Carriage assembly,4,QDP007141425,Inner beam (right ),,1,,
SANY p237 L5,9-3,QDP007141423 Carriage assembly,5,QDP007128300,Left Outer reinforced plate,,1,,
SANY p237 L6,9-3,QDP007141423 Carriage assembly,6,QDP007128299,Right Outer reinforced plate,,1,,
SANY p237 L7,9-3,QDP007141423 Carriage assembly,7,QDP007126019,Lower connecting plate-backrest beam assembly,,1,,
SANY p237 L8,9-3,QDP007141423 Carriage assembly,8,QDP007126023,Upper connecting plate-backrest beam assembly,,1,,
SANY p237 L9,9-3,QDP007141423 Carriage assembly,9,QDP007126027,Lower connecting plate-backrest beam assembly,,1,,
SANY p237 L10,9-3,QDP007141423 Carriage assembly,10,QDP007126021,Upper connecting plate-backrest beam assembly,,1,,
SANY p237 L11,9-3,QDP007141423 Carriage assembly,23,QDP004934392,Right inner reinforced plate,,1,,
SANY p237 L12,9-3,QDP007141423 Carriage assembly,24,QDP004934394,Left inner reinforced plate,,1,,
SANY p237 L13,9-3,QDP007141423 Carriage assembly,28,QDP005588911,Front cross rail,,1,,
SANY p237 L14,9-3,QDP007141423 Carriage assembly,32,A210506000040,Rivet,,72,,
SANY p237 L15,9-3,QDP007141423 Carriage assembly,35,120101050147A,Bolt,,48,,
SANY p237 L16,9-3,QDP007141423 Carriage assembly,36,120102990048A,Nut,,126,,
SANY p239 L1,9-5,QDP007141423 Carriage assembly,16,QDP005018228,Arched beam assembly,,2,9-12,
SANY p239 L2,9-5,QDP007141423 Carriage assembly,17,QDP005000854,Front support of front suspension,,2,,
SANY p239 L3,9-5,QDP007141423 Carriage assembly,18,QDP005000853,Rear Support of Front Suspension,,4,,
SANY p239 L4,9-5,QDP007141423 Carriage assembly,20,13261688,Pipe String Beam Backing Plate,,2,,
SANY p239 L5,9-5,QDP007141423 Carriage assembly,21,QDP005578639,Column Jacket Bridging BeamAssy,,1,9-14,
SANY p239 L6,9-5,QDP007141423 Carriage assembly,25,QDP005632839,Arched beam assembly,,2,9-16,
SANY p239 L7,9-5,QDP007141423 Carriage assembly,26,QDP007190443,Connecting board of arched beam assembly,,1,,
SANY p239 L8,9-5,QDP007141423 Carriage assembly,27,QDP005588910,Connecting board of arched beam assembly,,1,,
SANY p239 L9,9-5,QDP007141423 Carriage assembly,29,12805343,The Front Bracket of The Front Suspension,,2,,
SANY p239 L10,9-5,QDP007141423 Carriage assembly,42,120101050148A,Bolt,,78,,
SANY p239 L11,9-5,QDP007141423 Carriage assembly,43,61028556,Bolt,,8,,
SANY p239 L12,9-5,QDP007141423 Carriage assembly,44,120102990047A,Nut,,36,,
SANY p239 L13,9-5,QDP007141423 Carriage assembly,47,120101050143A,Bolt,,16,,
SANY p239 L14,9-5,QDP007141423 Carriage assembly,48,120101050144A,Bolt,,12,,
SANY p241 L1,9-7,QDP007141423 Carriage assembly,11,QDP004766494,Rear cross beam assembly,,1,9-8,
SANY p241 L2,9-7,QDP007141423 Carriage assembly,12,QDP004766504,Left connecting plate of rear beam,,1,,
SANY p241 L3,9-7,QDP007141423 Carriage assembly,13,QDP004766509,Left connecting plate of rear beam,,1,,
SANY p241 L4,9-7,QDP007141423 Carriage assembly,14,13252585,Support of Rear Towing Hook,,1,,
SANY p241 L5,9-7,QDP007141423 Carriage assembly,15,13637885,Arched beam assembly,,2,9-10,
SANY p241 L6,9-7,QDP007141423 Carriage assembly,19,QDP004934401,Backrest beam,,2,,
SANY p241 L7,9-7,QDP007141423 Carriage assembly,22,13551827,Balance Suspension Pad,,2,,
SANY p241 L8,9-7,QDP007141423 Carriage assembly,30,A210114000010,Bolt,,4,,
SANY p241 L9,9-7,QDP007141423 Carriage assembly,31,A210319000016,Nut,,4,,
SANY p241 L10,9-7,QDP007141423 Carriage assembly,33,A210506000026,Rivet,,39,,
SANY p241 L11,9-7,QDP007141423 Carriage assembly,34,A210506000027,Rivet,,122,,
SANY p241 L12,9-7,QDP007141423 Carriage assembly,37,21018263,Bolt,,8,,
SANY p241 L13,9-7,QDP007141423 Carriage assembly,38,A210110000341,Bolt,,8,,
SANY p241 L14,9-7,QDP007141423 Carriage assembly,39,A210319000019,Nut,,16,,
SANY p241 L15,9-7,QDP007141423 Carriage assembly,40,A210506000021,Rivet,,18,,
SANY p241 L16,9-7,QDP007141423 Carriage assembly,41,A210506000028,Rivet,,26,,
SANY p241 L17,9-7,QDP007141423 Carriage assembly,45,60265748,Bolt,,2,,
SANY p241 L18,9-7,QDP007141423 Carriage assembly,46,120102990036A,Nut,,2,,
SANY p243 L1,9-9,QDP004766494 Rear cross beam assembly,1,QDP004766500,Rear beam,,1,,
SANY p243 L2,9-9,QDP004766494 Rear cross beam assembly,2,13810154,Reinforced plate of the Tow-hook,,1,,
SANY p245 L1,9-11,13637885 Arched beam assembly,1,13586486,Arched beam,,1,,
SANY p245 L2,9-11,13637885 Arched beam assembly,2,12629125,Reinforcement Plate A of the Arched Beam,,1,,
SANY p245 L3,9-11,13637885 Arched beam assembly,3,12629126,Reinforcement Plate B of the Arched Beam,,1,,
SANY p245 L4,9-11,13637885 Arched beam assembly,4,13753961,Reinforcement Plate A of the Arched Beam,,1,,
SANY p245 L5,9-11,13637885 Arched beam assembly,5,13753962,Reinforcement Plate B of the Arched B eam,,1,,
SANY p247 L1,9-13,QDP005018228 Arched beam assembly,1,QDP005018227,Arched beam,,1,,
SANY p247 L2,9-13,QDP005018228 Arched beam assembly,2,12629125,Reinforcement Plate A of the Arched Beam,,1,,
SANY p247 L3,9-13,QDP005018228 Arched beam assembly,3,12629126,Reinforcement Plate B of the Arched Beam,,1,,
SANY p247 L4,9-13,QDP005018228 Arched beam assembly,4,13753961,Reinforcement Plate A of the Arched Beam,,1,,
SANY p247 L5,9-13,QDP005018228 Arched beam assembly,5,13753962,Reinforcement Plate B of the Arched B eam,,1,,
SANY p247 L6,9-13,QDP005018228 Arched beam assembly,6,QDP005018237,Reinforcement Plate B of the arched beam,,1,,
SANY p247 L7,9-13,QDP005018228 Arched beam assembly,7,QDP005018231,Reinforcement Plate B of the arched beam,,1,,
SANY p249 L1,9-15,QDP005578639 Column Jacket Bridging BeamAssy,1,11212264,Reinforced Connecting Board,,2,,
SANY p249 L2,9-15,QDP005578639 Column Jacket Bridging BeamAssy,2,11212265,Reinforced Connecting Board,,2,,
SANY p249 L3,9-15,QDP005578639 Column Jacket Bridging BeamAssy,3,12534609,Elbow beam,,1,,
SANY p249 L4,9-15,QDP005578639 Column Jacket Bridging BeamAssy,4,11141655,Small Web-plate,,2,,
SANY p249 L5,9-15,QDP005578639 Column Jacket Bridging BeamAssy,5,14469941,Lower reinforced board（1）,,2,,
SANY p251 L1,9-17,QDP005632839 Arched beam assembly,1,14268699,Arched beam,,1,,
SANY p251 L2,9-17,QDP005632839 Arched beam assembly,2,12629125,Reinforcement Plate A of the Arched Beam,,1,,
SANY p251 L3,9-17,QDP005632839 Arched beam assembly,3,12629126,Reinforcement Plate B of the Arched Beam,,1,,
SANY p251 L4,9-17,QDP005632839 Arched beam assembly,4,13753961,Reinforcement Plate A of the Arched Beam,,1,,
SANY p251 L5,9-17,QDP005632839 Arched beam assembly,5,13753962,Reinforcement Plate B of the Arched B eam,,1,,
SANY p255 L1,10-3,QDP006924284 Wheel and rim device,1,QDP007486935,Tire and rim,,13,,
SANY p255 L2,10-3,QDP006924284 Wheel and rim device,2,14545345,Spare tire assembly,,1,,
SANY p255 L3,10-3,QDP006924284 Wheel and rim device,3,120101060016A,Bolt,,4,,
SANY p255 L4,10-3,QDP006924284 Wheel and rim device,4,61028568,Nut,,4,,
SANY p259 L1,11-3,131401020811A Rear Axle,1,60226906,Split Pin,,1,,
SANY p259 L2,11-3,131401020811A Rear Axle,2,60314456,Nut,,1,,
SANY p259 L3,11-3,131401020811A Rear Axle,3,60147385,Flange Assembly,,1,,
SANY p259 L4,11-3,131401020811A Rear Axle,4,60147366,"Cap, Dust",,1,,
SANY p259 L5,11-3,131401020811A Rear Axle,5,60314590,Ring,,1,,
SANY p259 L6,11-3,131401020811A Rear Axle,6,60147413,Main Reducer Oil Seal,,1,,
SANY p259 L7,11-3,131401020811A Rear Axle,7,60227991,"Bearing, Cylindrical Roller",,1,,
SANY p259 L8,11-3,131401020811A Rear Axle,8,60147358,Regulating Washer,,2,,
SANY p259 L9,11-3,131401020811A Rear Axle,9,60227986,"Bolt, Hexagon",,12,,
SANY p259 L10,11-3,131401020811A Rear Axle,10,60314606,"Base, Bearing",,1,,
SANY p259 L11,11-3,131401020811A Rear Axle,11,60147410,"Ring, Seal",,1,,
SANY p259 L12,11-3,131401020811A Rear Axle,12,60227990,"Bearing, Cylindrical Roller",,1,,
SANY p259 L13,11-3,131401020811A Rear Axle,13,131401020215C001,Main & Passvie Bevel Gear Pair,,1,,
SANY p259 L14,11-3,131401020811A Rear Axle,14,60314595,Regulating Washer,,2,,
SANY p259 L15,11-3,131401020811A Rear Axle,15,60314596,Regulating Washer,,2,,
SANY p259 L16,11-3,131401020811A Rear Axle,16,60314603,Regulating Washer,,2,,
SANY p259 L17,11-3,131401020811A Rear Axle,17,60314604,Regulating Washer,,2,,
SANY p259 L18,11-3,131401020811A Rear Axle,18,61008317,Main Reducer Assembly,,2,,
SANY p259 L19,11-3,131401020811A Rear Axle,19,131401020159B001,Differential Housing Assembly,,1,,
SANY p259 L20,11-3,131401020811A Rear Axle,20,60147861,"Bolt, Hexagon Head",,16,,
SANY p259 L21,11-3,131401020811A Rear Axle,21,60226850,"Bearing, Cylindrical Roller",,2,,
SANY p259 L22,11-3,131401020811A Rear Axle,22,60314511,Fixed Meshing Sleeve,,1,,
SANY p259 L23,11-3,131401020811A Rear Axle,23,60314510,Lock Washers,,1,,
SANY p259 L24,11-3,131401020811A Rear Axle,24,60314509,Round Nut,,1,,
SANY p259 L25,11-3,131401020811A Rear Axle,25,60314512,"Regulating Nut, Differential Bearing",,2,,
SANY p259 L26,11-3,131401020811A Rear Axle,26,60314508,Sliding Engage Bushing,,1,,
SANY p259 L27,11-3,131401020811A Rear Axle,27,60314458,Moveable Fork Shift Block,,2,,
SANY p259 L28,11-3,131401020811A Rear Axle,28,60314506,"Fork, Shift",,1,,
SANY p259 L29,11-3,131401020811A Rear Axle,29,60314507,Bent Plate,,1,,
SANY p259 L30,11-3,131401020811A Rear Axle,30,60227901,Fixed Bolt,,1,,
SANY p259 L31,11-3,131401020811A Rear Axle,31,60103813,Type 1 hex nuts,,1,,
SANY p259 L32,11-3,131401020811A Rear Axle,32,60314516,Adjusting Washer,,2,,
SANY p259 L33,11-3,131401020811A Rear Axle,33,60314518,Adjusting Washer,,2,,
SANY p259 L34,11-3,131401020811A Rear Axle,34,60314520,Half Axis Gear,,2,,
SANY p259 L35,11-3,131401020811A Rear Axle,35,60314471,Washer,,4,,
SANY p259 L36,11-3,131401020811A Rear Axle,36,60314470,Planet Gear,,4,,
SANY p259 L37,11-3,131401020811A Rear Axle,37,61008313,Spider Assembly,,1,,
SANY p259 L38,11-3,131401020811A Rear Axle,38,131500000072A,"Bolt, Hexagon",,48,,
SANY p259 L39,11-3,131401020811A Rear Axle,39,60287281,Spring Washer,,48,,
SANY p259 L40,11-3,131401020811A Rear Axle,40,60147327,Locking Plate,,2,,
SANY p261 L1,11-5,131401020811A Rear Axle,41,60314452,"Bolt, Hexagon Head",,4,,
SANY p261 L2,11-5,131401020811A Rear Axle,42,60256755,Cylinderical Pin,,4,,
SANY p261 L3,11-5,131401020811A Rear Axle,43,60314479,"Bolt, Hexagon",,8,,
SANY p263 L1,11-7,131401020811A Rear Axle,44,131401020631A001,Rear axle housing assembly,,1,,
SANY p263 L2,11-7,131401020811A Rear Axle,45,60314528,Plate Spring Bracket,,2,,
SANY p263 L3,11-7,131401020811A Rear Axle,46,131401020433B045,Pin,,2,,
SANY p263 L4,11-7,131401020811A Rear Axle,47,60314529,Pin,,2,,
SANY p263 L5,11-7,131401020811A Rear Axle,48,60147389,Lower Stinger Bracket,,1,,
SANY p263 L6,11-7,131401020811A Rear Axle,49,60147388,Lower Stinger Bracket,,1,,
SANY p263 L7,11-7,131401020811A Rear Axle,50,60147375,"Bolt, Hexagon Head",,8,,
SANY p263 L8,11-7,131401020811A Rear Axle,51,60226377,Plug,,1,,
SANY p263 L9,11-7,131401020811A Rear Axle,52,60226381,Stud,,16,,
SANY p263 L10,11-7,131401020811A Rear Axle,53,60218295,Self Locking Nut,,16,,
SANY p263 L11,11-7,131401020811A Rear Axle,54,60314446,Cylinderical Pin,,1,,
SANY p263 L12,11-7,131401020811A Rear Axle,55,60314532,Arched Fixing Catch,,1,,
SANY p263 L13,11-7,131401020811A Rear Axle,56,60314533,Arched Fixing Catch,,1,,
SANY p263 L14,11-7,131401020811A Rear Axle,57,131401020106A070,Oil Plug,,1,,
SANY p263 L15,11-7,131401020811A Rear Axle,58,60139521,Screw,,4,,
SANY p263 L16,11-7,131401020811A Rear Axle,59,61025733,Plug,,1,,
SANY p263 L17,11-7,131401020811A Rear Axle,60,60314631,Straight Adapter,,1,,
SANY p263 L18,11-7,131401020811A Rear Axle,61,60314538,"Bolt, Hexagon",,2,,
SANY p263 L19,11-7,131401020811A Rear Axle,62,60314537,"Bolt, Hexagon",,4,,
SANY p263 L20,11-7,131401020811A Rear Axle,63,60314536,Chamber Bracket Assembly,,1,,
SANY p263 L21,11-7,131401020811A Rear Axle,64,131401020092A004,Breathing Pipe,,1,,
SANY p263 L22,11-7,131401020811A Rear Axle,65,60314539,O-ring,,1,,
SANY p263 L23,11-7,131401020811A Rear Axle,66,131401020631A002,Operation Handle Assembly,,1,,
SANY p263 L24,11-7,131401020811A Rear Axle,67,131401020124A006,Y-type hinge,,1,,
SANY p263 L25,11-7,131401020811A Rear Axle,68,60226830,"Nut, Hexagon Head",,1,,
SANY p263 L26,11-7,131401020811A Rear Axle,69,60139107,Washer,,1,,
SANY p263 L27,11-7,131401020811A Rear Axle,70,131401020092A003,Space Bush,,1,,
SANY p263 L28,11-7,131401020811A Rear Axle,71,60226828,Stud,,1,,
SANY p265 L1,11-9,131401020811A Rear Axle,38,131500000072A,"Bolt, Hexagon",,48,,
SANY p265 L2,11-9,131401020811A Rear Axle,39,60287281,Spring Washer,,48,,
SANY p265 L3,11-9,131401020811A Rear Axle,72,131401020124A001,Spacing Collar,,4,,
SANY p265 L4,11-9,131401020811A Rear Axle,73,60147411,"Ring, Seal",,4,,
SANY p265 L5,11-9,131401020811A Rear Axle,74,60314634,Rolling Bearing,,2,,
SANY p265 L6,11-9,131401020811A Rear Axle,75,60314543,Rear wheel hub zssembly,,2,,
SANY p265 L7,11-9,131401020811A Rear Axle,76,60314635,Rolling Bearing,,2,,
SANY p265 L8,11-9,131401020811A Rear Axle,77,60314544,"Ring, Retainer, Elastic",,4,,
SANY p265 L9,11-9,131401020811A Rear Axle,78,60314545,Inner Gear Ring,,4,,
SANY p265 L10,11-9,131401020811A Rear Axle,79,61009409,Bolt,,20,,
SANY p265 L11,11-9,131401020811A Rear Axle,80,131402020002B008,Wheel Nut,,20,,
SANY p265 L12,11-9,131401020811A Rear Axle,81,60314548,Oil Baffle Cover,,4,,
SANY p265 L13,11-9,131401020811A Rear Axle,82,60147380,Density Gasket,,4,,
SANY p265 L14,11-9,131401020811A Rear Axle,83,60041523,Left Half Axis,,1,,
SANY p265 L15,11-9,131401020811A Rear Axle,84,60041522,Right Half Axis,,1,,
SANY p265 L16,11-9,131401020811A Rear Axle,85,131401020124A002,Axle Packing Ring,,2,,
SANY p267 L1,11-11,131401020811A Rear Axle,86,61014875,Regulating Washer,,4,,
SANY p267 L2,11-11,131401020811A Rear Axle,87,131401020270C004,Washer,,20,,
SANY p267 L3,11-11,131401020811A Rear Axle,88,60314551,Needle Rolling Bearing,,10,,
SANY p267 L4,11-11,131401020811A Rear Axle,89,61008320,Washer,,10,,
SANY p267 L5,11-11,131401020811A Rear Axle,90,60314552,"Gear, Carrier",,10,,
SANY p267 L6,11-11,131401020811A Rear Axle,91,60314553,Planet Gear Shaft,,10,,
SANY p267 L7,11-11,131401020811A Rear Axle,92,60147328,Steel Ball,,10,,
SANY p267 L8,11-11,131401020811A Rear Axle,93,60147412,"Ring, Seal",,8,,
SANY p267 L9,11-11,131401020811A Rear Axle,94,131401020348A001,Planet Shelf Assembly,,2,,
SANY p267 L10,11-11,131401020811A Rear Axle,95,60147355,Washer,,4,,
SANY p267 L11,11-11,131401020811A Rear Axle,96,60227917,"Ring, Retainer, Elastic",,4,,
SANY p267 L12,11-11,131401020811A Rear Axle,97,60147365,"Cap, End",,4,,
SANY p267 L13,11-11,131401020811A Rear Axle,98,60147364,"Cap, End",,2,,
SANY p267 L14,11-11,131401020811A Rear Axle,99,60314554,"Washer, Seal",,8,,
SANY p267 L15,11-11,131401020811A Rear Axle,100,61025678,"Screw, Cylinder Hexagon",,8,,
SANY p267 L16,11-11,131401020811A Rear Axle,101,60314555,"Bolt, Hexagon",,40,,
SANY p267 L17,11-11,131401020811A Rear Axle,102,60314556,Sun Gear,,2,,
SANY p267 L18,11-11,131401020811A Rear Axle,103,60314557,Washer,,2,,
SANY p267 L19,11-11,131401020811A Rear Axle,104,60147396,Cylinderical Pin,,2,,
SANY p267 L20,11-11,131401020811A Rear Axle,105,60227922,"Bolt, Hexagon",,10,,
SANY p267 L21,11-11,131401020811A Rear Axle,106,131401020033A010,"Bearer Assembly, Gear Ring",,4,,
SANY p267 L22,11-11,131401020811A Rear Axle,107,60041587,Round Nut,,4,,
SANY p267 L23,11-11,131401020811A Rear Axle,108,60147397,Thrust Washer,,4,,
SANY p267 L24,11-11,131401020811A Rear Axle,109,60041586,Round Nut,,4,,
SANY p267 L25,11-11,131401020811A Rear Axle,110,60314569,Bolt,,8,,
SANY p269 L1,11-13,131401020811A Rear Axle,38,131500000072A,"Bolt, Hexagon",,48,,
SANY p269 L2,11-13,131401020811A Rear Axle,39,60287281,Spring Washer,,48,,
SANY p269 L3,11-13,131401020811A Rear Axle,111,60314560,Packing plug,,8,,
SANY p269 L4,11-13,131401020811A Rear Axle,112,131401020093A001,Brake Prevented Dust Cap,,1,,
SANY p269 L5,11-13,131401020811A Rear Axle,113,131401020581A006,Brake Prevented Dust Cap,,1,,
SANY p269 L6,11-13,131401020811A Rear Axle,114,60147398,Brake Bottom,,4,,
SANY p269 L7,11-13,131401020811A Rear Axle,115,60147379,Grease Nozzle,,6,,
SANY p269 L8,11-13,131401020811A Rear Axle,116,60147352,Bushing,,6,,
SANY p269 L9,11-13,131401020811A Rear Axle,117,60314563,O style packing ring,,4,,
SANY p269 L10,11-13,131401020811A Rear Axle,118,60147367,Additional Washer,,8,,
SANY p269 L11,11-13,131401020811A Rear Axle,119,60147406,"Ring, Retainer, Elastic",,6,,
SANY p269 L12,11-13,131401020811A Rear Axle,120,60147404,Brake camshaft (left),,1,,
SANY p269 L13,11-13,131401020811A Rear Axle,121,60147403,Right Brake Camshaft,,1,,
SANY p269 L14,11-13,131401020811A Rear Axle,122,60314564,"Spring, Return",,2,,
SANY p269 L15,11-13,131401020811A Rear Axle,123,131401020033A014,Roller wheel,,4,,
SANY p269 L16,11-13,131401020811A Rear Axle,124,60147400,Brake friction plate,,4,,
SANY p269 L17,11-13,131401020811A Rear Axle,125,131401020033A005,Brake friction plate,,4,,
SANY p269 L18,11-13,131401020811A Rear Axle,126,131401020581A007,Brake Shoe,,4,,
SANY p269 L19,11-13,131401020811A Rear Axle,127,60335174,Brake Drum,,2,,
SANY p269 L20,11-13,131401020811A Rear Axle,128,60227911,Bolt,,4,,
SANY p269 L21,11-13,131401020811A Rear Axle,129,60147378,Rivet,,32,,
SANY p269 L22,11-13,131401020811A Rear Axle,130,60314570,Return Spring Pin,,4,,
SANY p269 L23,11-13,131401020811A Rear Axle,131,60335175,Pin,,4,,
SANY p269 L24,11-13,131401020811A Rear Axle,132,60227951,Cylinderical Pin Elastic,,4,,
SANY p269 L25,11-13,131401020811A Rear Axle,133,60147373,Return Spring,,4,,
SANY p269 L26,11-13,131401020811A Rear Axle,134,60226847,"Bolt, Hexagon",,18,,
SANY p269 L27,11-13,131401020811A Rear Axle,135,131401020433B056,Alarm Lamp Harness,,2,,
SANY p271 L1,11-15,131401020811A Rear Axle,115,60147379,Grease Nozzle,,6,,
SANY p271 L2,11-15,131401020811A Rear Axle,116,60147352,Bushing,,6,,
SANY p271 L3,11-15,131401020811A Rear Axle,119,60147406,"Ring, Retainer, Elastic",,6,,
SANY p271 L4,11-15,131401020811A Rear Axle,136,60335179,Left Diaphragm Spring Brake Chamber,,1,,
SANY p271 L5,11-15,131401020811A Rear Axle,137,60335180,Right Diaphragm Spring Brake Chamber,,1,,
SANY p271 L6,11-15,131401020811A Rear Axle,138,60147392,Pin,,2,,
SANY p271 L7,11-15,131401020811A Rear Axle,139,60107036,Washer,,4,,
SANY p271 L8,11-15,131401020811A Rear Axle,140,60279287,Cotter Pin,,2,,
SANY p271 L9,11-15,131401020811A Rear Axle,141,60147362,Regulating Washer,,2,,
SANY p271 L10,11-15,131401020811A Rear Axle,142,60314577,Adjusting Washer,,2,,
SANY p271 L11,11-15,131401020811A Rear Axle,143,60314578,Adjusting Washer,,2,,
SANY p271 L12,11-15,131401020811A Rear Axle,144,61025681,Washer,,2,,
SANY p271 L13,11-15,131401020811A Rear Axle,145,131401020581A008,Left Automatic Adjusting Arm,,1,,
SANY p271 L14,11-15,131401020811A Rear Axle,146,60314588,Bracket,,1,,
SANY p271 L15,11-15,131401020811A Rear Axle,147,131401020581A009,Right Automatic Adjusting Arm,,1,,
SANY p271 L16,11-15,131401020811A Rear Axle,148,60314587,Bracket,,1,,
SANY p271 L17,11-15,131401020811A Rear Axle,149,60105694,"Bolt, Hexagon",,2,,
SANY p271 L18,11-15,131401020811A Rear Axle,150,131401020106A062,Bolt Hexagon Head,,2,,
SANY p271 L19,11-15,131401020811A Rear Axle,151,60104021,All Metal Lock Nut,,2,,
SANY p271 L20,11-15,131401020811A Rear Axle,152,60105620,gasket,,4,,
SANY p271 L21,11-15,131401020811A Rear Axle,153,60227968,Bracket,,2,,
SANY p271 L22,11-15,131401020811A Rear Axle,154,60147359,Regulating Washer,,2,,
SANY p271 L23,11-15,131401020811A Rear Axle,155,60199822,"Bolt, Hexagon Head",,2,,
SANY p275 L1,12-3,131401020810A Middle Axle,1,60139595,Bolt,,14,,
SANY p275 L2,12-3,131401020810A Middle Axle,2,60287284,Spring Washer,,40,,
SANY p275 L3,12-3,131401020810A Middle Axle,3,60147363,"Cap, End",,1,,
SANY p275 L4,12-3,131401020810A Middle Axle,4,60103968,"Bolt, Hexagon",,1,,
SANY p275 L5,12-3,131401020810A Middle Axle,5,60139533,"Nut, Hexagon Head",,19,,
SANY p275 L6,12-3,131401020810A Middle Axle,6,60226917,Set Screw,,1,,
SANY p275 L7,12-3,131401020810A Middle Axle,7,60103813,Type 1 hex nuts,,2,,
SANY p275 L8,12-3,131401020810A Middle Axle,8,60287375,"Ring, Retainer, Elastic",,1,,
SANY p275 L9,12-3,131401020810A Middle Axle,9,60314437,Bush,,1,,
SANY p275 L10,12-3,131401020810A Middle Axle,10,60314438,O-ring Seal,,1,,
SANY p275 L11,12-3,131401020810A Middle Axle,11,60314439,Differential Lock Rocker Arm Assembly,,1,,
SANY p275 L12,12-3,131401020810A Middle Axle,12,131401020124A006,Y-type hinge,,1,,
SANY p275 L13,12-3,131401020810A Middle Axle,13,60226830,"Nut, Hexagon Head",,2,,
SANY p275 L14,12-3,131401020810A Middle Axle,14,60105620,gasket,,6,,
SANY p275 L15,12-3,131401020810A Middle Axle,15,60314444,"Bushing, Spacer",,1,,
SANY p275 L16,12-3,131401020810A Middle Axle,16,60314445,Bracket Assembly,,1,,
SANY p275 L17,12-3,131401020810A Middle Axle,17,131500000072A,"Bolt, Hexagon",,46,,
SANY p275 L18,12-3,131401020810A Middle Axle,18,60287281,Spring Washer,,50,,
SANY p275 L19,12-3,131401020810A Middle Axle,19,131401020106A001,Thread Plug,,1,,
SANY p275 L20,12-3,131401020810A Middle Axle,20,60314447,Plug,,1,,
SANY p275 L21,12-3,131401020810A Middle Axle,21,131401020106A070,Oil Plug,,3,,
SANY p275 L22,12-3,131401020810A Middle Axle,22,131401020321B002,Pass-axle Box Cap,,1,,
SANY p275 L23,12-3,131401020810A Middle Axle,23,60226859,Stud,,18,,
SANY p275 L24,12-3,131401020810A Middle Axle,24,131401020270C012,Axle Pass Box,,1,,
SANY p275 L25,12-3,131401020810A Middle Axle,25,131401020099A058,Nut,,18,,
SANY p275 L26,12-3,131401020810A Middle Axle,26,131401020099A059,"Washer, Spring",,18,,
SANY p275 L27,12-3,131401020810A Middle Axle,27,60226858,Stud,,4,,
SANY p275 L28,12-3,131401020810A Middle Axle,28,60226857,Stud,,14,,
SANY p275 L29,12-3,131401020810A Middle Axle,29,61008316,Housing,,3,,
SANY p275 L30,12-3,131401020810A Middle Axle,30,60314452,"Bolt, Hexagon Head",,4,,
SANY p275 L31,12-3,131401020810A Middle Axle,31,60314453,"Base, Bearing",,1,,
SANY p275 L32,12-3,131401020810A Middle Axle,32,60256755,Cylinderical Pin,,4,,
SANY p275 L33,12-3,131401020810A Middle Axle,33,60314446,Cylinderical Pin,,7,,
SANY p275 L34,12-3,131401020810A Middle Axle,34,60103962,Hexagon Bolts,,8,,
SANY p275 L35,12-3,131401020810A Middle Axle,35,60041490,Oil Baffle Assembly,,1,,
SANY p277 L1,12-5,131401020810A Middle Axle,36,60226906,Split Pin,,2,,
SANY p277 L2,12-5,131401020810A Middle Axle,37,60314456,Nut,,2,,
SANY p277 L3,12-5,131401020810A Middle Axle,38,60147385,Flange Assembly,,1,,
SANY p277 L4,12-5,131401020810A Middle Axle,39,60147366,"Cap, Dust",,1,,
SANY p277 L5,12-5,131401020810A Middle Axle,40,60147413,Main Reducer Oil Seal,,1,,
SANY p277 L6,12-5,131401020810A Middle Axle,41,130201000061A084,"Ring, Retainer, Elastic",,2,,
SANY p277 L7,12-5,131401020810A Middle Axle,42,60314457,Bearing,,2,,
SANY p277 L8,12-5,131401020810A Middle Axle,43,60314458,Moveable Fork Shift Block,,4,,
SANY p277 L9,12-5,131401020810A Middle Axle,44,60314459,"Fork, Shift",,1,,
SANY p277 L10,12-5,131401020810A Middle Axle,45,60314460,Inter Shaft Differential Housing Gasket,,1,,
SANY p277 L11,12-5,131401020810A Middle Axle,46,60147340,Differential Locking Ring,,1,,
SANY p277 L12,12-5,131401020810A Middle Axle,47,60314461,Differential Locking Pin,,10,,
SANY p277 L13,12-5,131401020810A Middle Axle,48,131401020158B001,Differential Housing Assembly,,2,,
SANY p277 L14,12-5,131401020810A Middle Axle,49,131401020509A007,"Axle Shaft Gear Washer, Front",,2,,
SANY p277 L15,12-5,131401020810A Middle Axle,50,131401020509A008,"Axle Shaft Gear Washer, Front",,2,,
SANY p277 L16,12-5,131401020810A Middle Axle,51,60314465,Axle Shaft Gear Washer (Front),,2,,
SANY p277 L17,12-5,131401020810A Middle Axle,52,60314466,Axle Shaft Gear Washer (Front),,2,,
SANY p277 L18,12-5,131401020810A Middle Axle,53,60314467,Axle Shaft Gear Washer (Front),,2,,
SANY p277 L19,12-5,131401020810A Middle Axle,54,60147333,Front Axle Shaft Gear,,1,,
SANY p277 L20,12-5,131401020810A Middle Axle,55,61008313,Spider Assembly,,2,,
SANY p277 L21,12-5,131401020810A Middle Axle,56,60314470,Planet Gear,,8,,
SANY p277 L22,12-5,131401020810A Middle Axle,57,60314471,Washer,,8,,
SANY p277 L23,12-5,131401020810A Middle Axle,58,60314472,Axle Shaft Gear,,1,,
SANY p277 L24,12-5,131401020810A Middle Axle,59,60314473,Axle Shaft Gear Washer,,4,,
SANY p277 L25,12-5,131401020810A Middle Axle,60,60314474,Axle Shaft Gear Washer (Rear),,4,,
SANY p277 L26,12-5,131401020810A Middle Axle,61,60314475,Axle Shaft Gear Washer (Rear),,4,,
SANY p277 L27,12-5,131401020810A Middle Axle,62,60314476,Axle Shaft Gear Washer (Rear),,4,,
SANY p277 L28,12-5,131401020810A Middle Axle,63,60314477,Axle Shaft Gear Washer (Rear),,4,,
SANY p277 L29,12-5,131401020810A Middle Axle,64,60314479,"Bolt, Hexagon",,16,,
SANY p277 L30,12-5,131401020810A Middle Axle,65,60314480,Bearing,,1,,
SANY p277 L31,12-5,131401020810A Middle Axle,66,60226883,"Ring, Retainer, Elastic",,1,,
SANY p277 L32,12-5,131401020810A Middle Axle,67,60314481,Hollow Shaft,,1,,
SANY p277 L33,12-5,131401020810A Middle Axle,68,60314484,Drive Column Gear,,1,,
SANY p277 L34,12-5,131401020810A Middle Axle,69,60314485,Nut,,1,,
SANY p277 L35,12-5,131401020810A Middle Axle,70,60314486,"Bolt, Hexagon Head",,3,,
SANY p277 L36,12-5,131401020810A Middle Axle,71,60314487,Bearing Pressure Plate,,1,,
SANY p277 L37,12-5,131401020810A Middle Axle,72,60226880,Lock Nut,,8,,
SANY p277 L38,12-5,131401020810A Middle Axle,73,60147361,Regulating Washer,,2,,
SANY p277 L39,12-5,131401020810A Middle Axle,74,60314488,Regulating Washer,,2,,
SANY p277 L40,12-5,131401020810A Middle Axle,75,60314489,Regulating Washer,,2,,
SANY p279 L1,12-7,131401020810A Middle Axle,76,60314490,Regulating Washer,,2,,
SANY p279 L2,12-7,131401020810A Middle Axle,77,60314491,Bearing Unit Assembly,,1,,
SANY p279 L3,12-7,131401020810A Middle Axle,78,60314492,Stud,,8,,
SANY p279 L4,12-7,131401020810A Middle Axle,79,60314495,Column Gear Driven,,1,,
SANY p279 L5,12-7,131401020810A Middle Axle,80,60314496,Rolling Bearing,,1,,
SANY p279 L6,12-7,131401020810A Middle Axle,81,60314497,Steel Wire Ring,,1,,
SANY p279 L7,12-7,131401020810A Middle Axle,82,60314498,Grease Baffle,,1,,
SANY p279 L8,12-7,131401020810A Middle Axle,83,61008319,Active Bevel Gear,,2,,
SANY p279 L9,12-7,131401020810A Middle Axle,84,60314502,Four Point Contact Ball,,1,,
SANY p279 L10,12-7,131401020810A Middle Axle,85,60147407,Axle packing ring,,1,,
SANY p279 L11,12-7,131401020810A Middle Axle,86,60147326,Flange Assembly,,1,,
SANY p279 L12,12-7,131401020810A Middle Axle,87,60147369,Shaft,,1,,
SANY p281 L1,12-9,131401020810A Middle Axle,7,60103813,Type 1 hex nuts,,2,,
SANY p281 L2,12-9,131401020810A Middle Axle,18,60287281,Spring Washer,,50,,
SANY p281 L3,12-9,131401020810A Middle Axle,43,60314458,Moveable Fork Shift Block,,4,,
SANY p281 L4,12-9,131401020810A Middle Axle,55,61008313,Spider Assembly,,2,,
SANY p281 L5,12-9,131401020810A Middle Axle,56,60314470,Planet Gear,,8,,
SANY p281 L6,12-9,131401020810A Middle Axle,57,60314471,Washer,,8,,
SANY p281 L7,12-9,131401020810A Middle Axle,59,60314473,Axle Shaft Gear Washer,,4,,
SANY p281 L8,12-9,131401020810A Middle Axle,60,60314474,Axle Shaft Gear Washer (Rear),,4,,
SANY p281 L9,12-9,131401020810A Middle Axle,61,60314475,Axle Shaft Gear Washer (Rear),,4,,
SANY p281 L10,12-9,131401020810A Middle Axle,62,60314476,Axle Shaft Gear Washer (Rear),,4,,
SANY p281 L11,12-9,131401020810A Middle Axle,63,60314477,Axle Shaft Gear Washer (Rear),,4,,
SANY p281 L12,12-9,131401020810A Middle Axle,64,60314479,"Bolt, Hexagon",,16,,
SANY p281 L13,12-9,131401020810A Middle Axle,83,61008319,Active Bevel Gear,,2,,
SANY p281 L14,12-9,131401020810A Middle Axle,88,60314506,"Fork, Shift",,1,,
SANY p281 L15,12-9,131401020810A Middle Axle,89,60314507,Bent Plate,,1,,
SANY p281 L16,12-9,131401020810A Middle Axle,90,60227901,Fixed Bolt,,1,,
SANY p281 L17,12-9,131401020810A Middle Axle,91,60314508,Sliding Engage Bushing,,1,,
SANY p281 L18,12-9,131401020810A Middle Axle,92,60314509,Round Nut,,1,,
SANY p281 L19,12-9,131401020810A Middle Axle,93,60314510,Lock Washers,,1,,
SANY p281 L20,12-9,131401020810A Middle Axle,94,60314511,Fixed Meshing Sleeve,,1,,
SANY p281 L21,12-9,131401020810A Middle Axle,95,60314512,"Regulating Nut, Differential Bearing",,2,,
SANY p281 L22,12-9,131401020810A Middle Axle,96,60226850,"Bearing, Cylindrical Roller",,2,,
SANY p281 L23,12-9,131401020810A Middle Axle,97,60147861,"Bolt, Hexagon Head",,16,,
SANY p281 L24,12-9,131401020810A Middle Axle,98,131401020159B002,Differential Housing Assembly,,2,,
SANY p281 L25,12-9,131401020810A Middle Axle,99,60314520,Half Axis Gear,,2,,
SANY p281 L26,12-9,131401020810A Middle Axle,100,60147327,Locking Plate,,2,,
SANY p281 L27,12-9,131401020810A Middle Axle,101,60103947,Hexagon Bolt,,4,,
SANY p283 L1,12-11,131401020810A Middle Axle,13,60226830,"Nut, Hexagon Head",,2,,
SANY p283 L2,12-11,131401020810A Middle Axle,14,60105620,gasket,,6,,
SANY p283 L3,12-11,131401020810A Middle Axle,21,131401020106A070,Oil Plug,,3,,
SANY p283 L4,12-11,131401020810A Middle Axle,33,60314446,Cylinderical Pin,,7,,
SANY p283 L5,12-11,131401020810A Middle Axle,102,131401020630A001,"Housing, Middle Axle",,1,,
SANY p283 L6,12-11,131401020810A Middle Axle,103,60314528,Plate Spring Bracket,,2,,
SANY p283 L7,12-11,131401020810A Middle Axle,104,60314529,Pin,,2,,
SANY p283 L8,12-11,131401020810A Middle Axle,105,60147387,Lower Stinger Bracket,,1,,
SANY p283 L9,12-11,131401020810A Middle Axle,106,60147386,Lower Stinger Bracket,,1,,
SANY p283 L10,12-11,131401020810A Middle Axle,107,60147375,"Bolt, Hexagon Head",,8,,
SANY p283 L11,12-11,131401020810A Middle Axle,108,60226377,Plug,,1,,
SANY p283 L12,12-11,131401020810A Middle Axle,109,60226381,Stud,,16,,
SANY p283 L13,12-11,131401020810A Middle Axle,110,60218295,Self Locking Nut,,16,,
SANY p283 L14,12-11,131401020810A Middle Axle,111,60314533,Arched Fixing Catch,,1,,
SANY p283 L15,12-11,131401020810A Middle Axle,112,60314532,Arched Fixing Catch,,1,,
SANY p283 L16,12-11,131401020810A Middle Axle,113,60227911,Bolt,,12,,
SANY p283 L17,12-11,131401020810A Middle Axle,114,60226374,Hexagon Flange Plug,,1,,
SANY p283 L18,12-11,131401020810A Middle Axle,115,60314631,Straight Adapter,,1,,
SANY p283 L19,12-11,131401020810A Middle Axle,116,60314537,"Bolt, Hexagon",,6,,
SANY p283 L20,12-11,131401020810A Middle Axle,117,60314536,Chamber Bracket Assembly,,1,,
SANY p283 L21,12-11,131401020810A Middle Axle,118,60314539,O-ring,,1,,
SANY p283 L22,12-11,131401020810A Middle Axle,119,131401020092A002,Operation Handle Assembly,,1,,
SANY p283 L23,12-11,131401020810A Middle Axle,120,131401020092A003,Space Bush,,1,,
SANY p283 L24,12-11,131401020810A Middle Axle,121,60226828,Stud,,1,,
SANY p285 L1,12-13,131401020810A Middle Axle,17,131500000072A,"Bolt, Hexagon",,46,,
SANY p285 L2,12-13,131401020810A Middle Axle,18,60287281,Spring Washer,,50,,
SANY p285 L3,12-13,131401020810A Middle Axle,122,131401020124A001,Spacing Collar,,4,,
SANY p285 L4,12-13,131401020810A Middle Axle,123,60147411,"Ring, Seal",,4,,
SANY p285 L5,12-13,131401020810A Middle Axle,124,60314634,Rolling Bearing,,2,,
SANY p285 L6,12-13,131401020810A Middle Axle,125,60314543,Rear wheel hub zssembly,,2,,
SANY p285 L7,12-13,131401020810A Middle Axle,126,60314635,Rolling Bearing,,4,,
SANY p285 L8,12-13,131401020810A Middle Axle,127,60107132,"Ring, Retainer, Elastic",,4,,
SANY p285 L9,12-13,131401020810A Middle Axle,128,60314545,Inner Gear Ring,,4,,
SANY p285 L10,12-13,131401020810A Middle Axle,129,61009409,Bolt,,20,,
SANY p285 L11,12-13,131401020810A Middle Axle,130,131402020002B008,Wheel Nut,,20,,
SANY p285 L12,12-13,131401020810A Middle Axle,131,60314548,Oil Baffle Cover,,4,,
SANY p285 L13,12-13,131401020810A Middle Axle,132,60147380,Density Gasket,,4,,
SANY p285 L14,12-13,131401020810A Middle Axle,133,60041523,Left Half Axis,,1,,
SANY p285 L15,12-13,131401020810A Middle Axle,134,60041522,Right Half Axis,,1,,
SANY p285 L16,12-13,131401020810A Middle Axle,135,131401020124A002,Axle Packing Ring,,2,,
SANY p287 L1,12-15,131401020810A Middle Axle,113,60227911,Bolt,,12,,
SANY p287 L2,12-15,131401020810A Middle Axle,136,61014875,Regulating Washer,,2,,
SANY p287 L3,12-15,131401020810A Middle Axle,137,131401020270C004,Washer,,20,,
SANY p287 L4,12-15,131401020810A Middle Axle,138,60314551,Needle Rolling Bearing,,10,,
SANY p287 L5,12-15,131401020810A Middle Axle,139,61008320,Washer,,10,,
SANY p287 L6,12-15,131401020810A Middle Axle,140,60314552,"Gear, Carrier",,10,,
SANY p287 L7,12-15,131401020810A Middle Axle,141,60314553,Planet Gear Shaft,,10,,
SANY p287 L8,12-15,131401020810A Middle Axle,142,60147328,Steel Ball,,20,,
SANY p287 L9,12-15,131401020810A Middle Axle,143,60147412,"Ring, Seal",,8,,
SANY p287 L10,12-15,131401020810A Middle Axle,144,131401020348A001,Planet Shelf Assembly,,2,,
SANY p287 L11,12-15,131401020810A Middle Axle,145,60139106,Washer,,4,,
SANY p287 L12,12-15,131401020810A Middle Axle,146,60227917,"Ring, Retainer, Elastic",,4,,
SANY p287 L13,12-15,131401020810A Middle Axle,147,60147365,"Cap, End",,4,,
SANY p287 L14,12-15,131401020810A Middle Axle,148,60147364,"Cap, End",,2,,
SANY p287 L15,12-15,131401020810A Middle Axle,149,60314554,"Washer, Seal",,8,,
SANY p287 L16,12-15,131401020810A Middle Axle,150,61025678,"Screw, Cylinder Hexagon",,8,,
SANY p287 L17,12-15,131401020810A Middle Axle,151,60314555,"Bolt, Hexagon",,20,,
SANY p287 L18,12-15,131401020810A Middle Axle,152,60314556,Sun Gear,,2,,
SANY p287 L19,12-15,131401020810A Middle Axle,153,60314557,Washer,,2,,
SANY p287 L20,12-15,131401020810A Middle Axle,154,60147396,Cylinderical Pin,,2,,
SANY p287 L21,12-15,131401020810A Middle Axle,155,60227922,"Bolt, Hexagon",,10,,
SANY p287 L22,12-15,131401020810A Middle Axle,156,131401020033A010,"Bearer Assembly, Gear Ring",,2,,
SANY p287 L23,12-15,131401020810A Middle Axle,157,60041587,Round Nut,,2,,
SANY p287 L24,12-15,131401020810A Middle Axle,158,60147397,Thrust Washer,,2,,
SANY p287 L25,12-15,131401020810A Middle Axle,159,60041586,Round Nut,,2,,
SANY p289 L1,12-17,131401020810A Middle Axle,17,131500000072A,"Bolt, Hexagon",,46,,
SANY p289 L2,12-17,131401020810A Middle Axle,18,60287281,Spring Washer,,50,,
SANY p289 L3,12-17,131401020810A Middle Axle,160,60314560,Packing plug,,8,,
SANY p289 L4,12-17,131401020810A Middle Axle,161,131401020093A001,Brake Prevented Dust Cap,,1,,
SANY p289 L5,12-17,131401020810A Middle Axle,162,131401020581A006,Brake Prevented Dust Cap,,1,,
SANY p289 L6,12-17,131401020810A Middle Axle,163,60147398,Brake Bottom,,2,,
SANY p289 L7,12-17,131401020810A Middle Axle,164,60147379,Grease Nozzle,,6,,
SANY p289 L8,12-17,131401020810A Middle Axle,165,60147352,Bushing,,6,,
SANY p289 L9,12-17,131401020810A Middle Axle,166,60314563,O style packing ring,,4,,
SANY p289 L10,12-17,131401020810A Middle Axle,167,60147367,Additional Washer,,8,,
SANY p289 L11,12-17,131401020810A Middle Axle,168,60147406,"Ring, Retainer, Elastic",,6,,
SANY p289 L12,12-17,131401020810A Middle Axle,169,60147404,Brake camshaft (left),,2,,
SANY p289 L13,12-17,131401020810A Middle Axle,170,60147403,Right Brake Camshaft,,2,,
SANY p289 L14,12-17,131401020810A Middle Axle,171,60314564,"Spring, Return",,2,,
SANY p289 L15,12-17,131401020810A Middle Axle,172,131401020033A014,Roller wheel,,4,,
SANY p289 L16,12-17,131401020810A Middle Axle,173,60147400,Brake friction plate,,1,,
SANY p289 L17,12-17,131401020810A Middle Axle,174,131401020033A005,Brake friction plate,,1,,
SANY p289 L18,12-17,131401020810A Middle Axle,175,131401020581A007,Brake Shoe,,4,,
SANY p289 L19,12-17,131401020810A Middle Axle,176,60335174,Brake Drum,,2,,
SANY p289 L20,12-17,131401020810A Middle Axle,177,60314569,Bolt,,8,,
SANY p289 L21,12-17,131401020810A Middle Axle,178,60147378,Rivet,,32,,
SANY p289 L22,12-17,131401020810A Middle Axle,179,60314570,Return Spring Pin,,4,,
SANY p289 L23,12-17,131401020810A Middle Axle,180,60335175,Pin,,8,,
SANY p289 L24,12-17,131401020810A Middle Axle,181,60227951,Cylinderical Pin Elastic,,8,,
SANY p289 L25,12-17,131401020810A Middle Axle,182,60147373,Return Spring,,4,,
SANY p289 L26,12-17,131401020810A Middle Axle,183,60335176,Hexagon Bolt,,18,,
SANY p291 L1,12-19,131401020810A Middle Axle,14,60105620,gasket,,6,,
SANY p291 L2,12-19,131401020810A Middle Axle,164,60147379,Grease Nozzle,,6,,
SANY p291 L3,12-19,131401020810A Middle Axle,165,60147352,Bushing,,6,,
SANY p291 L4,12-19,131401020810A Middle Axle,168,60147406,"Ring, Retainer, Elastic",,6,,
SANY p291 L5,12-19,131401020810A Middle Axle,184,60335179,Left Diaphragm Spring Brake Chamber,,1,,
SANY p291 L6,12-19,131401020810A Middle Axle,185,60335180,Right Diaphragm Spring Brake Chamber,,1,,
SANY p291 L7,12-19,131401020810A Middle Axle,186,60147392,Pin,,2,,
SANY p291 L8,12-19,131401020810A Middle Axle,187,60107036,Washer,,4,,
SANY p291 L9,12-19,131401020810A Middle Axle,188,60279287,Cotter Pin,,2,,
SANY p291 L10,12-19,131401020810A Middle Axle,189,60314579,Adjusting Washer,,2,,
SANY p291 L11,12-19,131401020810A Middle Axle,190,60147355,Washer,,2,,
SANY p291 L12,12-19,131401020810A Middle Axle,191,131401020581A008,Left Automatic Adjusting Arm,,1,,
SANY p291 L13,12-19,131401020810A Middle Axle,192,60314588,Bracket,,1,,
SANY p291 L14,12-19,131401020810A Middle Axle,193,131401020581A009,Right Automatic Adjusting Arm,,1,,
SANY p291 L15,12-19,131401020810A Middle Axle,194,60314587,Bracket,,1,,
SANY p291 L16,12-19,131401020810A Middle Axle,195,131401020099A129,Bolt,,2,,
SANY p291 L17,12-19,131401020810A Middle Axle,196,131401020106A062,Bolt Hexagon Head,,2,,
SANY p291 L18,12-19,131401020810A Middle Axle,197,60104021,All Metal Lock Nut,,4,,
SANY p291 L19,12-19,131401020810A Middle Axle,198,60227968,Bracket,,2,,
SANY p291 L20,12-19,131401020810A Middle Axle,199,60147359,Regulating Washer,,2,,
SANY p291 L21,12-19,131401020810A Middle Axle,200,60314586,"Bolt, Hexagon",,2,,
SANY p291 L22,12-19,131401020810A Middle Axle,201,60199822,"Bolt, Hexagon Head",,2,,
SANY p295 L1,13-3,QDP007152214 Carriage assembly,1,60287245,Balanced Suspension Assembly,,1,13-4,
SANY p295 L2,13-3,QDP007152214 Carriage assembly,2,60200335,Nut,,28,,
SANY p295 L3,13-3,QDP007152214 Carriage assembly,3,60259431,Bolt,,24,,
SANY p295 L4,13-3,QDP007152214 Carriage assembly,4,60292205,Bolt,,5,,
SANY p295 L5,13-3,QDP007152214 Carriage assembly,5,A229900005979,Upper Thrusting Rod Assembly,,2,,
SANY p295 L6,13-3,QDP007152214 Carriage assembly,6,14034369,Thrusting Rod Bearer Backup Plate,,1,,
SANY p295 L7,13-3,QDP007152214 Carriage assembly,7,13609955,Upper Thrusting Rod Bracket,,2,,
SANY p295 L8,13-3,QDP007152214 Carriage assembly,8,60265748,Bolt,,8,,
SANY p295 L9,13-3,QDP007152214 Carriage assembly,9,QDP005024076,Rear Limit Bracket Assembly,,4,,
SANY p295 L10,13-3,QDP007152214 Carriage assembly,10,120102990036A,Nut,,16,,
SANY p295 L11,13-3,QDP007152214 Carriage assembly,11,60025666,Limit Block,,4,,
SANY p295 L12,13-3,QDP007152214 Carriage assembly,12,120101060076A,Bolt-M16×1.5×60,,4,,
SANY p295 L13,13-3,QDP007152214 Carriage assembly,13,60242591,Nut,,18,,
SANY p295 L14,13-3,QDP007152214 Carriage assembly,14,120101050194A,Bolt,,8,,
SANY p295 L15,13-3,QDP007152214 Carriage assembly,15,60242589,Bolt,,12,,
SANY p295 L16,13-3,QDP007152214 Carriage assembly,16,A229900005980,Lower Thrusting Rod Assembly,,4,,
SANY p295 L17,13-3,QDP007152214 Carriage assembly,17,60265750,Bolt,,16,,
SANY p295 L18,13-3,QDP007152214 Carriage assembly,18,60242588,Bolt,,4,,
SANY p295 L19,13-3,QDP007152214 Carriage assembly,19,60242587,Bolt,,2,,
SANY p295 L20,13-3,QDP007152214 Carriage assembly,20,60210233,Nut,,5,,
SANY p295 L21,13-3,QDP007152214 Carriage assembly,21,11275414,Hexagonal Flange Nut,,16,,
SANY p295 L22,13-3,QDP007152214 Carriage assembly,22,QDP005477266,Guide Plate Adjustment Sheet,,4,,
SANY p295 L23,13-3,QDP007152214 Carriage assembly,23,QDP006236225,Guide Plate,,4,,
SANY p295 L24,13-3,QDP007152214 Carriage assembly,24,A210319000016,Nut,,4,,
SANY p295 L25,13-3,QDP007152214 Carriage assembly,25,131699000086A,Rear Leaf Spring Assembly,,2,13-6,
SANY p295 L26,13-3,QDP007152214 Carriage assembly,26,QDP005793918,Rear Spring Pressure Plate,,2,,
SANY p295 L27,13-3,QDP007152214 Carriage assembly,27,QDP005796439,Rear U Bolt,,8,,
SANY p295 L28,13-3,QDP007152214 Carriage assembly,28,60259432,Bolt,,4,,
SANY p297 L1,13-5,60287245 Balanced Suspension Assembly,1,131500000065A,Balance Shaft Bracket,,2,,
SANY p297 L2,13-5,60287245 Balanced Suspension Assembly,2,131500000062A,SCREW,,6,,
SANY p297 L3,13-5,60287245 Balanced Suspension Assembly,3,139999000257A,Hexagon Flange Nut,,6,,
SANY p297 L4,13-5,60287245 Balanced Suspension Assembly,4,131500000063A,Coupling Plate,,1,,
SANY p297 L5,13-5,60287245 Balanced Suspension Assembly,5,131500000064A,Balance Shaft,,2,,
SANY p297 L6,13-5,60287245 Balanced Suspension Assembly,6,131500000043A,Lock Pin,,12,,
SANY p297 L7,13-5,60287245 Balanced Suspension Assembly,7,60273215,Oil Seal Axis Balanced Suspension,,2,,
SANY p297 L8,13-5,60287245 Balanced Suspension Assembly,8,131500000061A,no name,,8,,
SANY p297 L9,13-5,60287245 Balanced Suspension Assembly,9,131500000059A,balance shaft bushing,,4,,
SANY p297 L10,13-5,60287245 Balanced Suspension Assembly,10,131500000060A,balance bearing drum,,2,,
SANY p297 L11,13-5,60287245 Balanced Suspension Assembly,11,139999000238A,Safety Valve,,2,,
SANY p297 L12,13-5,60287245 Balanced Suspension Assembly,12,139999000237A,Shim,,3,,
SANY p297 L13,13-5,60287245 Balanced Suspension Assembly,13,131500000071A,Thrust Plate,,2,,
SANY p297 L14,13-5,60287245 Balanced Suspension Assembly,14,60136827,Spring Washer,,8,,
SANY p297 L15,13-5,60287245 Balanced Suspension Assembly,15,131500000014A,Bolt,,8,,
SANY p297 L16,13-5,60287245 Balanced Suspension Assembly,16,131500000015A,no name,,2,,
SANY p297 L17,13-5,60287245 Balanced Suspension Assembly,17,131500000058A,Balance Bearing Cap,,2,,
SANY p297 L18,13-5,60287245 Balanced Suspension Assembly,18,131402010013A069,Grease Nozzle,,2,,
SANY p297 L19,13-5,60287245 Balanced Suspension Assembly,19,131401020099A129,Bolt,,16,,
SANY p297 L20,13-5,60287245 Balanced Suspension Assembly,20,131401020099A130,Washer,,16,,
SANY p299 L1,13-7,131699000086A Rear Leaf Spring Assembly,1,131699000086A007,Rear Plate Spring Center Bolt,,1,,
SANY p299 L2,13-7,131699000086A Rear Leaf Spring Assembly,2,60125992,Nut,,1,,
SANY p299 L3,13-7,131699000086A Rear Leaf Spring Assembly,3,131699000086A001,The 1th rear leaf plate,,1,,
SANY p299 L4,13-7,131699000086A Rear Leaf Spring Assembly,4,131699000086A002,The 2th rear leaf plate,,1,,
SANY p299 L5,13-7,131699000086A Rear Leaf Spring Assembly,5,131699000086A003,The 3th rear leaf plate,,1,,
SANY p299 L6,13-7,131699000086A Rear Leaf Spring Assembly,6,131699000086A004,The 4th rear leaf plate,,1,,
SANY p299 L7,13-7,131699000086A Rear Leaf Spring Assembly,7,131699000086A005,The 5th rear leaf plate,,1,,
SANY p299 L8,13-7,131699000086A Rear Leaf Spring Assembly,8,131699000086A006,The 6th rear leaf plate,,1,,
SANY p299 L9,13-7,131699000086A Rear Leaf Spring Assembly,9,131699000038A010,leaf spring gasket,,1,,
SANY p303 L1,14-3,QDP007068370 Braking system,1,QDP007067771,Front axle module,,1,14-4,
SANY p303 L2,14-3,QDP007068370 Braking system,2,QDP007067833,Energy supply module,,1,14-10,
SANY p303 L3,14-3,QDP007068370 Braking system,3,QDP007067990,ENERGY STORAGE MODULE,,1,14-12,
SANY p303 L4,14-3,QDP007068370 Braking system,4,QDP007068000,Rear axle module,,1,14-22,
SANY p303 L5,14-3,QDP007068370 Braking system,5,QDP006641644,Basic diagram of brake,,1,,
SANY p303 L6,14-3,QDP007068370 Braking system,6,QDP007067789,Pipeline installation module,,1,14-28,
SANY p303 L7,14-3,QDP007068370 Braking system,7,QDP007068014,Auxiliary module,,1,,
SANY p303 L8,14-3,QDP007068370 Braking system,8,QDP007068349,Brake bundle of Pump Truck,,1,,
SANY p305 L1,14-5,QDP007067771 Front axle module,1,14233847,Relay Valve Assembly,,1,14-6,
SANY p305 L2,14-5,QDP007067771 Front axle module,2,A229900004374,Three Way Adaptor Body,,2,,
SANY p305 L3,14-5,QDP007067771 Front axle module,3,A210431000006,Washer,,4,,
SANY p305 L4,14-5,QDP007067771 Front axle module,4,A210338000000,Nut,,2,,
SANY p305 L5,14-5,QDP007067771 Front axle module,5,A229900003129,Brake Hose,,4,,
SANY p305 L6,14-5,QDP007067771 Front axle module,6,61023513,Pressure Measuring Connector,,4,,
SANY p305 L7,14-5,QDP007067771 Front axle module,7,B210780000100,Bulkhead Fitting,,2,,
SANY p305 L8,14-5,QDP007067771 Front axle module,8,60273800,Bolt,,2,,
SANY p305 L9,14-5,QDP007067771 Front axle module,9,60144883,Nut,,2,,
SANY p305 L10,14-5,QDP007067771 Front axle module,10,60104195,Quick Connector,,1,,
SANY p305 L11,14-5,QDP007067771 Front axle module,11,60104192,Quick Connector,,1,,
SANY p307 L1,14-7,14233847 Relay Valve Assembly,1,60243434,"Fitting, Adapter",,2,,
SANY p307 L2,14-7,14233847 Relay Valve Assembly,2,60016876,Relay Valve,,1,,
SANY p307 L3,14-7,14233847 Relay Valve Assembly,3,13547181,Fixed Board of Relay Valve,,1,,
SANY p307 L4,14-7,14233847 Relay Valve Assembly,4,A210770000392,Pipe Joint,,2,,
SANY p307 L5,14-7,14233847 Relay Valve Assembly,5,13528469,Nylon Tube Nut Assembly,,2,14-8,
SANY p307 L6,14-7,14233847 Relay Valve Assembly,6,60265726,Bolt,,4,,
SANY p307 L7,14-7,14233847 Relay Valve Assembly,7,A210405000007,Washer,,6,,
SANY p307 L8,14-7,14233847 Relay Valve Assembly,8,A210401000017,Washer,,4,,
SANY p307 L9,14-7,14233847 Relay Valve Assembly,9,60078169,Nut,,4,,
SANY p309 L1,14-9,13528469 Nylon Tube Nut Assembly,1,A210306000012,Nut,,1,,
SANY p309 L2,14-9,13528469 Nylon Tube Nut Assembly,2,A210710000004,Tube Sleeve,,1,,
SANY p309 L3,14-9,13528469 Nylon Tube Nut Assembly,3,A229900003816,Bush,,1,,
SANY p311 L1,14-11,QDP007067833 Energy supply module,1,12848704,Brake Hose,,1,,
SANY p311 L2,14-11,QDP007067833 Energy supply module,2,152505000095A,"Hose Assembly, High Temperature",,1,,
SANY p311 L3,14-11,QDP007067833 Energy supply module,3,10053068,Seal Washer,,1,,
SANY p311 L4,14-11,QDP007067833 Energy supply module,4,60265718,Bolt,,1,,
SANY p311 L5,14-11,QDP007067833 Energy supply module,5,A210431000005,Washer,,1,,
SANY p311 L6,14-11,QDP007067833 Energy supply module,6,A210747300000,Joint Body,,1,,
SANY p311 L7,14-11,QDP007067833 Energy supply module,7,A210334000015,Nut,,1,,
SANY p311 L8,14-11,QDP007067833 Energy supply module,8,60265719,Bolt,,2,,
SANY p311 L9,14-11,QDP007067833 Energy supply module,9,A229900004636,Tube Clip,,2,,
SANY p311 L10,14-11,QDP007067833 Energy supply module,10,A229900004637,Pipe Clamp Sleeve,,2,,
SANY p311 L11,14-11,QDP007067833 Energy supply module,11,60078169,Nut,,5,,
SANY p311 L12,14-11,QDP007067833 Energy supply module,12,A820101343021,Hose Support,,1,,
SANY p311 L13,14-11,QDP007067833 Energy supply module,13,A820205002231,Pipe Joint,,1,,
SANY p311 L14,14-11,QDP007067833 Energy supply module,14,13528465,Steel Tube Nut Assembly,,6,,
SANY p311 L15,14-11,QDP007067833 Energy supply module,15,13546545,Non-bearing General Support,,2,,
SANY p311 L16,14-11,QDP007067833 Energy supply module,16,60144915,Bolt,,2,,
SANY p311 L17,14-11,QDP007067833 Energy supply module,17,11374561,Joint Body,,1,,
SANY p311 L18,14-11,QDP007067833 Energy supply module,18,QDP007672264,Air compressor steel tube,,1,,
SANY p311 L19,14-11,QDP007067833 Energy supply module,19,A229900004372,Pipe Joint,,1,,
SANY p311 L20,14-11,QDP007067833 Energy supply module,20,A210431000003,Washer,,1,,
SANY p311 L21,14-11,QDP007067833 Energy supply module,21,A210338000002,Nut,,1,,
SANY p311 L22,14-11,QDP007067833 Energy supply module,22,QDP007108717,Air compressor steel tube,,1,,
SANY p311 L23,14-11,QDP007067833 Energy supply module,23,A229900003463,"Fitting, Adapter",,1,,
SANY p311 L24,14-11,QDP007067833 Energy supply module,24,A229900003050,Pipe Connector,,1,,
SANY p311 L25,14-11,QDP007067833 Energy supply module,25,QDP007108664,dryer Assembly,,1,,
SANY p311 L26,14-11,QDP007067833 Energy supply module,26,QDP007672854,Steel Pipe -Air Compressor Output,,1,,
SANY p313 L1,14-13,QDP007067990 ENERGY STORAGE MODULE,1,QDP007067949,RESERVOIR MOUNTING MODULE,,1,14-14,
SANY p313 L2,14-13,QDP007067990 ENERGY STORAGE MODULE,2,60207152,Bolt,,4,,
SANY p313 L3,14-13,QDP007067990 ENERGY STORAGE MODULE,3,A210347000000,Nut,,4,,
SANY p313 L4,14-13,QDP007067990 ENERGY STORAGE MODULE,4,13547196,Internal Air Storage Cylinder Installing,,1,14-16,
SANY p313 L5,14-13,QDP007067990 ENERGY STORAGE MODULE,5,60265749,Bolt,,4,,
SANY p313 L6,14-13,QDP007067990 ENERGY STORAGE MODULE,6,60144883,Nut,,4,,
SANY p313 L7,14-13,QDP007067990 ENERGY STORAGE MODULE,7,QDP006685113,Four CircuitI Valve Installation Module,,1,,
SANY p313 L8,14-13,QDP007067990 ENERGY STORAGE MODULE,8,60104195,Quick Connector,,5,,
SANY p313 L9,14-13,QDP007067990 ENERGY STORAGE MODULE,9,60175479,Quick Connector,,2,,
SANY p313 L10,14-13,QDP007067990 ENERGY STORAGE MODULE,10,60104194,Quick Coupler,,1,,
SANY p313 L11,14-13,QDP007067990 ENERGY STORAGE MODULE,11,60104191,Quick Coupling Connector,,2,,
SANY p313 L12,14-13,QDP007067990 ENERGY STORAGE MODULE,12,21005163,Plug,,2,,
SANY p313 L13,14-13,QDP007067990 ENERGY STORAGE MODULE,13,A210332000001,Screw Plug,,1,,
SANY p313 L14,14-13,QDP007067990 ENERGY STORAGE MODULE,14,60104192,Quick Connector,,1,,
SANY p313 L15,14-13,QDP007067990 ENERGY STORAGE MODULE,15,60104193,Quick Connector,,2,,
SANY p313 L16,14-13,QDP007067990 ENERGY STORAGE MODULE,16,60016881,Gas Filling Joint,,1,,
SANY p313 L17,14-13,QDP007067990 ENERGY STORAGE MODULE,17,60115756,Quick Coupler,,1,,
SANY p315 L1,14-15,QDP007067949 RESERVOIR MOUNTING MODULE,1,13797225,Fixed Device of Air Reservoir,,2,,
SANY p315 L2,14-15,QDP007067949 RESERVOIR MOUNTING MODULE,2,13709121,Air Reservoir Assembly,,2,,
SANY p315 L3,14-15,QDP007067949 RESERVOIR MOUNTING MODULE,3,152599000060A,Automatic Discharging Valve,,2,,
SANY p317 L1,14-17,13547196 Internal Air Storage Cylinder Installing,1,QDP005504127,Collar Band Assembly of Air Reservoir,,2,14-18,
SANY p317 L2,14-17,13547196 Internal Air Storage Cylinder Installing,2,13507322,Air Storage Cylinder Bracket Assembly,,2,14-20,
SANY p317 L3,14-17,13547196 Internal Air Storage Cylinder Installing,3,13538898,Air Storage Cylinder,,1,,
SANY p317 L4,14-17,13547196 Internal Air Storage Cylinder Installing,4,152599000060A,Automatic Discharging Valve,,1,,
SANY p319 L1,14-19,QDP005504127 Collar Band Assembly of Air Reservoir,1,QDP005504125,Rubber Pad,,2,,
SANY p319 L2,14-19,QDP005504127 Collar Band Assembly of Air Reservoir,2,QDP005504123,Air Reservoir Band,,1,,
SANY p319 L3,14-19,QDP005504127 Collar Band Assembly of Air Reservoir,3,13489284,Pin Shaft,,1,,
SANY p319 L4,14-19,QDP005504127 Collar Band Assembly of Air Reservoir,4,13489285,Pin Shaft,,1,,
SANY p319 L5,14-19,QDP005504127 Collar Band Assembly of Air Reservoir,5,A210204000179,Screw,,1,,
SANY p321 L1,14-21,13507322 Air Storage Cylinder Bracket Assembly,1,QDP005504119,Air Reservoir Hanger,,1,,
SANY p321 L2,14-21,13507322 Air Storage Cylinder Bracket Assembly,2,13507321,Transition Plate,,1,,
SANY p321 L3,14-21,13507322 Air Storage Cylinder Bracket Assembly,3,60144915,Bolt,,2,,
SANY p321 L4,14-21,13507322 Air Storage Cylinder Bracket Assembly,4,60078169,Nut,,2,,
SANY p323 L1,14-23,QDP007068000 Rear axle module,1,60104192,Quick Connector,,2,,
SANY p323 L2,14-23,QDP007068000 Rear axle module,2,60104195,Quick Connector,,2,,
SANY p323 L3,14-23,QDP007068000 Rear axle module,3,60139686,Bolt,,4,,
SANY p323 L4,14-23,QDP007068000 Rear axle module,4,QDP006691499,Parking relay valve mounting module,,1,14-24,
SANY p323 L5,14-23,QDP007068000 Rear axle module,5,60273800,Bolt,,2,,
SANY p323 L6,14-23,QDP007068000 Rear axle module,6,13547181,Fixed Board of Relay Valve,,1,,
SANY p323 L7,14-23,QDP007068000 Rear axle module,7,60144883,Nut,,2,,
SANY p323 L8,14-23,QDP007068000 Rear axle module,8,A229900003354,Pipe Joint,,4,,
SANY p323 L9,14-23,QDP007068000 Rear axle module,9,13816361,Relay Valve Assembly,,1,14-26,
SANY p323 L10,14-23,QDP007068000 Rear axle module,10,60078169,Nut,,8,,
SANY p323 L11,14-23,QDP007068000 Rear axle module,11,60265720,Bolt,,4,,
SANY p323 L12,14-23,QDP007068000 Rear axle module,12,QDP005210230,support,,1,,
SANY p323 L13,14-23,QDP007068000 Rear axle module,13,A210770000394,"Fitting, Connector",,4,,
SANY p323 L14,14-23,QDP007068000 Rear axle module,14,61023513,Pressure Measuring Connector,,4,,
SANY p323 L15,14-23,QDP007068000 Rear axle module,15,60104190,Quick Connector,,2,,
SANY p323 L16,14-23,QDP007068000 Rear axle module,16,60109937,Quick Coupler,,1,,
SANY p323 L17,14-23,QDP007068000 Rear axle module,17,A229900005108,Brake Hose,,8,,
SANY p323 L18,14-23,QDP007068000 Rear axle module,18,QDP005282484,support,,1,,
SANY p323 L19,14-23,QDP007068000 Rear axle module,19,A820101026790,Brattice Adaptor Support,,2,,
SANY p323 L20,14-23,QDP007068000 Rear axle module,20,B210780000100,Bulkhead Fitting,,6,,
SANY p325 L1,14-25,QDP006691499 Parking relay valve mounting module,1,60016876,Relay Valve,,1,,
SANY p325 L2,14-25,QDP006691499 Parking relay valve mounting module,2,QDP006064868,Fixed board of relay valve,,1,,
SANY p325 L3,14-25,QDP006691499 Parking relay valve mounting module,3,60078169,Nut,,2,,
SANY p325 L4,14-25,QDP006691499 Parking relay valve mounting module,4,60273800,Bolt,,2,,
SANY p325 L5,14-25,QDP006691499 Parking relay valve mounting module,5,60144883,Nut,,2,,
SANY p327 L1,14-27,13816361 Relay Valve Assembly,1,60243434,"Fitting, Adapter",,2,,
SANY p327 L2,14-27,13816361 Relay Valve Assembly,2,60016876,Relay Valve,,1,,
SANY p329 L1,14-29,QDP007067789 Pipeline installation module,1,13937559,Support,,1,,
SANY p329 L2,14-29,QDP007067789 Pipeline installation module,2,60265717,Bolt,,7,,
SANY p329 L3,14-29,QDP007067789 Pipeline installation module,3,60078169,Nut,,14,,
SANY p329 L4,14-29,QDP007067789 Pipeline installation module,4,A229900003851,Clamp,,11,,
SANY p329 L5,14-29,QDP007067789 Pipeline installation module,5,60265719,Bolt,,7,,
SANY p329 L6,14-29,QDP007067789 Pipeline installation module,6,QDP005232582,Pipe Support,,1,,
SANY p333 L1,15-3,QDP007092433 Electrical system of chassis,1,12471064,Tail Lamp and Fog Lamp Installation,,1,15-4,
SANY p333 L2,15-3,QDP007092433 Electrical system of chassis,2,60114860,Dual-position Three-way Solenoid Pneumatic Valve,,3,,
SANY p333 L3,15-3,QDP007092433 Electrical system of chassis,3,60265732,Bolt,,4,,
SANY p333 L4,15-3,QDP007092433 Electrical system of chassis,4,120102090011A,Nut,,4,,
SANY p333 L5,15-3,QDP007092433 Electrical system of chassis,5,QDP004994961,Power Device,,1,15-6,
SANY p333 L6,15-3,QDP007092433 Electrical system of chassis,6,61003891,Nut,,4,,
SANY p333 L7,15-3,QDP007092433 Electrical system of chassis,7,QDP004912721,Bracket for Tubes,,1,,
SANY p333 L8,15-3,QDP007092433 Electrical system of chassis,8,A210110000432,Bolt,,4,,
SANY p333 L9,15-3,QDP007092433 Electrical system of chassis,9,13748442,Cab Electrical Assembly,,1,15-14,
SANY p333 L10,15-3,QDP007092433 Electrical system of chassis,10,10034117,Engine Wiring Harness Mounting Bracket,,1,,
SANY p333 L11,15-3,QDP007092433 Electrical system of chassis,11,140502000236B,Pressure Sensor,,1,,
SANY p333 L12,15-3,QDP007092433 Electrical system of chassis,12,A210264000004,Tapping Screw,,2,,
SANY p333 L13,15-3,QDP007092433 Electrical system of chassis,13,A241200000648,Proximity Switch,,1,,
SANY p333 L14,15-3,QDP007092433 Electrical system of chassis,14,QDP007165480,harness,,1,,
SANY p333 L15,15-3,QDP007092433 Electrical system of chassis,15,60104712,Wiring Harness,,1,,
SANY p333 L16,15-3,QDP007092433 Electrical system of chassis,16,140502000048A,pressure sensor,,2,,
SANY p333 L17,15-3,QDP007092433 Electrical system of chassis,17,60265717,Bolt,,1,,
SANY p333 L18,15-3,QDP007092433 Electrical system of chassis,18,60078169,Nut,,1,,
SANY p333 L19,15-3,QDP007092433 Electrical system of chassis,19,A229900003353,Seal Washer,,2,,
SANY p335 L1,15-5,12471064 Tail Lamp and Fog Lamp Installation,1,60211864,Left Combined Taillight,,1,,
SANY p335 L2,15-5,12471064 Tail Lamp and Fog Lamp Installation,2,60099447,Rear Fog Lamp,,1,,
SANY p335 L3,15-5,12471064 Tail Lamp and Fog Lamp Installation,3,60211865,Right Combined Taillight,,1,,
SANY p335 L4,15-5,12471064 Tail Lamp and Fog Lamp Installation,4,60078169,Nut,,6,,
SANY p335 L5,15-5,12471064 Tail Lamp and Fog Lamp Installation,5,60144915,Bolt,,2,,
SANY p337 L1,15-7,QDP004994961 Power Device,1,60265736,Bolt,,1,,
SANY p337 L2,15-7,QDP004994961 Power Device,2,61003891,Nut,,1,,
SANY p337 L3,15-7,QDP004994961 Power Device,3,10183907,Press Strip Towing Hook,,4,,
SANY p337 L4,15-7,QDP004994961 Power Device,4,60078169,Nut,,4,,
SANY p337 L5,15-7,QDP004994961 Power Device,5,13741435,Assembly of Battery Frame,,1,15-8,
SANY p337 L6,15-7,QDP004994961 Power Device,6,60071633,Acid Accumulator,,2,,
SANY p337 L7,15-7,QDP004994961 Power Device,7,13389242,Battery Layering,,2,,
SANY p337 L8,15-7,QDP004994961 Power Device,8,60013321,Battery Negative Terminal Group,,2,,
SANY p337 L9,15-7,QDP004994961 Power Device,9,60012789,Wiring Harness,,1,,
SANY p337 L10,15-7,QDP004994961 Power Device,10,60013322,Battery Positive Terminal Group,,2,,
SANY p337 L11,15-7,QDP004994961 Power Device,11,13605465,Power Device,,1,15-12,
SANY p337 L12,15-7,QDP004994961 Power Device,12,QDP004582153,Battery Plate Separator,,1,,
SANY p337 L13,15-7,QDP004994961 Power Device,13,A810201058734,Power Supply Harness,,1,,
SANY p337 L14,15-7,QDP004994961 Power Device,14,60012804,Wiring Harness,,1,,
SANY p337 L15,15-7,QDP004994961 Power Device,15,A210307000012,Nut,,4,,
SANY p339 L1,15-9,13741435 Assembly of Battery Frame,1,A229900003077,Battery Case Cover Assembly,,1,,
SANY p339 L2,15-9,13741435 Assembly of Battery Frame,2,13724531,Pull Ring Assembly,,2,,
SANY p339 L3,15-9,13741435 Assembly of Battery Frame,3,A229900001360,Washer,,8,,
SANY p339 L4,15-9,13741435 Assembly of Battery Frame,4,13708877,Battery Frame,,1,15-10,
SANY p339 L5,15-9,13741435 Assembly of Battery Frame,5,QDP004787774,Cushion Block of Battery Frame,,2,,
SANY p339 L6,15-9,13741435 Assembly of Battery Frame,6,13710232,Backup Plate of Battery Frame,,1,,
SANY p341 L1,15-11,13708877 Battery Frame,1,13708878,Inner Plate Assembly of Battery Frame,,1,,
SANY p341 L2,15-11,13708877 Battery Frame,2,13708875,Locker Support,,2,,
SANY p341 L3,15-11,13708877 Battery Frame,3,13708874,Outer Plate of Battery Frame,,1,,
SANY p343 L1,15-13,13605465 Power Device,1,60034670,"Distribution Box Assembly, Chassis",,1,,
SANY p343 L2,15-13,13605465 Power Device,2,60085527,Waterproof Ring,,2,,
SANY p343 L3,15-13,13605465 Power Device,3,A210210000006,Screw,,1,,
SANY p343 L4,15-13,13605465 Power Device,4,A210404000009,Washer,,3,,
SANY p343 L5,15-13,13605465 Power Device,5,A210210000002,Screw,,2,,
SANY p343 L6,15-13,13605465 Power Device,6,13603062,Chassis Power Distribution Case Support Assembly,,1,,
SANY p343 L7,15-13,13605465 Power Device,7,60265718,Bolt,,2,,
SANY p343 L8,15-13,13605465 Power Device,8,60144915,Bolt,,7,,
SANY p343 L9,15-13,13605465 Power Device,9,60078169,Nut,,9,,
SANY p345 L1,15-15,13748442 Cab Electrical Assembly,1,60144904,Bolt,,1,,
SANY p345 L2,15-15,13748442 Cab Electrical Assembly,2,A240500000097,Electric Horn Assembly,,1,,
SANY p345 L3,15-15,13748442 Cab Electrical Assembly,3,60144907,Bolt,,3,,
SANY p345 L4,15-15,13748442 Cab Electrical Assembly,4,A229900003851,Clamp,,1,,
SANY p345 L5,15-15,13748442 Cab Electrical Assembly,5,60265723,Bolt,,2,,
SANY p345 L6,15-15,13748442 Cab Electrical Assembly,6,13984311,Link Body Electromagnetic Valve Bracket,,1,,
SANY p345 L7,15-15,13748442 Cab Electrical Assembly,7,60144888,Nut,,4,,
SANY p345 L8,15-15,13748442 Cab Electrical Assembly,8,A240500000091,Electric Two Tone Air Horn,,1,,
SANY p345 L9,15-15,13748442 Cab Electrical Assembly,9,140502000208A,Pressure Sensor,,1,,
SANY p345 L10,15-15,13748442 Cab Electrical Assembly,10,60078169,Nut,,2,,
SANY p349 L1,16-3,QDP007011614 Exhaust device,1,QDP007004603,module of exhaust tube pipeline,,1,16-4,
SANY p349 L2,16-3,QDP007011614 Exhaust device,2,A210111000270,Bolt,,2,,
SANY p349 L3,16-3,QDP007011614 Exhaust device,3,A210404000003,Washer,,4,,
SANY p349 L4,16-3,QDP007011614 Exhaust device,4,A820101026989,Soft Pad of Radiator Pressure Plate,,2,,
SANY p349 L5,16-3,QDP007011614 Exhaust device,5,A229900004242,Radiator Suspension Cushion,,4,,
SANY p349 L6,16-3,QDP007011614 Exhaust device,6,A210352000001,Nut,,4,,
SANY p349 L7,16-3,QDP007011614 Exhaust device,7,14362526,Gland,,1,,
SANY p349 L8,16-3,QDP007011614 Exhaust device,8,A210110000323,Bolt,,4,,
SANY p349 L9,16-3,QDP007011614 Exhaust device,9,10143967,Engine Outlet Pipe,,1,,
SANY p349 L10,16-3,QDP007011614 Exhaust device,10,60265732,Bolt,,6,,
SANY p349 L11,16-3,QDP007011614 Exhaust device,11,A220400000516,Exhaust Brake Valve,,1,16-8,
SANY p349 L12,16-3,QDP007011614 Exhaust device,12,13010825,Hanger of exhaust tube,,1,16-10,
SANY p349 L13,16-3,QDP007011614 Exhaust device,13,10143965,Exhaust Brake Valve Pipe,,1,,
SANY p349 L14,16-3,QDP007011614 Exhaust device,14,10031126,Connecting Plate,,1,,
SANY p349 L15,16-3,QDP007011614 Exhaust device,15,60265750,Bolt,,4,,
SANY p349 L16,16-3,QDP007011614 Exhaust device,16,A210307000031,Nut,,16,,
SANY p349 L17,16-3,QDP007011614 Exhaust device,17,61003891,Nut,,6,,
SANY p349 L18,16-3,QDP007011614 Exhaust device,18,60265735,Bolt,,4,,
SANY p349 L19,16-3,QDP007011614 Exhaust device,19,13010953,Exhaust tubeⅠ,,1,,
SANY p349 L20,16-3,QDP007011614 Exhaust device,20,A210307000017,Nut,,8,,
SANY p349 L21,16-3,QDP007011614 Exhaust device,21,60265734,Bolt,,4,,
SANY p349 L22,16-3,QDP007011614 Exhaust device,22,60265733,Bolt,,4,,
SANY p349 L23,16-3,QDP007011614 Exhaust device,23,QDP007004523,Exhaust tube Ⅱassembly,,1,,
SANY p349 L24,16-3,QDP007011614 Exhaust device,24,QDP007004269,Catalyst module,,1,16-12,
SANY p349 L25,16-3,QDP007011614 Exhaust device,25,60265748,Bolt,,4,,
SANY p349 L26,16-3,QDP007011614 Exhaust device,26,60144883,Nut,,4,,
SANY p351 L1,16-5,QDP007004603 module of exhaust tube pipeline,1,QDP007758855,pipe,,1,,
SANY p351 L2,16-5,QDP007004603 module of exhaust tube pipeline,2,60144913,Bolt,,10,,
SANY p351 L3,16-5,QDP007004603 module of exhaust tube pipeline,3,61003891,Nut,,10,,
SANY p351 L4,16-5,QDP007004603 module of exhaust tube pipeline,4,QDP005865669,Right dashboard support,,1,16-6,
SANY p351 L5,16-5,QDP007004603 module of exhaust tube pipeline,5,QDP005765319,pipe clamp,,1,,
SANY p351 L6,16-5,QDP007004603 module of exhaust tube pipeline,6,60078169,Nut,,10,,
SANY p351 L7,16-5,QDP007004603 module of exhaust tube pipeline,7,QDP005865691,heat insulation plate,,1,,
SANY p351 L8,16-5,QDP007004603 module of exhaust tube pipeline,8,60265736,Bolt,,4,,
SANY p351 L9,16-5,QDP007004603 module of exhaust tube pipeline,9,A210307000017,Nut,,24,,
SANY p351 L10,16-5,QDP007004603 module of exhaust tube pipeline,10,QDP005865673,heat insulation plate,,1,,
SANY p351 L11,16-5,QDP007004603 module of exhaust tube pipeline,11,120102990048A,Nut,,4,,
SANY p351 L12,16-5,QDP007004603 module of exhaust tube pipeline,12,60265734,Bolt,,4,,
SANY p351 L13,16-5,QDP007004603 module of exhaust tube pipeline,13,14036335,Exhaust Clamp,,6,,
SANY p351 L14,16-5,QDP007004603 module of exhaust tube pipeline,14,14359851,Bracket for exhaust pipe,,1,,
SANY p351 L15,16-5,QDP007004603 module of exhaust tube pipeline,15,14359835,Exhaust Pipe,,1,,
SANY p351 L16,16-5,QDP007004603 module of exhaust tube pipeline,16,14359848,Exhaust Pipe Fixing Bracket,,1,,
SANY p351 L17,16-5,QDP007004603 module of exhaust tube pipeline,17,60144895,Bolt,,4,,
SANY p351 L18,16-5,QDP007004603 module of exhaust tube pipeline,18,60265735,Bolt,,8,,
SANY p351 L19,16-5,QDP007004603 module of exhaust tube pipeline,19,14359834,Exhaust Pipe,,1,,
SANY p351 L20,16-5,QDP007004603 module of exhaust tube pipeline,20,14506701,Air Exhaust Pipe Hoop,,1,,
SANY p351 L21,16-5,QDP007004603 module of exhaust tube pipeline,21,120101050148A,Bolt,,4,,
SANY p351 L22,16-5,QDP007004603 module of exhaust tube pipeline,22,QDP006936695,exhaust pipe Ⅲ,,1,,
SANY p353 L1,16-7,QDP005865669 Right dashboard support,1,QDP005865680,Connecting board,,1,,
SANY p353 L2,16-7,QDP005865669 Right dashboard support,2,QDP005865679,Reinforced bar,,1,,
SANY p353 L3,16-7,QDP005865669 Right dashboard support,3,QDP005865675,pipe support of exhaust pipe,,1,,
SANY p353 L4,16-7,QDP005865669 Right dashboard support,4,QDP005876943,Connecting pipe 2,,1,,
SANY p353 L5,16-7,QDP005865669 Right dashboard support,5,QDP005865684,connecting board,,1,,
SANY p353 L6,16-7,QDP005865669 Right dashboard support,6,QDP005865688,Reinforced bar,,1,,
SANY p353 L7,16-7,QDP005865669 Right dashboard support,7,QDP005876507,plate,,1,,
SANY p355 L1,16-9,A220400000516 Exhaust Brake Valve,1,60105345,Cylinder Assembly,,1,,
SANY p355 L2,16-9,A220400000516 Exhaust Brake Valve,2,60105341,Butterfly Valve,,1,,
SANY p355 L3,16-9,A220400000516 Exhaust Brake Valve,3,60105343,Valve Body,,1,,
SANY p357 L1,16-11,13010825 Hanger of exhaust tube,1,60229369,Hanger of exhaust tube (1),,1,,
SANY p357 L2,16-11,13010825 Hanger of exhaust tube,2,13010782,Thimble,,1,,
SANY p357 L3,16-11,13010825 Hanger of exhaust tube,3,A210111000027,Bolt,,2,,
SANY p357 L4,16-11,13010825 Hanger of exhaust tube,4,A210307000017,Nut,,4,,
SANY p359 L1,16-13,QDP007004269 Catalyst module,1,11439696,Muffler Heat Shield,,1,,
SANY p359 L2,16-13,QDP007004269 Catalyst module,2,11663473,Mobile Hanger for Muffler,,2,,
SANY p359 L3,16-13,QDP007004269 Catalyst module,3,13777564,Muffler Bracket,,2,,
SANY p359 L4,16-13,QDP007004269 Catalyst module,4,60265734,Bolt,,4,,
SANY p359 L5,16-13,QDP007004269 Catalyst module,5,A210307000017,Nut,,16,,
SANY p359 L6,16-13,QDP007004269 Catalyst module,6,11663475,Muffler Fastening Belt,,2,,
SANY p359 L7,16-13,QDP007004269 Catalyst module,7,11663474,Muffler Fastening Belt,,2,,
SANY p359 L8,16-13,QDP007004269 Catalyst module,8,14389650,Muffler,,1,,
SANY p359 L9,16-13,QDP007004269 Catalyst module,9,60265737,Bolt,,4,,
SANY p359 L10,16-13,QDP007004269 Catalyst module,10,60265732,Bolt,,4,,
SANY p359 L11,16-13,QDP007004269 Catalyst module,11,61003891,Nut,,4,,
SANY p363 L1,17-3,QDP007125697 Front suspension system,1,A229900004211,Ear with Bush Assembly,,4,,
SANY p363 L2,17-3,QDP007125697 Front suspension system,2,QDP007201662,Front first axle and spring module,,1,17-4,
SANY p363 L3,17-3,QDP007125697 Front suspension system,3,QDP007202066,Front first axle and spring module,,1,17-8,
SANY p363 L4,17-3,QDP007125697 Front suspension system,4,A820301021255,Pin Axis,,8,,
SANY p363 L5,17-3,QDP007125697 Front suspension system,5,QDP005009578,Lifting Ear Pin,,4,,
SANY p363 L6,17-3,QDP007125697 Front suspension system,6,13246981,Plate Spring Side Washer,,24,,
SANY p363 L7,17-3,QDP007125697 Front suspension system,7,A221000000202,Oil Cup,,12,,
SANY p363 L8,17-3,QDP007125697 Front suspension system,8,A210110000012,Bolt,,24,,
SANY p363 L9,17-3,QDP007125697 Front suspension system,9,A210319000017,Nut,,24,,
SANY p363 L10,17-3,QDP007125697 Front suspension system,10,QDP004787775,Front Limit Block,,4,,
SANY p363 L11,17-3,QDP007125697 Front suspension system,11,60265748,Bolt,,4,,
SANY p363 L12,17-3,QDP007125697 Front suspension system,12,60273800,Bolt,,4,,
SANY p363 L13,17-3,QDP007125697 Front suspension system,13,120102990036A,Nut,,8,,
SANY p363 L14,17-3,QDP007125697 Front suspension system,14,QDP005943238,Mounting of Front First Shaft Shock Absorber,,1,17-20,
SANY p363 L15,17-3,QDP007125697 Front suspension system,15,QDP005930120,Mounting of Front Second Shaft Shock Absorber,,1,17-22,
SANY p365 L1,17-5,QDP007201662 Front first axle and spring module,1,60212957,Limit Block,,2,,
SANY p365 L2,17-5,QDP007201662 Front first axle and spring module,2,10489917,Front U-Bolt,,4,,
SANY p365 L3,17-5,QDP007201662 Front first axle and spring module,3,12825725,Front Spring Pressure Plate,,2,,
SANY p365 L4,17-5,QDP007201662 Front first axle and spring module,4,131699000084A,Front Armor Plate Spring Assembly,,2,17-6,
SANY p365 L5,17-5,QDP007201662 Front first axle and spring module,5,131402010165A,Front first axle assembly,,1,,
SANY p365 L6,17-5,QDP007201662 Front first axle and spring module,6,61028574,Nut,,8,,
SANY p367 L1,17-7,131699000084A Front Armor Plate Spring Assembly,1,131699000084A001,The 1th Rear Front Plate,,1,,
SANY p367 L2,17-7,131699000084A Front Armor Plate Spring Assembly,2,131699000084A002,The 2th Rear Front Plate,,1,,
SANY p367 L3,17-7,131699000084A Front Armor Plate Spring Assembly,3,131699000084A003,The 3th Rear Front Plate,,1,,
SANY p367 L4,17-7,131699000084A Front Armor Plate Spring Assembly,4,131699000084A004,The 4th Rear Front Plate,,1,,
SANY p367 L5,17-7,131699000084A Front Armor Plate Spring Assembly,5,131699000084A005,The 5th Rear Front Plate,,1,,
SANY p367 L6,17-7,131699000084A Front Armor Plate Spring Assembly,6,131699000084A006,The 6th Rear Front Plate,,1,,
SANY p367 L7,17-7,131699000084A Front Armor Plate Spring Assembly,7,131699000084A007,The 7th Rear Front Plate,,1,,
SANY p367 L8,17-7,131699000084A Front Armor Plate Spring Assembly,8,131699000084A008,The 8th Rear Front Plate,,1,,
SANY p367 L9,17-7,131699000084A Front Armor Plate Spring Assembly,9,131699000084A009,The 9th Rear Front Plate,,1,,
SANY p367 L10,17-7,131699000084A Front Armor Plate Spring Assembly,10,131699000084A010,front spring gasket,,1,,
SANY p367 L11,17-7,131699000084A Front Armor Plate Spring Assembly,11,131699000084A011,Rear Plate Spring Center Bolt,,1,,
SANY p367 L12,17-7,131699000084A Front Armor Plate Spring Assembly,12,60125991,Nut,,1,,
SANY p367 L13,17-7,131699000084A Front Armor Plate Spring Assembly,13,60287326,Bolt Hexagon,,4,,
SANY p367 L14,17-7,131699000084A Front Armor Plate Spring Assembly,14,60090803,The Clamp Nut,,4,,
SANY p367 L15,17-7,131699000084A Front Armor Plate Spring Assembly,15,131288000099A,Tube,,4,,
SANY p367 L16,17-7,131699000084A Front Armor Plate Spring Assembly,16,131699000028B012,Bushing,,2,,
SANY p369 L1,17-9,QDP007202066 Front first axle and spring module,1,131699000084A,Front Armor Plate Spring Assembly,,2,17-6,
SANY p369 L2,17-9,QDP007202066 Front first axle and spring module,2,12825725,Front Spring Pressure Plate,,2,,
SANY p369 L3,17-9,QDP007202066 Front first axle and spring module,3,60212957,Limit Block,,2,,
SANY p369 L4,17-9,QDP007202066 Front first axle and spring module,4,10489917,Front U-Bolt,,4,,
SANY p369 L5,17-9,QDP007202066 Front first axle and spring module,5,61028574,Nut,,8,,
SANY p369 L6,17-9,QDP007202066 Front first axle and spring module,6,131402010164A,Front two axle assembly,,1,17-12,
SANY p371 L1,17-11,131699000084A Front Armor Plate Spring Assembly (p17-10),1,131699000084A001,The 1th Rear Front Plate,,1,,
SANY p371 L2,17-11,131699000084A Front Armor Plate Spring Assembly (p17-10),2,131699000084A002,The 2th Rear Front Plate,,1,,
SANY p371 L3,17-11,131699000084A Front Armor Plate Spring Assembly (p17-10),3,131699000084A003,The 3th Rear Front Plate,,1,,
SANY p371 L4,17-11,131699000084A Front Armor Plate Spring Assembly (p17-10),4,131699000084A004,The 4th Rear Front Plate,,1,,
SANY p371 L5,17-11,131699000084A Front Armor Plate Spring Assembly (p17-10),5,131699000084A005,The 5th Rear Front Plate,,1,,
SANY p371 L6,17-11,131699000084A Front Armor Plate Spring Assembly (p17-10),6,131699000084A006,The 6th Rear Front Plate,,1,,
SANY p371 L7,17-11,131699000084A Front Armor Plate Spring Assembly (p17-10),7,131699000084A007,The 7th Rear Front Plate,,1,,
SANY p371 L8,17-11,131699000084A Front Armor Plate Spring Assembly (p17-10),8,131699000084A008,The 8th Rear Front Plate,,1,,
SANY p371 L9,17-11,131699000084A Front Armor Plate Spring Assembly (p17-10),9,131699000084A009,The 9th Rear Front Plate,,1,,
SANY p371 L10,17-11,131699000084A Front Armor Plate Spring Assembly (p17-10),10,131699000084A010,front spring gasket,,1,,
SANY p371 L11,17-11,131699000084A Front Armor Plate Spring Assembly (p17-10),11,131699000084A011,Rear Plate Spring Center Bolt,,1,,
SANY p371 L12,17-11,131699000084A Front Armor Plate Spring Assembly (p17-10),12,60125991,Nut,,1,,
SANY p371 L13,17-11,131699000084A Front Armor Plate Spring Assembly (p17-10),13,60287326,Bolt Hexagon,,4,,
SANY p371 L14,17-11,131699000084A Front Armor Plate Spring Assembly (p17-10),14,60090803,The Clamp Nut,,4,,
SANY p371 L15,17-11,131699000084A Front Armor Plate Spring Assembly (p17-10),15,131288000099A,Tube,,4,,
SANY p371 L16,17-11,131699000084A Front Armor Plate Spring Assembly (p17-10),16,131699000028B012,Bushing,,2,,
SANY p373 L1,17-13,131402010164A Front two axle assembly,1,60335075,Brake Camshaft,,1,,
SANY p373 L2,17-13,131402010164A Front two axle assembly,2,60335076,Brake Camshaft,,1,,
SANY p373 L3,17-13,131402010164A Front two axle assembly,3,61020937,Seal,,2,,
SANY p373 L4,17-13,131402010164A Front two axle assembly,4,61020938,Quill roller,,4,,
SANY p373 L5,17-13,131402010164A Front two axle assembly,5,60147379,Grease Nozzle,,6,,
SANY p373 L6,17-13,131402010164A Front two axle assembly,6,60335078,Shroud,,4,,
SANY p373 L7,17-13,131402010164A Front two axle assembly,7,60335079,"Bolt, Hexagon Head",,4,,
SANY p373 L8,17-13,131402010164A Front two axle assembly,8,61020939,Cylinder Bracket,,1,,
SANY p373 L9,17-13,131402010164A Front two axle assembly,9,61020940,Cylinder Bracket,,1,,
SANY p373 L10,17-13,131402010164A Front two axle assembly,10,60335082,U Clamp Pin,,2,,
SANY p373 L11,17-13,131402010164A Front two axle assembly,12,60226300,Cap Screw,,4,,
SANY p373 L12,17-13,131402010164A Front two axle assembly,15,131402010031B012,Arm Regulating,,2,,
SANY p373 L13,17-13,131402010164A Front two axle assembly,16,60122635,"Bolt, Hexagon",,2,,
SANY p373 L14,17-13,131402010164A Front two axle assembly,17,60335085,Instruction Sheet,,2,,
SANY p373 L15,17-13,131402010164A Front two axle assembly,18,60335086,Shim,,2,,
SANY p373 L16,17-13,131402010164A Front two axle assembly,19,60335087,Shim,,2,,
SANY p373 L17,17-13,131402010164A Front two axle assembly,20,60335088,Shim,,2,,
SANY p373 L18,17-13,131402010164A Front two axle assembly,23,60110159,Brake Chamber,,1,,
SANY p373 L19,17-13,131402010164A Front two axle assembly,24,60110160,Brake Chamber,,1,,
SANY p373 L20,17-13,131402010164A Front two axle assembly,25,131402010031B001,Washer,,2,,
SANY p373 L21,17-13,131402010164A Front two axle assembly,26,131402010165A001,Prevented dust cap (right),,2,,
SANY p373 L22,17-13,131402010164A Front two axle assembly,27,60335094,Knuckle,,1,,
SANY p373 L23,17-13,131402010164A Front two axle assembly,28,61020942,Knuckle,,1,,
SANY p373 L24,17-13,131402010164A Front two axle assembly,29,131401020607A011,"Plug, Rubber",,4,,
SANY p373 L25,17-13,131402010164A Front two axle assembly,30,60314555,"Bolt, Hexagon",,12,,
SANY p373 L26,17-13,131402010164A Front two axle assembly,31,131402010165A002,Prevented dust cap (left),,2,,
SANY p373 L27,17-13,131402010164A Front two axle assembly,32,60335098,Sealing Plug,,0,,
SANY p373 L28,17-13,131402010164A Front two axle assembly,33,131402010165A003,Brake floor,,2,,
SANY p373 L29,17-13,131402010164A Front two axle assembly,34,60335100,Bolt Hexagon Head,,8,,
SANY p373 L30,17-13,131402010164A Front two axle assembly,35,60226847,"Bolt, Hexagon",,4,,
SANY p373 L31,17-13,131402010164A Front two axle assembly,36,60335101,Pad Plate,,0,,
SANY p373 L32,17-13,131402010164A Front two axle assembly,37,131401020106A074,Bolt Hexagon Head,,0,,
SANY p373 L33,17-13,131402010164A Front two axle assembly,38,131401020135B019,Bolt,,4,,
SANY p373 L34,17-13,131402010164A Front two axle assembly,39,131401020117A014,Grease packing,,0,,
SANY p373 L35,17-13,131402010164A Front two axle assembly,40,60335106,Tapered Roller Bearing,,2,,
SANY p373 L36,17-13,131402010164A Front two axle assembly,41,60335107,Oil Baffle Cover,,2,,
SANY p375 L1,17-15,131402010164A Front two axle assembly,11,60279287,Cotter Pin,,2,,
SANY p375 L2,17-15,131402010164A Front two axle assembly,21,60335089,Washer,,2,,
SANY p375 L3,17-15,131402010164A Front two axle assembly,22,60335090,Ring Retainer Elastic,,2,,
SANY p375 L4,17-15,131402010164A Front two axle assembly,42,61008621,"Bolt, Wheel",,20,,
SANY p375 L5,17-15,131402010164A Front two axle assembly,43,60335109,Front Hub,,2,,
SANY p375 L6,17-15,131402010164A Front two axle assembly,44,60335110,Oil Baffle Cover,,2,,
SANY p375 L7,17-15,131402010164A Front two axle assembly,45,60335111,Tapered Roller Bearing,,2,,
SANY p375 L8,17-15,131402010164A Front two axle assembly,46,60335112,Thrust Washer,,2,,
SANY p375 L9,17-15,131402010164A Front two axle assembly,47,60110175,Brake Drum,,2,,
SANY p375 L10,17-15,131402010164A Front two axle assembly,48,131402020002B008,Wheel Nut,,20,,
SANY p375 L11,17-15,131402010164A Front two axle assembly,49,60335113,Hub Cap,,2,,
SANY p375 L12,17-15,131402010164A Front two axle assembly,50,60335114,"Screw, Inner Hexagon",,2,,
SANY p375 L13,17-15,131402010164A Front two axle assembly,51,60199827,Lock Nut,,2,,
SANY p375 L14,17-15,131402010164A Front two axle assembly,52,60314569,Bolt,,4,,
SANY p375 L15,17-15,131402010164A Front two axle assembly,53,131401020607A007,Return spring,,2,,
SANY p375 L16,17-15,131402010164A Front two axle assembly,54,131402010165A004,Retain spring,,4,,
SANY p375 L17,17-15,131402010164A Front two axle assembly,55,131402010165A005,Return spring pin,,4,,
SANY p375 L18,17-15,131402010164A Front two axle assembly,57,131402010238A005,Pin,,0,,
SANY p375 L19,17-15,131402010164A Front two axle assembly,58,131402010165A006,Brake shoe,,4,,
SANY p375 L20,17-15,131402010164A Front two axle assembly,59,131402010165A007,Roller,,4,,
SANY p375 L21,17-15,131402010164A Front two axle assembly,60,60335120,Sleeve Bushing,,0,,
SANY p375 L22,17-15,131402010164A Front two axle assembly,61,60335121,Washer,,0,,
SANY p375 L23,17-15,131402010164A Front two axle assembly,62,60287375,"Ring, Retainer, Elastic",,0,,
SANY p375 L24,17-15,131402010164A Front two axle assembly,63,60335122,Seal,,0,,
SANY p375 L25,17-15,131402010164A Front two axle assembly,64,60335123,Sleeve Bushing,,0,,
SANY p375 L26,17-15,131402010164A Front two axle assembly,65,131401020607A005,Pin,,4,,
SANY p375 L27,17-15,131402010164A Front two axle assembly,66,131401020134B053,Disc Friction Lower,,4,,
SANY p375 L28,17-15,131402010164A Front two axle assembly,67,60199812,Hollow Rivet,,72,,
SANY p375 L29,17-15,131402010164A Front two axle assembly,68,60335126,Upon brake friction plate,,4,,
SANY p375 L30,17-15,131402010164A Front two axle assembly,69,61020947,Front Axle,,1,,
SANY p375 L31,17-15,131402010164A Front two axle assembly,70,60335128,Steering Cross Rod,,1,,
SANY p375 L32,17-15,131402010164A Front two axle assembly,71,60335129,"Nut, Hexagon Head",,2,,
SANY p375 L33,17-15,131402010164A Front two axle assembly,72,60335130,Pin,,2,,
SANY p375 L34,17-15,131402010164A Front two axle assembly,73,60335131,Hexagon Head Bolts of Fine Teeth,,4,,
SANY p375 L35,17-15,131402010164A Front two axle assembly,74,61020949,Steering Trapezoid Arm,,1,,
SANY p375 L36,17-15,131402010164A Front two axle assembly,75,61020950,Steering Trapezoid Arm,,1,,
SANY p377 L1,17-17,131402010164A Front two axle assembly,13,61024601,Seal,,2,,
SANY p377 L2,17-17,131402010164A Front two axle assembly,14,60335083,Spacer Bushing,,2,,
SANY p377 L3,17-17,131402010164A Front two axle assembly,56,60226370,"Ring, Retainer, Elastic",,8,,
SANY p377 L4,17-17,131402010164A Front two axle assembly,64,60335123,Sleeve Bushing,,0,,
SANY p377 L5,17-17,131402010164A Front two axle assembly,76,60335134,Snap Ring,,4,,
SANY p377 L6,17-17,131402010164A Front two axle assembly,77,60335135,Sealing Plate,,4,,
SANY p377 L7,17-17,131402010164A Front two axle assembly,78,60335137,O-ring,,4,,
SANY p377 L8,17-17,131402010164A Front two axle assembly,79,60335138,Washer,,2,,
SANY p377 L9,17-17,131402010164A Front two axle assembly,80,60335139,Roller Bearing,,2,,
SANY p377 L10,17-17,131402010164A Front two axle assembly,81,60335140,Shaft Seal,,2,,
SANY p377 L11,17-17,131402010164A Front two axle assembly,82,131402010238A003,Push row-steep roller bearing,,2,,
SANY p377 L12,17-17,131402010164A Front two axle assembly,83,61020951,"Bolt, Hexagon",,2,,
SANY p377 L13,17-17,131402010164A Front two axle assembly,84,60287273,"Nut, Hexagon Head",,2,,
SANY p377 L14,17-17,131402010164A Front two axle assembly,87,60335145,Hexagon Head Bolts of Fine Teeth,,2,,
SANY p377 L15,17-17,131402010164A Front two axle assembly,88,61020953,Plug,,2,,
SANY p377 L16,17-17,131402010164A Front two axle assembly,89,60110188,Sensor,,0,,
SANY p377 L17,17-17,131402010164A Front two axle assembly,90,60335146,Knuckle Pin,,2,,
SANY p377 L18,17-17,131402010164A Front two axle assembly,108,60335164,Shaft Seal,,2,,
SANY p377 L19,17-17,131402010164A Front two axle assembly,109,60335165,The Top Bushing,,2,,
SANY p377 L20,17-17,131402010164A Front two axle assembly,110,131401020433B056,Alarm Lamp Harness,,2,,
SANY p377 L21,17-17,131402010164A Front two axle assembly,111,60139106,Washer,,2,,
SANY p377 L22,17-17,131402010164A Front two axle assembly,112,131401020106A062,Bolt Hexagon Head,,2,,
SANY p377 L23,17-17,131402010164A Front two axle assembly,113,131401020433B055,Alarm Lamp Harness,,2,,
SANY p379 L1,17-19,131402010164A Front two axle assembly,85,60335143,Sealing Plug,,2,,
SANY p379 L2,17-19,131402010164A Front two axle assembly,86,131402010238A004,Steering knuckle arm,,1,,
SANY p379 L3,17-19,131402010164A Front two axle assembly,91,60335147,Spacer Adjusting,,2,,
SANY p379 L4,17-19,131402010164A Front two axle assembly,92,60335148,Adjusting washer,,2,,
SANY p379 L5,17-19,131402010164A Front two axle assembly,93,60335149,Adjusting washer,,2,,
SANY p379 L6,17-19,131402010164A Front two axle assembly,94,60335150,Adjusting washer,,2,,
SANY p379 L7,17-19,131402010164A Front two axle assembly,95,60335151,Adjusting washer,,2,,
SANY p379 L8,17-19,131402010164A Front two axle assembly,96,60335152,Adjusting washer,,2,,
SANY p379 L9,17-19,131402010164A Front two axle assembly,97,60335153,Adjusting washer,,2,,
SANY p379 L10,17-19,131402010164A Front two axle assembly,98,60335154,Adjusting washer,,2,,
SANY p379 L11,17-19,131402010164A Front two axle assembly,99,60335155,Adjusting washer,,2,,
SANY p379 L12,17-19,131402010164A Front two axle assembly,100,60335156,Adjusting washer,,2,,
SANY p379 L13,17-19,131402010164A Front two axle assembly,101,60335157,Adjusting washer,,2,,
SANY p379 L14,17-19,131402010164A Front two axle assembly,102,60335158,Adjusting washer,,2,,
SANY p379 L15,17-19,131402010164A Front two axle assembly,103,60335159,Adjusting washer,,2,,
SANY p379 L16,17-19,131402010164A Front two axle assembly,104,60335160,Adjusting washer,,2,,
SANY p379 L17,17-19,131402010164A Front two axle assembly,105,60335161,Adjusting washer,,2,,
SANY p379 L18,17-19,131402010164A Front two axle assembly,106,60335162,Adjusting washer,,2,,
SANY p379 L19,17-19,131402010164A Front two axle assembly,107,60335163,Adjusting washer,,2,,
SANY p381 L1,17-21,QDP005943238 Mounting of Front First Shaft Shock Absorber,1,QDP005633073,Upper support of shock absorber,,2,,
SANY p381 L2,17-21,QDP005943238 Mounting of Front First Shaft Shock Absorber,2,A820403000884,Lower Mounting Bearer,,2,,
SANY p381 L3,17-21,QDP005943238 Mounting of Front First Shaft Shock Absorber,3,A820403000883,Lower Connecting Fork,,2,,
SANY p381 L4,17-21,QDP005943238 Mounting of Front First Shaft Shock Absorber,4,131699000091A,Shock Absorber Assembly,,2,,
SANY p381 L5,17-21,QDP005943238 Mounting of Front First Shaft Shock Absorber,5,A210414000006,"Ring, Retainer",,2,,
SANY p381 L6,17-21,QDP005943238 Mounting of Front First Shaft Shock Absorber,6,A210804000001,Oil Cup,,2,,
SANY p381 L7,17-21,QDP005943238 Mounting of Front First Shaft Shock Absorber,7,120102990036A,Nut,,8,,
SANY p381 L8,17-21,QDP005943238 Mounting of Front First Shaft Shock Absorber,8,A210405000003,Washer,,4,,
SANY p381 L9,17-21,QDP005943238 Mounting of Front First Shaft Shock Absorber,9,A210127000003,Bolt,,2,,
SANY p381 L10,17-21,QDP005943238 Mounting of Front First Shaft Shock Absorber,10,A210355000001,Nut,,2,,
SANY p381 L11,17-21,QDP005943238 Mounting of Front First Shaft Shock Absorber,11,A210491000017,Pin,,4,,
SANY p381 L12,17-21,QDP005943238 Mounting of Front First Shaft Shock Absorber,12,120101060014A,Bolt,,4,,
SANY p381 L13,17-21,QDP005943238 Mounting of Front First Shaft Shock Absorber,13,60205698,Bolt,,2,,
SANY p381 L14,17-21,QDP005943238 Mounting of Front First Shaft Shock Absorber,14,A210313000034,Nut,,2,,
SANY p381 L15,17-21,QDP005943238 Mounting of Front First Shaft Shock Absorber,15,60273800,Bolt,,8,,
SANY p383 L1,17-23,QDP005930120 Mounting of Front Second Shaft Shock Absorber,1,QDP005943489,Upper support of shock absorber,,2,,
SANY p383 L2,17-23,QDP005930120 Mounting of Front Second Shaft Shock Absorber,2,A820403000884,Lower Mounting Bearer,,2,,
SANY p383 L3,17-23,QDP005930120 Mounting of Front Second Shaft Shock Absorber,3,A820403000883,Lower Connecting Fork,,2,,
SANY p383 L4,17-23,QDP005930120 Mounting of Front Second Shaft Shock Absorber,4,131699000091A,Shock Absorber Assembly,,2,,
SANY p383 L5,17-23,QDP005930120 Mounting of Front Second Shaft Shock Absorber,5,A210414000006,"Ring, Retainer",,2,,
SANY p383 L6,17-23,QDP005930120 Mounting of Front Second Shaft Shock Absorber,6,A210804000001,Oil Cup,,2,,
SANY p383 L7,17-23,QDP005930120 Mounting of Front Second Shaft Shock Absorber,7,A210313000034,Nut,,2,,
SANY p383 L8,17-23,QDP005930120 Mounting of Front Second Shaft Shock Absorber,8,A210405000003,Washer,,4,,
SANY p383 L9,17-23,QDP005930120 Mounting of Front Second Shaft Shock Absorber,9,A210127000003,Bolt,,2,,
SANY p383 L10,17-23,QDP005930120 Mounting of Front Second Shaft Shock Absorber,10,A210355000001,Nut,,2,,
SANY p383 L11,17-23,QDP005930120 Mounting of Front Second Shaft Shock Absorber,11,A210491000017,Pin,,4,,
SANY p383 L12,17-23,QDP005930120 Mounting of Front Second Shaft Shock Absorber,12,120101060014A,Bolt,,4,,
SANY p383 L13,17-23,QDP005930120 Mounting of Front Second Shaft Shock Absorber,13,60265748,Bolt,,8,,
SANY p383 L14,17-23,QDP005930120 Mounting of Front Second Shaft Shock Absorber,14,120102990036A,Nut,,8,,
SANY p383 L15,17-23,QDP005930120 Mounting of Front Second Shaft Shock Absorber,15,60205698,Bolt,,2,,
SANY p387 L1,18-3,QDP005067789 Second Axle Footboard Assembly,1,QDP005918995,Second Bridge Pedal Support,,1,18-4,
SANY p387 L2,18-3,QDP005067789 Second Axle Footboard Assembly,2,60265748,Bolt,,3,,
SANY p387 L3,18-3,QDP005067789 Second Axle Footboard Assembly,3,120102990036A,Nut,,3,,
SANY p389 L1,18-5,QDP005918995 Second Bridge Pedal Support,1,QDP004812008,Connection Plate,,1,,
SANY p389 L2,18-5,QDP005918995 Second Bridge Pedal Support,2,QDP006143762,Reinforced Stiffener,,2,,
SANY p389 L3,18-5,QDP005918995 Second Bridge Pedal Support,3,QDP006143700,Second Bridge Pedal Pole,,1,,
SANY p389 L4,18-5,QDP005918995 Second Bridge Pedal Support,4,QDP005828998,Short Reinforcement Plate,,2,,
SANY p389 L5,18-5,QDP005918995 Second Bridge Pedal Support,5,QDP005828981,Long Reinforcement Plate,,2,,
SANY p389 L6,18-5,QDP005918995 Second Bridge Pedal Support,6,QDP005918997,Steel Tube of Lower Stair,,1,,
SANY p389 L7,18-5,QDP005918995 Second Bridge Pedal Support,7,QDP005828970,Lower Stair,,1,,
SANY p389 L8,18-5,QDP005918995 Second Bridge Pedal Support,8,QDP005918996,Big Pedal,,1,,
SANY p393 L1,19-3,QDP005591592 Tip mechanism of cab,1,60354727,Suction Oil Pipe of Motor Pump,,1,,
SANY p393 L2,19-3,QDP005591592 Tip mechanism of cab,2,60354728,Pressure Oil Pipe of Motor Pump,,1,,
SANY p393 L3,19-3,QDP005591592 Tip mechanism of cab,3,60212907,Hydraulic Lock,,2,,
SANY p393 L4,19-3,QDP005591592 Tip mechanism of cab,4,60078169,Nut,,8,,
SANY p393 L5,19-3,QDP005591592 Tip mechanism of cab,5,A229900004205,Double Tube Clamps Lower Support,,20,,
SANY p393 L6,19-3,QDP005591592 Tip mechanism of cab,6,60265720,Bolt,,3,,
SANY p393 L7,19-3,QDP005591592 Tip mechanism of cab,7,QDP005196100,Three Way Joint,,1,,
SANY p393 L8,19-3,QDP005591592 Tip mechanism of cab,8,A210431000005,Washer,,1,,
SANY p393 L9,19-3,QDP005591592 Tip mechanism of cab,9,A210334000015,Nut,,1,,
SANY p393 L10,19-3,QDP005591592 Tip mechanism of cab,10,60139686,Bolt,,2,,
SANY p393 L11,19-3,QDP005591592 Tip mechanism of cab,11,13078498,Cab Reverse Operation Warning Board,,1,,
SANY p393 L12,19-3,QDP005591592 Tip mechanism of cab,12,60213186,Opening Plunger Pump,,1,,
SANY p393 L13,19-3,QDP005591592 Tip mechanism of cab,13,60241448,Bolt,,4,,
SANY p393 L14,19-3,QDP005591592 Tip mechanism of cab,14,60212900,Lifting Controller,,1,,
SANY p393 L15,19-3,QDP005591592 Tip mechanism of cab,15,60213185,Electric Opening Plunger Pump,,1,,
SANY p393 L16,19-3,QDP005591592 Tip mechanism of cab,16,60265717,Bolt,,2,,
SANY p393 L17,19-3,QDP005591592 Tip mechanism of cab,17,60144883,Nut,,5,,
SANY p393 L18,19-3,QDP005591592 Tip mechanism of cab,18,60265748,Bolt,,5,,
SANY p393 L19,19-3,QDP005591592 Tip mechanism of cab,19,QDP005586072,cylinder bracket,,1,,
SANY p393 L20,19-3,QDP005591592 Tip mechanism of cab,20,61006543,Turnover Cylinder,,1,,
SANY p393 L21,19-3,QDP005591592 Tip mechanism of cab,21,A210405000003,Washer,,2,,
SANY p393 L22,19-3,QDP005591592 Tip mechanism of cab,22,A210313000034,Nut,,2,,
SANY p393 L23,19-3,QDP005591592 Tip mechanism of cab,23,A210405000008,Washer,,1,,
SANY p393 L24,19-3,QDP005591592 Tip mechanism of cab,24,13175795,Oil Cylinder Pin Shaft,,1,,
SANY p393 L25,19-3,QDP005591592 Tip mechanism of cab,25,A210491000020,Pin,,2,,
SANY p393 L26,19-3,QDP005591592 Tip mechanism of cab,26,60212901,Left and Right Hydraulic Lock Oil Line Connected to the Oil Pipe,,2,,
SANY p393 L27,19-3,QDP005591592 Tip mechanism of cab,27,60212902,Connecting Oil Pipe of Hydraulic Lock,,1,,
SANY p393 L28,19-3,QDP005591592 Tip mechanism of cab,28,130999000025A,Connecting Oil Pipe B of Hydraulic Cylinder,,1,,
SANY p393 L29,19-3,QDP005591592 Tip mechanism of cab,29,60212903,Connecting Oil Pipe of Hydraulic Cylinder,,1,,
SANY p393 L30,19-3,QDP005591592 Tip mechanism of cab,30,60212904,Connecting Oil Pipe of Hydraulic Cylinder,,1,,
SANY p393 L31,19-3,QDP005591592 Tip mechanism of cab,31,60265722,Bolt,,3,,
SANY p397 L1,20-3,QDP007159674 Front splashboard assembly,1,61003891,Nut,,4,,
SANY p397 L2,20-3,QDP007159674 Front splashboard assembly,2,A210404000003,Washer,,4,,
SANY p397 L3,20-3,QDP007159674 Front splashboard assembly,3,60078169,Nut,,12,,
SANY p397 L4,20-3,QDP007159674 Front splashboard assembly,4,14259076,Right Front Wheel Rear Dashboard with Anti-splash Assembly,,1,,
SANY p397 L5,20-3,QDP007159674 Front splashboard assembly,5,QDP005591587,Right dashboard support,,1,,
SANY p397 L6,20-3,QDP007159674 Front splashboard assembly,6,10710823,Gland,,2,,
SANY p397 L7,20-3,QDP007159674 Front splashboard assembly,7,60273800,Bolt,,4,,
SANY p397 L8,20-3,QDP007159674 Front splashboard assembly,8,60255502,Dashboard Fixed Seat,,4,,
SANY p397 L9,20-3,QDP007159674 Front splashboard assembly,9,60265718,Bolt,,12,,
SANY p397 L10,20-3,QDP007159674 Front splashboard assembly,10,60144883,Nut,,12,,
SANY p397 L11,20-3,QDP007159674 Front splashboard assembly,11,A210111000024,Bolt,,4,,
SANY p397 L12,20-3,QDP007159674 Front splashboard assembly,12,13275025,Front Wheel Dashboard Left Central Support Assembly,,2,,
SANY p397 L13,20-3,QDP007159674 Front splashboard assembly,13,QDP005586048,Bracket Block in Dashboard Central Support,,4,,
SANY p397 L14,20-3,QDP007159674 Front splashboard assembly,14,60265717,Bolt,,12,,
SANY p397 L15,20-3,QDP007159674 Front splashboard assembly,15,60265748,Bolt,,8,,
SANY p397 L16,20-3,QDP007159674 Front splashboard assembly,16,14259075,Left Front Wheel Rear Dashboard with Anti-splash Assembly,,1,,
SANY p397 L17,20-3,QDP007159674 Front splashboard assembly,17,11821851,Seft-locking Reed,,6,,
SANY p397 L18,20-3,QDP007159674 Front splashboard assembly,18,13057252,Left Wheel Hood Front Fender,,1,,
SANY p397 L19,20-3,QDP007159674 Front splashboard assembly,19,13057289,Right Wheel Hood Front Fender,,1,,
SANY p401 L1,21-3,QDP007025332 Air intake device,1,130907000315A,Air Filter Connecting Base,,1,,
SANY p401 L2,21-3,QDP007025332 Air intake device,2,A210404000005,Washer,,4,,
SANY p401 L3,21-3,QDP007025332 Air intake device,4,13987177,Air Filter Strap,,2,,
SANY p401 L4,21-3,QDP007025332 Air intake device,5,60144895,Bolt,,4,,
SANY p401 L5,21-3,QDP007025332 Air intake device,6,160602010088A,Air Filter,,1,21-6,
SANY p401 L6,21-3,QDP007025332 Air intake device,7,61003891,Nut,,8,,
SANY p401 L7,21-3,QDP007025332 Air intake device,8,QDP006312805,Air filter air-outlet rubber pipe,,1,,
SANY p401 L8,21-3,QDP007025332 Air intake device,9,A820206013015,Inline Steel Pipe of Air Filter Hose,,1,,
SANY p401 L9,21-3,QDP007025332 Air intake device,10,12358605,Air Filter Outlet Hose,,1,,
SANY p401 L10,21-3,QDP007025332 Air intake device,13,QDP007271238,Inter-Cooler Intake Hose 1,,1,,
SANY p401 L11,21-3,QDP007025332 Air intake device,16,A229900003898,T-type Clamp,,9,,
SANY p401 L12,21-3,QDP007025332 Air intake device,17,B229900001059,"Clamp, T-type",,2,,
SANY p401 L13,21-3,QDP007025332 Air intake device,18,A229900003310,Hose Clamp,,1,,
SANY p403 L1,21-5,QDP007025332 Air intake device,3,60078169,Nut,,7,,
SANY p403 L2,21-5,QDP007025332 Air intake device,7,61003891,Nut,,8,,
SANY p403 L3,21-5,QDP007025332 Air intake device,11,A820606030928,Intercooler Hose,,2,,
SANY p403 L4,21-5,QDP007025332 Air intake device,12,QDP007025330,Inter-Cooler Inlet Steel Tube,,1,,
SANY p403 L5,21-5,QDP007025332 Air intake device,14,QDP005738394,Steel Pipe Bracket,,1,,
SANY p403 L6,21-5,QDP007025332 Air intake device,15,60265717,Bolt,,3,,
SANY p403 L7,21-5,QDP007025332 Air intake device,16,A229900003898,T-type Clamp,,9,,
SANY p403 L8,21-5,QDP007025332 Air intake device,19,12845821,Air Steel Pipe of Intercooler Assembly,,1,21-10,
SANY p403 L9,21-5,QDP007025332 Air intake device,20,A820607000222,Air Intake Flange Sealing Paper Pad,,1,,
SANY p403 L10,21-5,QDP007025332 Air intake device,21,A810102072177,Engine Outlet Pipe Flange,,1,21-12,
SANY p403 L11,21-5,QDP007025332 Air intake device,22,QDP006311937,Inter-Cooler Outlet Steel Tube,,1,,
SANY p403 L12,21-5,QDP007025332 Air intake device,23,QDP007025331,Intercooler hose,,1,,
SANY p403 L13,21-5,QDP007025332 Air intake device,24,60265735,Bolt,,4,,
SANY p405 L1,21-7,160602010088A Air Filter,1,160602010092A001,Master Filter and safety filter Component,,1,21-8,
SANY p405 L2,21-7,160602010088A Air Filter,2,160602010092A002,Rear cover sub-assenbly,,1,,
SANY p407 L1,21-9,160602010092A001 Master Filter and safety filter Component,1,160602020042A,Air Filter Primary Filter Element,,1,,
SANY p407 L2,21-9,160602010092A001 Master Filter and safety filter Component,2,160602030029A,Air Filter Safety Filter Element,,1,,
SANY p409 L1,21-11,12845821 Air Steel Pipe of Intercooler Assembly,1,12845816,Steel Tube Support of Intercooler,,1,,
SANY p409 L2,21-11,12845821 Air Steel Pipe of Intercooler Assembly,2,12845817,Reinforced Bar,,1,,
SANY p411 L1,21-13,A810102072177 Engine Outlet Pipe Flange,1,A820206021328,Air inlet tube elbow of engine,,1,,
SANY p411 L2,21-13,A810102072177 Engine Outlet Pipe Flange,2,A820202005054,Flange,,1,,
SANY p415 L1,22-3,QDP007098407 power module,1,60248016,Engine,,1,22-4,
SANY p415 L2,22-3,QDP007098407 power module,2,130699000065A,"Driven Disc Assembly, Clutch",,1,,
SANY p415 L3,22-3,QDP007098407 power module,3,61005716,Clutch Release Bearing,,1,,
SANY p415 L4,22-3,QDP007098407 power module,4,60007328,Clutch Pressure Disc Assembly,,1,,
SANY p415 L5,22-3,QDP007098407 power module,5,60351631,transmission and power take-off,,1,22-12,
SANY p415 L6,22-3,QDP007098407 power module,6,61019283,Clutch Booster,,1,,
SANY p415 L7,22-3,QDP007098407 power module,7,A210401000001,Washer,,24,,
SANY p415 L8,22-3,QDP007098407 power module,8,A210111000297,Bolt,,12,,
SANY p415 L9,22-3,QDP007098407 power module,9,21001328,Washer,,12,,
SANY p415 L10,22-3,QDP007098407 power module,10,A210111000026,Bolt,,12,,
SANY p415 L11,22-3,QDP007098407 power module,11,60265719,Bolt,,4,,
SANY p417 L1,22-5,60248016 Engine,1,168899000990A,Cylinder Head Assembly,,1,,
SANY p417 L2,22-5,60248016 Engine,2,168899000991A,Cylinder Head Parts,,1,,
SANY p417 L3,22-5,60248016 Engine,3,168899000992A,CYL Head,,1,,
SANY p417 L4,22-5,60248016 Engine,4,168899000809A,Fuel Valve Seat,,6,,
SANY p417 L5,22-5,60248016 Engine,5,168899000810A,Intake Valve Seat,,12,,
SANY p417 L6,22-5,60248016 Engine,6,168899000811A,Exhaust Valve Seat,,12,,
SANY p417 L7,22-5,60248016 Engine,7,168899000812A,Valve Guide Intake Repair Std Bushing,,24,,
SANY p417 L8,22-5,60248016 Engine,8,60251534,Air cylinder cover washer,,1,,
SANY p417 L9,22-5,60248016 Engine,9,60251533,Assembly Parts for Cylinder Head Lower Housing,,1,,
SANY p417 L10,22-5,60248016 Engine,10,168899000813A,Cylinder Head Lower Housing,,1,,
SANY p417 L11,22-5,60248016 Engine,11,168899000814A,Housing Bolt Spacer Component,,15,,
SANY p417 L12,22-5,60248016 Engine,12,168899000993A,Cylinder Block Assembly,,1,,
SANY p417 L13,22-5,60248016 Engine,13,168899000995A,Cylinder Block Assembly Parts,,1,,
SANY p417 L14,22-5,60248016 Engine,14,168899000996A,Cylinder Block,,1,,
SANY p417 L15,22-5,60248016 Engine,15,168899000863A,Oil Cooling Valve,,6,,
SANY p417 L16,22-5,60248016 Engine,16,168899000864A,Main Bearing Cover Assembly,,1,,
SANY p417 L17,22-5,60248016 Engine,17,168899000818A,Cyl Liner,,6,,
SANY p417 L18,22-5,60248016 Engine,18,60155287,LINER_CYL_S/S,,6,,
SANY p417 L19,22-5,60248016 Engine,19,60155288,Cylinder Liner,,6,,
SANY p417 L20,22-5,60248016 Engine,20,60155289,LINER_CYL_S/S,,6,,
SANY p417 L21,22-5,60248016 Engine,21,60317486,Piston Nozzle Unit,,6,,
SANY p417 L22,22-5,60248016 Engine,22,A220400000574,Oil Pressure Valve Components,,1,,
SANY p417 L23,22-5,60248016 Engine,23,168899000819A,Rearing Set,,1,,
SANY p417 L24,22-5,60248016 Engine,24,60251538,Crankshaft Thrust Plate,,1,,
SANY p417 L25,22-5,60248016 Engine,25,168899000997A,Crankshaft Thrust Blade,,4,,
SANY p417 L26,22-5,60248016 Engine,26,168899000998A,Piston Ring Set,,1,,
SANY p417 L27,22-5,60248016 Engine,27,168899000824A,First Air Ring,,12,,
SANY p417 L28,22-5,60248016 Engine,28,168899000825A,Second Air Ring,,12,,
SANY p417 L29,22-5,60248016 Engine,29,168899000826A,Third Air Ring,,12,,
SANY p417 L30,22-5,60248016 Engine,30,168899000865A,Oil Std Ring,,12,,
SANY p417 L31,22-5,60248016 Engine,31,168899000999A,Piston and Piston Rring Assembly,,6,,
SANY p417 L32,22-5,60248016 Engine,32,168899001000A,Piston,,6,,
SANY p417 L33,22-5,60248016 Engine,33,168899000823A,Piston Rring Components,,6,,
SANY p417 L34,22-5,60248016 Engine,34,60186746,Piston Pin,,6,,
SANY p417 L35,22-5,60248016 Engine,35,60271572,Piston Pin Clasp,,12,,
SANY p417 L36,22-5,60248016 Engine,36,168899000827A,Rod Assembly,,6,,
SANY p417 L37,22-5,60248016 Engine,37,60332847,Connecting Rod Bush,,6,,
SANY p417 L38,22-5,60248016 Engine,38,60031006,Connecting Rod Bearing Bush Assembly,,1,,
SANY p417 L39,22-5,60248016 Engine,39,60260876,Crankshaft Assembly Parts,,1,,
SANY p417 L40,22-5,60248016 Engine,40,168899001001A,Crankshaft,,1,,
SANY p419 L1,22-7,60248016 Engine,41,60251539,Crankshaft Pulley Assembly Parts,,1,,
SANY p419 L2,22-7,60248016 Engine,42,A229900007038,Crankshaft Shock Absorber Assembly,,1,,
SANY p419 L3,22-7,60248016 Engine,43,60251540,Camshaft Assembly Parts,,1,,
SANY p419 L4,22-7,60248016 Engine,44,168899001002A,Camshaft,,1,,
SANY p419 L5,22-7,60248016 Engine,45,60014918,The Flywheel Components,,1,,
SANY p419 L6,22-7,60248016 Engine,46,168899000830A,Flywheel,,1,,
SANY p419 L7,22-7,60248016 Engine,47,168899000831A,Flywheel Ring Gear,,1,,
SANY p419 L8,22-7,60248016 Engine,48,168899000832A,Flywheel Bolt,,9,,
SANY p419 L9,22-7,60248016 Engine,49,A221500000286,Ball Bearing,,1,,
SANY p419 L10,22-7,60248016 Engine,50,168899000833A,PTO Flywheel Housing Assembly Parts,,1,,
SANY p419 L11,22-7,60248016 Engine,51,168899000834A,PTO Flywheel Housing,,1,,
SANY p419 L12,22-7,60248016 Engine,52,168899001003A,Ball Bearing,,3,,
SANY p419 L13,22-7,60248016 Engine,53,168899001004A,Ball Bearing,,1,,
SANY p419 L14,22-7,60248016 Engine,54,168899000835A,Oil Seal,,1,,
SANY p419 L15,22-7,60248016 Engine,55,168899000836A,Oil Seal,,1,,
SANY p419 L16,22-7,60248016 Engine,56,168899000837A,Pan Oil,,1,,
SANY p419 L17,22-7,60248016 Engine,57,60013165,Oil Pan Gastet,,1,,
SANY p419 L18,22-7,60248016 Engine,58,168899000630A,Plug,,1,,
SANY p419 L19,22-7,60248016 Engine,59,168899000629A,Gasket,,1,,
SANY p419 L20,22-7,60248016 Engine,60,168899000838A,Oil Absorption Plate,,1,,
SANY p419 L21,22-7,60248016 Engine,61,168899000839A,Oil Stnr Screen,,1,,
SANY p419 L22,22-7,60248016 Engine,62,60155285,Pump Assy-oill Stnr,,1,,
SANY p419 L23,22-7,60248016 Engine,63,168899000840A,Intake Std Valve,,12,,
SANY p419 L24,22-7,60248016 Engine,64,168899000841A,Intake Exh Valve,,12,,
SANY p419 L25,22-7,60248016 Engine,65,168899000842A,Crosshead Assembly,,12,,
SANY p419 L26,22-7,60248016 Engine,66,168899000843A,Valve Spring Assembly,,24,,
SANY p419 L27,22-7,60248016 Engine,67,60260867,Outer Valve Spring,,24,,
SANY p419 L28,22-7,60248016 Engine,68,60260868,Inner Valve Spring,,24,,
SANY p419 L29,22-7,60248016 Engine,69,60260866,Upper Seat of Air Valve Spring,,24,,
SANY p419 L30,22-7,60248016 Engine,70,60260865,Lower Seat of Air Valve Spring,,24,,
SANY p419 L31,22-7,60248016 Engine,71,168899000844A,Valve Spg Retainer Lock,,48,,
SANY p419 L32,22-7,60248016 Engine,72,60260869,Valve Rocker Arm Components,,1,,
SANY p419 L33,22-7,60248016 Engine,73,60155291,Inlet Valve Rocker Arm,,6,,
SANY p419 L34,22-7,60248016 Engine,74,168899000845A,Inlet Valve Rocker Arm,,6,,
SANY p419 L35,22-7,60248016 Engine,75,60155294,Inlet Valve Rocker Arm,,6,,
SANY p419 L36,22-7,60248016 Engine,76,168899000886A,Inlet Valve Rocker Arm,,6,,
SANY p419 L37,22-7,60248016 Engine,77,60260870,Inlet Valve Rocker Arm Shaft Component,,1,,
SANY p419 L38,22-7,60248016 Engine,78,60144812,Oil Gear Unit,,1,,
SANY p419 L39,22-7,60248016 Engine,79,60251535,the Welded Part of the Dipstick Pipe,,1,,
SANY p419 L40,22-7,60248016 Engine,80,168899001005A,Intake Manifold,,1,,
SANY p421 L1,22-9,60248016 Engine,81,168899001006A,Intake Manifold Washer,,1,,
SANY p421 L2,22-9,60248016 Engine,82,168899000645A,Soft Washer,,14,,
SANY p421 L3,22-9,60248016 Engine,83,168899000590A,Spacer,,22,,
SANY p421 L4,22-9,60248016 Engine,84,168899000892A,Exhaust Manifold Heat Shield,,1,,
SANY p421 L5,22-9,60248016 Engine,85,168899000893A,Oil Cooling Filter Components,,1,,
SANY p421 L6,22-9,60248016 Engine,86,168899000894A,Machine Oil Filter Element,,1,,
SANY p421 L7,22-9,60248016 Engine,87,168899000649A,Soft Washer,,21,,
SANY p421 L8,22-9,60248016 Engine,88,60069652,Washer,,8,,
SANY p421 L9,22-9,60248016 Engine,89,168899000898A,Nozzle Holder Clamp,,6,,
SANY p421 L10,22-9,60248016 Engine,90,60207392,Filter Assy Fuel,,1,,
SANY p421 L11,22-9,60248016 Engine,91,60287266,Element et Fuel Filter,,1,,
SANY p421 L12,22-9,60248016 Engine,92,60207400,Tubing Intake Unit,,1,,
SANY p421 L13,22-9,60248016 Engine,93,60207397,Tubing Intake Unit,,1,,
SANY p421 L14,22-9,60248016 Engine,94,168899000901A,Injector Return Pipe Welded Parts,,1,,
SANY p421 L15,22-9,60248016 Engine,95,168899001007A,Water Pump Assembly,,2,,
SANY p421 L16,22-9,60248016 Engine,96,60011711,Water Pump Pulley,,1,,
SANY p421 L17,22-9,60248016 Engine,97,168899001009A,Water Pump Assembly,,1,,
SANY p421 L18,22-9,60248016 Engine,98,A229900007018,Thermostat,,1,,
SANY p421 L19,22-9,60248016 Engine,99,60339491,Silicone Oil Fan Clutch Assembly,,1,,
SANY p421 L20,22-9,60248016 Engine,100,60188041,Wind Scooper ComponentS,,1,,
SANY p421 L21,22-9,60248016 Engine,101,168899000869A,Flywheel Housing Support,,1,,
SANY p421 L22,22-9,60248016 Engine,102,168899000870A,Flywheel Housing Support,,1,,
SANY p421 L23,22-9,60248016 Engine,103,168899000687A,Water Temperature Sensor,,1,,
SANY p421 L24,22-9,60248016 Engine,104,168899000686A,Soft Washer,,1,,
SANY p421 L25,22-9,60248016 Engine,105,168899000871A,Oil Pressure Alarm Switch,,1,,
SANY p421 L26,22-9,60248016 Engine,106,168899000683A,Speed Sensor,,1,,
SANY p421 L27,22-9,60248016 Engine,107,60282425,Fuel Temperature Sensor,,1,,
SANY p421 L28,22-9,60248016 Engine,108,168899000681A,Boost Pressure Sensor,,1,,
SANY p421 L29,22-9,60248016 Engine,109,168899000875A,Starter Assembly,,1,,
SANY p421 L30,22-9,60248016 Engine,110,B221000000096,Alternator,,1,,
SANY p421 L31,22-9,60248016 Engine,111,60060096,Generator Belt Set,,1,,
SANY p421 L32,22-9,60248016 Engine,112,168899000907A,V Belt,,2,,
SANY p421 L33,22-9,60248016 Engine,113,60069654,Engine Fan Belt Set,,1,,
SANY p421 L34,22-9,60248016 Engine,114,60072722,V Belt,,2,,
SANY p421 L35,22-9,60248016 Engine,115,168899000891A,Intake Manifold Washer,,4,,
SANY p421 L36,22-9,60248016 Engine,116,168899000578A,Fuel Pipe Cover Parts,,1,,
SANY p421 L37,22-9,60248016 Engine,117,168899000879A,Engine Wiring Harness Components,,1,,
SANY p421 L38,22-9,60248016 Engine,118,168899000880A,Engine Wire,,1,,
SANY p421 L39,22-9,60248016 Engine,119,168899000881A,Engine Grounding Wire,,1,,
SANY p421 L40,22-9,60248016 Engine,120,60287261,Air Compression Pump Assembly,,1,,
SANY p423 L1,22-11,60248016 Engine,121,168899000669A,Collar,,1,,
SANY p423 L2,22-11,60248016 Engine,122,60070549,Turbocharger Assembly,,1,,
SANY p423 L3,22-11,60248016 Engine,123,60207386,Gasket Sub Assy,,1,,
SANY p423 L4,22-11,60248016 Engine,124,168899000846A,Exhaust Nozzle,,1,,
SANY p423 L5,22-11,60248016 Engine,125,60207387,Exhaust Nozzle Washer,,1,,
SANY p423 L6,22-11,60248016 Engine,126,168899000804A,Idle Speed Control Mechanism,,1,,
SANY p423 L7,22-11,60248016 Engine,127,168899000850A,Accumulator Relay,,1,,
SANY p423 L8,22-11,60248016 Engine,128,168899000908A,ECU Components,,1,,
SANY p423 L9,22-11,60248016 Engine,129,168899000909A,ECU,,1,,
SANY p423 L10,22-11,60248016 Engine,130,168899000852A,Bypass Oil Filter Element,,1,,
SANY p423 L11,22-11,60248016 Engine,131,168899000851A,Bypass Oil Filter Element,,1,,
SANY p423 L12,22-11,60248016 Engine,132,168899000853A,Safety Relay,,1,,
SANY p423 L13,22-11,60248016 Engine,133,B229900002723,Accelerator Pedal,,1,,
SANY p423 L14,22-11,60248016 Engine,134,60262611,Electronic Throttle,,1,,
SANY p425 L1,22-13,60351631 transmission and power take-off,1,130201000040A104,Hexagon Bolt & Spring Washer Assembly,,14,,
SANY p425 L2,22-13,60351631 transmission and power take-off,2,130201000051A003,Bearing Cover,,1,,
SANY p425 L3,22-13,60351631 transmission and power take-off,3,130288000734A,"Seal, Oil",,1,,
SANY p425 L4,22-13,60351631 transmission and power take-off,4,60075242,"Bearing Cap, 1st Shaft,Gasket Bearing",,1,,
SANY p425 L5,22-13,60351631 transmission and power take-off,5,61032214,"Fork, Shift",,1,,
SANY p425 L6,22-13,60351631 transmission and power take-off,6,61009655,Bearing,,1,,
SANY p425 L7,22-13,60351631 transmission and power take-off,7,60139091,Washer,,4,,
SANY p425 L8,22-13,60351631 transmission and power take-off,8,130201000070B004,Screw,,2,,
SANY p425 L9,22-13,60351631 transmission and power take-off,9,60164813,Gasket,,1,,
SANY p425 L10,22-13,60351631 transmission and power take-off,10,60256058,Hexagon Bolt & Spring Washer Assembly,,2,,
SANY p425 L11,22-13,60351631 transmission and power take-off,11,130201000040A105,Hexagon Bolt & Spring Washer Assembly,,3,,
SANY p425 L12,22-13,60351631 transmission and power take-off,12,60107037,Washer,,6,,
SANY p425 L13,22-13,60351631 transmission and power take-off,13,60104370,Stud,,6,,
SANY p425 L14,22-13,60351631 transmission and power take-off,14,60164853,"Fork, Shift",,1,,
SANY p425 L15,22-13,60351631 transmission and power take-off,15,60075238,Gasket Clutch Housing,,1,,
SANY p425 L16,22-13,60351631 transmission and power take-off,16,130201000101B011,gearbox housing,,1,,
SANY p425 L17,22-13,60351631 transmission and power take-off,17,60287273,"Nut, Hexagon Head",,2,,
SANY p425 L18,22-13,60351631 transmission and power take-off,18,60122651,Stud,,2,,
SANY p425 L19,22-13,60351631 transmission and power take-off,19,60129208,O-Ring Seal,,3,,
SANY p425 L20,22-13,60351631 transmission and power take-off,20,130201000058A012,Oil Plugging and Magnet Assembly,,2,,
SANY p425 L21,22-13,60351631 transmission and power take-off,21,60170931,Cap Clutch,,1,,
SANY p425 L22,22-13,60351631 transmission and power take-off,22,130201000051A004,Hexagon Bolt & Spring Washer Assembly,,4,,
SANY p427 L1,22-15,60351631 transmission and power take-off,23,60146761,1st Shaft Gear,,2,,
SANY p427 L2,22-15,60351631 transmission and power take-off,24,60075212,"Ring, Snap",,6,,
SANY p427 L3,22-15,60351631 transmission and power take-off,25,61009385,Synchronization Assembly,,2,,
SANY p427 L4,22-15,60351631 transmission and power take-off,26,60075133,Spline Spacer Shaft,,4,,
SANY p427 L5,22-15,60351631 transmission and power take-off,27,60146757,"Overspeed Gear, 2nd Shaft",,1,,
SANY p427 L6,22-15,60351631 transmission and power take-off,28,60075083,Spacer Shaft,,2,,
SANY p427 L7,22-15,60351631 transmission and power take-off,29,60146758,"2nd Gear, 2nd Shaft",,1,,
SANY p427 L8,22-15,60351631 transmission and power take-off,30,60146759,"1st Gear, 2nd Shaft",,1,,
SANY p427 L9,22-15,60351631 transmission and power take-off,31,60075085,Gear Low Range Shaft,,1,,
SANY p427 L10,22-15,60351631 transmission and power take-off,32,60075120,Low Gear Sleeve,,1,,
SANY p427 L11,22-15,60351631 transmission and power take-off,33,60075084,Reverse Gear Shaft,,1,,
SANY p427 L12,22-15,60351631 transmission and power take-off,34,60075135,"Spacer, Reverse Gear, 2nd Shaft",,1,,
SANY p427 L13,22-15,60351631 transmission and power take-off,35,130201000101B003,Dos ejes,,1,,
SANY p427 L14,22-15,60351631 transmission and power take-off,36,60075136,Key,,1,,
SANY p427 L15,22-15,60351631 transmission and power take-off,37,60075201,"Washer, Main Shaft Gear",,1,,
SANY p427 L16,22-15,60351631 transmission and power take-off,38,60075117,Reverse Gear Clasp,,1,,
SANY p429 L1,22-17,60351631 transmission and power take-off,39,130201000061A129,Precoated hexagon head bolts,,4,,
SANY p429 L2,22-17,60351631 transmission and power take-off,40,60075194,"Bearing Baffle Plate, Intermediate Shaft",,2,,
SANY p429 L3,22-17,60351631 transmission and power take-off,41,60122626,"Cylinderical Pin, Elastic",,4,,
SANY p429 L4,22-17,60351631 transmission and power take-off,42,60104311,single row angular contact ball bearing,,2,,
SANY p429 L5,22-17,60351631 transmission and power take-off,43,60075214,"Ring, Snap",,2,,
SANY p429 L6,22-17,60351631 transmission and power take-off,44,60075215,"Shaft, Middle, Ring, Snap",,2,,
SANY p429 L7,22-17,60351631 transmission and power take-off,45,60146763,"Gear, Intermediate Shaft",,2,,
SANY p429 L8,22-17,60351631 transmission and power take-off,46,60075149,"Bushing, Spacer",,2,,
SANY p429 L9,22-17,60351631 transmission and power take-off,47,60146762,"Overdrive Gear, Intermediate Shaft",,2,,
SANY p429 L10,22-17,60351631 transmission and power take-off,48,60146764,Intermediate Shaft Second Gear,,2,,
SANY p429 L11,22-17,60351631 transmission and power take-off,49,60146765,Intermediate Shaft First Gear,,2,,
SANY p429 L12,22-17,60351631 transmission and power take-off,50,60075193,"4-key, Intermediate Shaft",,2,,
SANY p429 L13,22-17,60351631 transmission and power take-off,51,60075102,"Key, Woodruff",,2,,
SANY p429 L14,22-17,60351631 transmission and power take-off,52,60075192,Middle Shaft,,2,,
SANY p429 L15,22-17,60351631 transmission and power take-off,53,60104316,Bearing,,2,,
SANY p429 L16,22-17,60351631 transmission and power take-off,54,60075208,"Ring, Snap",,2,,
SANY p431 L1,22-19,60351631 transmission and power take-off,23,60146761,1st Shaft Gear,,2,,
SANY p431 L2,22-19,60351631 transmission and power take-off,55,60075200,"Ring, Retainer, Elastic",,1,,
SANY p431 L3,22-19,60351631 transmission and power take-off,56,60075256,"Ring, Snap",,3,,
SANY p431 L4,22-19,60351631 transmission and power take-off,57,60104310,Bearing,,1,,
SANY p431 L5,22-19,60351631 transmission and power take-off,58,60104336,"Spacer, Gear",,1,,
SANY p431 L6,22-19,60351631 transmission and power take-off,59,60075210,Ring Snap,,1,,
SANY p431 L7,22-19,60351631 transmission and power take-off,60,130201000051A016,Shaft,,1,,
SANY p431 L8,22-19,60351631 transmission and power take-off,61,61009657,Cage Assembly Bearing,,1,,
SANY p433 L1,22-21,60351631 transmission and power take-off,62,60075253,Washer,,2,,
SANY p433 L2,22-21,60351631 transmission and power take-off,63,60075252,"Washer, Thrust",,2,,
SANY p433 L3,22-21,60351631 transmission and power take-off,64,60104314,Needle Bearing,,2,,
SANY p433 L4,22-21,60351631 transmission and power take-off,65,60075082,Reverse Idler Gear,,2,,
SANY p433 L5,22-21,60351631 transmission and power take-off,66,60075248,Washer,,2,,
SANY p433 L6,22-21,60351631 transmission and power take-off,67,60075118,Intermediate Shaft,,2,,
SANY p433 L7,22-21,60351631 transmission and power take-off,68,60122648,Screw,,2,,
SANY p435 L1,22-23,60351631 transmission and power take-off,69,60256102,Upper Cover,,1,,
SANY p435 L2,22-23,60351631 transmission and power take-off,70,60104366,Gasket,,1,,
SANY p435 L3,22-23,60351631 transmission and power take-off,71,130201000081B043,pre-coated hexagon bolt and spring washer assembly,,2,,
SANY p435 L4,22-23,60351631 transmission and power take-off,72,60129182,Oil Plug,,1,,
SANY p435 L5,22-23,60351631 transmission and power take-off,73,60104369,Stud,,4,,
SANY p435 L6,22-23,60351631 transmission and power take-off,74,130201000040A059,"Nut, Hexagon Head",,2,,
SANY p435 L7,22-23,60351631 transmission and power take-off,75,130201000040A060,"Nut, Hexagon Head",,2,,
SANY p435 L8,22-23,60351631 transmission and power take-off,76,130201000040A043,Bolt,,2,,
SANY p435 L9,22-23,60351631 transmission and power take-off,77,60259053,Hexagon Nut,,2,,
SANY p435 L10,22-23,60351631 transmission and power take-off,78,130301000022A032,Spring Washer,,2,,
SANY p435 L11,22-23,60351631 transmission and power take-off,79,60104374,COMPRESSED SPRING,,3,,
SANY p435 L12,22-23,60351631 transmission and power take-off,80,60104334,Gasket Control,,1,,
SANY p435 L13,22-23,60351631 transmission and power take-off,81,60247898,Low Reverse Shift Fork Shaft,,1,,
SANY p435 L14,22-23,60351631 transmission and power take-off,82,60247886,Gear 1 & 2 Fork Shift,,1,,
SANY p435 L15,22-23,60351631 transmission and power take-off,83,60075249,Pin,,1,,
SANY p435 L16,22-23,60351631 transmission and power take-off,84,60146774,Fork Shaft,,1,,
SANY p435 L17,22-23,60351631 transmission and power take-off,85,60247888,Guide Block,,1,,
SANY p435 L18,22-23,60351631 transmission and power take-off,86,60104308,Lifting Bent plate,,2,,
SANY p435 L19,22-23,60351631 transmission and power take-off,87,60129201,Bolt with Lock Washer,,8,,
SANY p435 L20,22-23,60351631 transmission and power take-off,88,60256085,"Combination Part, Bolts and Spring Washer",,4,,
SANY p435 L21,22-23,60351631 transmission and power take-off,89,60287333,Plain Washer,,1,,
SANY p435 L22,22-23,60351631 transmission and power take-off,90,60343635,Shift Block,,1,,
SANY p435 L23,22-23,60351631 transmission and power take-off,91,60343634,Bearing Pin,,1,,
SANY p437 L1,22-25,60351631 transmission and power take-off,92,130201000040A041,Bolt,,4,,
SANY p437 L2,22-25,60351631 transmission and power take-off,93,60287284,Spring Washer,,8,,
SANY p437 L3,22-25,60351631 transmission and power take-off,94,130201000054A014,Cover,,1,,
SANY p437 L4,22-25,60351631 transmission and power take-off,95,130201000054A015,Gasket,,1,,
SANY p437 L5,22-25,60351631 transmission and power take-off,96,60125276,"Seal, Oil",,1,,
SANY p437 L6,22-25,60351631 transmission and power take-off,97,60075151,"Sleeve, Pressure & Lubrication Tube",,2,,
SANY p437 L7,22-25,60351631 transmission and power take-off,98,130288000748A,Shift connector,,1,,
SANY p437 L8,22-25,60351631 transmission and power take-off,99,60104381,Cylinderical Pin,,1,,
SANY p437 L9,22-25,60351631 transmission and power take-off,100,130201000040A093,Cylinderical Pin Elastic,,2,,
SANY p437 L10,22-25,60351631 transmission and power take-off,101,130201000040A099,Pressure Switch,,1,,
SANY p437 L11,22-25,60351631 transmission and power take-off,102,131401020360A008,"Washer, Seal",,1,,
SANY p437 L12,22-25,60351631 transmission and power take-off,103,130201000040A090,Hexagon Bolt & Spring Washer Assembly,,6,,
SANY p437 L13,22-25,60351631 transmission and power take-off,104,130201000054A019,Gasket,,1,,
SANY p437 L14,22-25,60351631 transmission and power take-off,105,60129203,Hexagon Socket Cap Screw,,2,,
SANY p437 L15,22-25,60351631 transmission and power take-off,106,60287282,Spring Washer,,2,,
SANY p437 L16,22-25,60351631 transmission and power take-off,107,60343646,Air Control Valve,,1,,
SANY p437 L17,22-25,60351631 transmission and power take-off,108,60075176,Gasket,,1,,
SANY p437 L18,22-25,60351631 transmission and power take-off,109,130201000040A096,Screw,,1,,
SANY p437 L19,22-25,60351631 transmission and power take-off,110,130288000743A,Reverse Lock Spring,,1,,
SANY p437 L20,22-25,60351631 transmission and power take-off,111,130201000040A097,Pin,,1,,
SANY p437 L21,22-25,60351631 transmission and power take-off,112,60122641,"Bolt, Hexagon",,1,,
SANY p437 L22,22-25,60351631 transmission and power take-off,113,60104341,Washer,,1,,
SANY p437 L23,22-25,60351631 transmission and power take-off,114,60075078,"Adapter, Range Shift",,1,,
SANY p437 L24,22-25,60351631 transmission and power take-off,115,60075109,Gasket,,1,,
SANY p437 L25,22-25,60351631 transmission and power take-off,116,60075110,Cover,,1,,
SANY p437 L26,22-25,60351631 transmission and power take-off,117,60139595,Bolt,,2,,
SANY p437 L27,22-25,60351631 transmission and power take-off,118,60075128,"Nut, Dowel",,2,,
SANY p437 L28,22-25,60351631 transmission and power take-off,119,130288000158A,Reverse switch,,1,,
SANY p437 L29,22-25,60351631 transmission and power take-off,120,130288000741A,Ventilation Plug Assembly,,1,,
SANY p437 L30,22-25,60351631 transmission and power take-off,121,60075188,"Screw, Stop",,1,,
SANY p437 L31,22-25,60351631 transmission and power take-off,122,60075111,"Spacer Bushing, Spring",,1,,
SANY p437 L32,22-25,60351631 transmission and power take-off,123,60104372,"Spring, Compression",,2,,
SANY p437 L33,22-25,60351631 transmission and power take-off,124,60075071,Gasket,,1,,
SANY p437 L34,22-25,60351631 transmission and power take-off,125,60075105,"Plate, Side",,1,,
SANY p439 L1,22-27,60351631 transmission and power take-off,126,60075224,Air Cleaner Regulator Assembly,,1,,
SANY p439 L2,22-27,60351631 transmission and power take-off,127,60189262,Inner hex tapered screw,,2,,
SANY p439 L3,22-27,60351631 transmission and power take-off,128,60075067,Plug,,1,,
SANY p439 L4,22-27,60351631 transmission and power take-off,129,60256093,Hexagon Bolt & Spring Washer Assembly,,2,,
SANY p441 L1,22-29,60351631 transmission and power take-off,24,60075212,"Ring, Snap",,6,,
SANY p441 L2,22-29,60351631 transmission and power take-off,130,60075199,Bearing Base,,1,,
SANY p441 L3,22-29,60351631 transmission and power take-off,131,60122659,Bearing,,1,,
SANY p441 L4,22-29,60351631 transmission and power take-off,132,60075213,"Ring, Snap",,1,,
SANY p441 L5,22-29,60351631 transmission and power take-off,133,60146760,Auxiliary Case Drive Gear,,1,,
SANY p441 L6,22-29,60351631 transmission and power take-off,134,60075245,Retainer,,1,,
SANY p441 L7,22-29,60351631 transmission and power take-off,135,130201000120B012,Bolt,,6,,
SANY p441 L8,22-29,60351631 transmission and power take-off,136,60104309,Iron Wire,,4,,
SANY p443 L1,22-31,60351631 transmission and power take-off,137,60064780,"Spindle Box, Vice",,1,,
SANY p443 L2,22-31,60351631 transmission and power take-off,138,60075073,High/Low Gear Synchronizer Assembly,,1,,
SANY p443 L3,22-31,60351631 transmission and power take-off,139,60075234,WASHER MAIN SHAFT AUXILIARY BOX,,1,,
SANY p443 L4,22-31,60351631 transmission and power take-off,140,60075146,GEAR SPACER MAIN SHAFT AUXILIARY BOX,,1,,
SANY p443 L5,22-31,60351631 transmission and power take-off,141,60075090,Gear Assembly,,1,,
SANY p443 L6,22-31,60351631 transmission and power take-off,142,60075209,"Ring, Snap",,1,,
SANY p443 L7,22-31,60351631 transmission and power take-off,143,60075232,REDUCING GEAR SPACER AUXILIARY BOX,,1,,
SANY p443 L8,22-31,60351631 transmission and power take-off,144,60075179,Nut,,1,,
SANY p445 L1,22-33,60351631 transmission and power take-off,56,60075256,"Ring, Snap",,3,,
SANY p445 L2,22-33,60351631 transmission and power take-off,145,60104313,"Bearing, Roller, Cylinder",,2,,
SANY p445 L3,22-33,60351631 transmission and power take-off,146,130201000053A002,Middle Shaft Weldment Group,,1,,
SANY p445 L4,22-33,60351631 transmission and power take-off,147,130201000053A003,Middle Shaft Weldment Group,,1,,
SANY p445 L5,22-33,60351631 transmission and power take-off,148,60104312,BEARING. ROLLER. SHORT CYLINDRICAL,,2,,
SANY p445 L6,22-33,60351631 transmission and power take-off,149,60075211,"Ring, Snap",,2,,
SANY p447 L1,22-35,60351631 transmission and power take-off,150,60075235,Gasket,,1,,
SANY p447 L2,22-35,60351631 transmission and power take-off,151,60075233,Gasket,,2,,
SANY p447 L3,22-35,60351631 transmission and power take-off,152,60104356,Lengthen Middle Shaft Cover Gasket,,2,,
SANY p447 L4,22-35,60351631 transmission and power take-off,153,60075162,bolt assembly,,8,,
SANY p447 L5,22-35,60351631 transmission and power take-off,154,130288000779A,Hexagon Bolt & Spring Washer Assembly,,16,,
SANY p447 L6,22-35,60351631 transmission and power take-off,155,60064779,CYLINDRICAL ROLLER BEARINGS 717813,,1,,
SANY p447 L7,22-35,60351631 transmission and power take-off,156,60075147,Gasket,,1,,
SANY p447 L8,22-35,60351631 transmission and power take-off,157,130201000061A088,Rotor,,1,,
SANY p447 L9,22-35,60351631 transmission and power take-off,158,60287329,Hexagon Bolt & Spring Washer Assembly,,5,,
SANY p447 L10,22-35,60351631 transmission and power take-off,159,130288000664A,Valve Body Combination Parts,,1,,
SANY p447 L11,22-35,60351631 transmission and power take-off,160,130288000161A,Odometer sensor,,1,,
SANY p447 L12,22-35,60351631 transmission and power take-off,161,130288000660A,"Seal, Oil",,1,,
SANY p447 L13,22-35,60351631 transmission and power take-off,162,60075174,"Flange, Adapter",,1,,
SANY p449 L1,22-37,60351631 transmission and power take-off,1,130201000040A104,Hexagon Bolt & Spring Washer Assembly,,14,,
SANY p449 L2,22-37,60351631 transmission and power take-off,136,60104309,Iron Wire,,4,,
SANY p449 L3,22-37,60351631 transmission and power take-off,163,60256074,"Bolt, Hexagon",,2,,
SANY p449 L4,22-37,60351631 transmission and power take-off,164,60259046,"Fork, Shift",,1,,
SANY p449 L5,22-37,60351631 transmission and power take-off,165,60075164,"Gasket, Seal",,1,,
SANY p449 L6,22-37,60351631 transmission and power take-off,166,130201000040A077,Hexagon Bolt & Spring Washer Assembly,,4,,
SANY p449 L7,22-37,60351631 transmission and power take-off,167,60075240,"Gasket, Head, Cylinder",,1,,
SANY p449 L8,22-37,60351631 transmission and power take-off,168,60122644,Plug,,2,,
SANY p451 L1,22-39,60351631 transmission and power take-off,39,130201000061A129,Precoated hexagon head bolts,,4,,
SANY p451 L2,22-39,60351631 transmission and power take-off,169,130201000061A172,Oil Level Label,,1,,
SANY p451 L3,22-39,60351631 transmission and power take-off,170,60287361,"Fitting, Adapter",,9,,
SANY p451 L4,22-39,60351631 transmission and power take-off,171,130201000061A119,Tapping screw,,4,,
SANY p451 L5,22-39,60351631 transmission and power take-off,172,130201000048A022,Scutcheon,,1,,
SANY p451 L6,22-39,60351631 transmission and power take-off,173,160102040013A327,Clamping band,,2,,
SANY p451 L7,22-39,60351631 transmission and power take-off,174,130288000153A,High and Low Switch,,1,,
SANY p451 L8,22-39,60351631 transmission and power take-off,175,130201000048A021,Scutcheon,,1,,
SANY p451 L9,22-39,60351631 transmission and power take-off,176,130201000051A026,Air Pipe Assembly,,1,,
SANY p451 L10,22-39,60351631 transmission and power take-off,177,160102160020A486,Spacing sleeve,,1,,
SANY p451 L11,22-39,60351631 transmission and power take-off,178,130299000012A002,Quick Coupling,,2,,
SANY p451 L12,22-39,60351631 transmission and power take-off,179,130201000050A027,rock arm,,1,,
SANY p455 L1,23-3,QDP005629836 Engine suspension device,1,A210114000006,Bolt,,4,,
SANY p455 L2,23-3,QDP005629836 Engine suspension device,2,A210401000004,Washer,,6,,
SANY p455 L3,23-3,QDP005629836 Engine suspension device,3,10039187,Rear Supporting Gasket of the Engine,,4,,
SANY p455 L4,23-3,QDP005629836 Engine suspension device,4,11663021,Engine's rear right supporting,,1,,
SANY p455 L5,23-3,QDP005629836 Engine suspension device,5,11663019,Engine rear suspension support abutment(right),,1,,
SANY p455 L6,23-3,QDP005629836 Engine suspension device,6,QDP005593841,Front suspension right bearer,,1,,
SANY p455 L7,23-3,QDP005629836 Engine suspension device,7,60259430,Nut,,2,,
SANY p455 L8,23-3,QDP005629836 Engine suspension device,8,A810102061108,Engine Front Suspension Cushion,,2,,
SANY p455 L9,23-3,QDP005629836 Engine suspension device,9,A210404000004,Washer,,4,,
SANY p455 L10,23-3,QDP005629836 Engine suspension device,10,A210401000002,Washer,,4,,
SANY p455 L11,23-3,QDP005629836 Engine suspension device,11,120102100012A,Nut,,4,,
SANY p455 L12,23-3,QDP005629836 Engine suspension device,12,QDP005593845,Front suspension left bearer,,1,23-4,
SANY p455 L13,23-3,QDP005629836 Engine suspension device,13,60144883,Nut,,20,,
SANY p455 L14,23-3,QDP005629836 Engine suspension device,14,60273800,Bolt,,10,,
SANY p455 L15,23-3,QDP005629836 Engine suspension device,15,60006636,Bolt,,8,,
SANY p455 L16,23-3,QDP005629836 Engine suspension device,16,60265748,Bolt,,10,,
SANY p455 L17,23-3,QDP005629836 Engine suspension device,17,11663018,Engine rear suspension support abutment(left),,1,,
SANY p455 L18,23-3,QDP005629836 Engine suspension device,18,A810102061109,Engine Rear Suspension Cushion,,2,,
SANY p455 L19,23-3,QDP005629836 Engine suspension device,19,120101060069A,Hexagon Head Bolt,,10,,
SANY p455 L20,23-3,QDP005629836 Engine suspension device,20,A210401000003,Washer,,10,,
SANY p455 L21,23-3,QDP005629836 Engine suspension device,21,11663020,Engine's rear left supporting,,1,,
SANY p457 L1,23-5,QDP005593845 Front suspension left bearer,1,QDP005593844,Frame Connecting Board,,1,,
SANY p457 L2,23-5,QDP005593845 Front suspension left bearer,2,QDP005593843,Soft pad connecting plate,,1,,
SANY p461 L1,24-3,QDP007044786 Cooling device,1,QDP007032394,Cooling Module,,1,24-4,
SANY p461 L2,24-3,QDP007044786 Cooling device,2,QDP005580970,Water Tank Guardrail Welding Assembly,,1,24-8,
SANY p461 L3,24-3,QDP007044786 Cooling device,3,13546545,Non-bearing General Support,,3,,
SANY p461 L4,24-3,QDP007044786 Cooling device,4,A229900004637,Pipe Clamp Sleeve,,4,,
SANY p461 L5,24-3,QDP007044786 Cooling device,5,60265717,Bolt,,5,,
SANY p461 L6,24-3,QDP007044786 Cooling device,6,A229900004636,Tube Clip,,4,,
SANY p461 L7,24-3,QDP007044786 Cooling device,7,60078169,Nut,,4,,
SANY p461 L8,24-3,QDP007044786 Cooling device,8,151304060006A,Elastic Clip,,4,,
SANY p461 L9,24-3,QDP007044786 Cooling device,9,A229900003851,Clamp,,2,,
SANY p461 L10,24-3,QDP007044786 Cooling device,10,151304060026A,Steel Band Elastic Clamp,,2,,
SANY p461 L11,24-3,QDP007044786 Cooling device,11,TSC005401381,Expansion Water Tank Module,,1,24-12,
SANY p461 L12,24-3,QDP007044786 Cooling device,12,QDP007029634,Water tank lower Water pipe,,1,,
SANY p461 L13,24-3,QDP007044786 Cooling device,13,151304990048A,Worm rod thimble of helical Spring,,2,,
SANY p461 L14,24-3,QDP007044786 Cooling device,14,60007733,Steel Strap,,1,,
SANY p461 L15,24-3,QDP007044786 Cooling device,15,12143391,Flexible Enclosures Wind,,1,,
SANY p461 L16,24-3,QDP007044786 Cooling device,16,QDP007029636,Charging Tube,,1,,
SANY p461 L17,24-3,QDP007044786 Cooling device,17,151304990047A,Worm Rod Thimble Helical Spring,,2,,
SANY p461 L18,24-3,QDP007044786 Cooling device,18,10110193,Engine Drain,,1,,
SANY p461 L19,24-3,QDP007044786 Cooling device,19,A820606010981,Air Removing Pipe of Radiator,,1,,
SANY p461 L20,24-3,QDP007044786 Cooling device,20,A820606010982,Air Exhaust Pipe of Engine,,1,,
SANY p461 L21,24-3,QDP007044786 Cooling device,21,A820606020623,Outlet Pipe of Auxiliary Water Tank,,1,,
SANY p461 L22,24-3,QDP007044786 Cooling device,22,60144899,Bolt,,1,,
SANY p463 L1,24-5,QDP007032394 Cooling Module,1,QDP005580969,Radiator Suspension Cushion,,2,24-6,
SANY p463 L2,24-5,QDP007032394 Cooling Module,2,160801050020A,Intercooler,,1,,
SANY p463 L3,24-5,QDP007032394 Cooling Module,3,160801040041A,Radiator,,1,,
SANY p463 L4,24-5,QDP007032394 Cooling Module,4,160899000399A,Insect Net,,1,,
SANY p463 L5,24-5,QDP007032394 Cooling Module,5,QDP007030891,"Shroud, Fan",,1,,
SANY p463 L6,24-5,QDP007032394 Cooling Module,6,A210111000024,Bolt,,4,,
SANY p463 L7,24-5,QDP007032394 Cooling Module,7,61003891,Nut,,4,,
SANY p465 L1,24-7,QDP005580969 Radiator Suspension Cushion,1,QDP005580973,Upper Supporting Plate,,1,,
SANY p465 L2,24-7,QDP005580969 Radiator Suspension Cushion,2,QDP005580971,Lower Supporting Plate,,1,,
SANY p465 L3,24-7,QDP005580969 Radiator Suspension Cushion,3,QDP005580968,Support Rubber Block,,1,,
SANY p465 L4,24-7,QDP005580969 Radiator Suspension Cushion,4,A210307000036,Nut,,2,,
SANY p465 L5,24-7,QDP005580969 Radiator Suspension Cushion,5,A210111000024,Bolt,,2,,
SANY p467 L1,24-9,QDP005580970 Water Tank Guardrail Welding Assembly,1,QDP005580974,Water Tank Guardrail Welding Assembly,,1,24-10,
SANY p467 L2,24-9,QDP005580970 Water Tank Guardrail Welding Assembly,2,60273800,Bolt,,6,,
SANY p467 L3,24-9,QDP005580970 Water Tank Guardrail Welding Assembly,3,60144883,Nut,,6,,
SANY p469 L1,24-11,QDP005580974 Water Tank Guardrail Welding Assembly,1,13490435,Square Cross Beam,,1,,
SANY p469 L2,24-11,QDP005580974 Water Tank Guardrail Welding Assembly,2,QDP005549063,Right Supporting Plate,,1,,
SANY p469 L3,24-11,QDP005580974 Water Tank Guardrail Welding Assembly,3,QDP005549062,Left Supporting Plate,,1,,
SANY p469 L4,24-11,QDP005580974 Water Tank Guardrail Welding Assembly,4,14538626,Water Tank Guardrail Bottom Board,,1,,
SANY p469 L5,24-11,QDP005580974 Water Tank Guardrail Welding Assembly,5,QDP005549059,Front Brace Plate,,2,,
SANY p469 L6,24-11,QDP005580974 Water Tank Guardrail Welding Assembly,6,14383597,Dashboard,,1,,
SANY p471 L1,24-13,TSC005401381 Expansion Water Tank Module,1,160299000044A,Expansion Water Tank Assembly,,1,,
SANY p471 L2,24-13,TSC005401381 Expansion Water Tank Module,2,60265732,Bolt,,3,,
SANY p471 L3,24-13,TSC005401381 Expansion Water Tank Module,3,TSC005542134,Bracket,,1,,
SANY p471 L4,24-13,TSC005401381 Expansion Water Tank Module,4,61003891,Nut,,3,,
SANY p471 L5,24-13,TSC005401381 Expansion Water Tank Module,5,60265717,Bolt,,4,,
SANY p471 L6,24-13,TSC005401381 Expansion Water Tank Module,6,A210404000005,Washer,,4,,
SANY p471 L7,24-13,TSC005401381 Expansion Water Tank Module,7,60078169,Nut,,3,,
SANY p475 L1,25-3,QDP005585984 Front Bumper Device,1,60144883,Nut,,12,,
SANY p475 L2,25-3,QDP005585984 Front Bumper Device,2,A210404000004,Washer,,20,,
SANY p475 L3,25-3,QDP005585984 Front Bumper Device,3,13694345,Left Connecting Plate,,1,,
SANY p475 L4,25-3,QDP005585984 Front Bumper Device,4,QDP005394557,Supporting Lever of Bumper,,2,,
SANY p475 L5,25-3,QDP005585984 Front Bumper Device,5,13694346,Right Connecting Plate,,1,,
SANY p475 L6,25-3,QDP005585984 Front Bumper Device,6,120101050130A,Bolt,,12,,
SANY p475 L7,25-3,QDP005585984 Front Bumper Device,7,A210404000003,Washer,,2,,
SANY p475 L8,25-3,QDP005585984 Front Bumper Device,8,QDP005507875,Bumper Right Lower Mounting Bracket,,1,,
SANY p475 L9,25-3,QDP005585984 Front Bumper Device,9,60241448,Bolt,,2,,
SANY p475 L10,25-3,QDP005585984 Front Bumper Device,10,11325819,"Coupling, Internal Hexagon",,8,,
SANY p475 L11,25-3,QDP005585984 Front Bumper Device,11,60144888,Nut,,2,,
SANY p475 L12,25-3,QDP005585984 Front Bumper Device,12,QDP005435152,Front Bumper Left Bracket,,1,,
SANY p479 L1,26-3,QDP006928112 steering system,1,QDP006922487,steering system,,1,26-4,
SANY p479 L2,26-3,QDP006928112 steering system,2,QDP006925864,Steering system oil way,,1,26-16,
SANY p481 L1,26-5,QDP006922487 steering system,1,QDP006921781,steering gear mounting module,,1,,
SANY p481 L2,26-5,QDP006922487 steering system,2,QDP005822632,cushion block,,5,,
SANY p481 L3,26-5,QDP006922487 steering system,3,QDP005822583,Assembly of Middle Rock Arm and Support,,1,26-6,
SANY p481 L4,26-5,QDP006922487 steering system,4,QDP005696689,oil cylinder support,,1,,
SANY p481 L5,26-5,QDP006922487 steering system,5,A229900005492,Steering Power Cylinder Assembly,,1,26-8,
SANY p481 L6,26-5,QDP006922487 steering system,6,QDP005545619,Steering drag link assem.,,1,26-10,
SANY p481 L7,26-5,QDP006922487 steering system,7,A210111000063,Bolt,,4,,
SANY p481 L8,26-5,QDP006922487 steering system,8,A210319000014,Nut,,9,,
SANY p481 L9,26-5,QDP006922487 steering system,9,A210110000205,Bolt,,5,,
SANY p481 L10,26-5,QDP006922487 steering system,10,QDP005630762,Steering drag link assem.,,1,26-12,
SANY p481 L11,26-5,QDP006922487 steering system,11,QDP005016719,Steering drag link assem.,,1,26-14,
SANY p483 L1,26-7,QDP005822583 Assembly of Middle Rock Arm and Support,1,QDP005430882,Rear Rocker Support,,1,,
SANY p483 L2,26-7,QDP005822583 Assembly of Middle Rock Arm and Support,2,QDP005352367,Sliding Sleeve,,2,,
SANY p483 L3,26-7,QDP005822583 Assembly of Middle Rock Arm and Support,3,QDP005605356,Rear Rocker,,1,,
SANY p483 L4,26-7,QDP005822583 Assembly of Middle Rock Arm and Support,4,A210804000002,Oil Cup,,1,,
SANY p483 L5,26-7,QDP005822583 Assembly of Middle Rock Arm and Support,5,QDP005376488,Ring,,1,,
SANY p483 L6,26-7,QDP005822583 Assembly of Middle Rock Arm and Support,6,QDP005395946,Rocker Pin Shaft,,1,,
SANY p483 L7,26-7,QDP005822583 Assembly of Middle Rock Arm and Support,7,A210501000013,Pin,,1,,
SANY p485 L1,26-9,A229900005492 Steering Power Cylinder Assembly,1,10779232,Hydraulic Cylinder Piston Rod,,1,,
SANY p485 L2,26-9,A229900005492 Steering Power Cylinder Assembly,2,10779231,Hydraulic Cylinder,,1,,
SANY p487 L1,26-11,QDP005545619 Steering drag link assem.,1,QDP005545628,Steering drag link,,1,,
SANY p487 L2,26-11,QDP005545619 Steering drag link assem.,2,14106148,Ball Joint Assembly,,2,,
SANY p489 L1,26-13,QDP005630762 Steering drag link assem.,1,QDP005630763,Steering drag link,,1,,
SANY p489 L2,26-13,QDP005630762 Steering drag link assem.,2,14106148,Ball Joint Assembly,,2,,
SANY p489 L3,26-13,QDP005630762 Steering drag link assem.,3,QDP004672586,Thimble of Drag Link,,2,,
SANY p491 L1,26-15,QDP005016719 Steering drag link assem.,1,QDP005016720,Steering drag link,,1,,
SANY p491 L2,26-15,QDP005016719 Steering drag link assem.,2,14106148,Ball Joint Assembly,,2,,
SANY p491 L3,26-15,QDP005016719 Steering drag link assem.,3,QDP004672586,Thimble of Drag Link,,2,,
SANY p493 L1,26-17,QDP006925864 Steering system oil way,1,QDP005547658,Steering Assisted Long Steel Tube,,1,,
SANY p493 L2,26-17,QDP006925864 Steering system oil way,2,13528465,Steel Tube Nut Assembly,,4,,
SANY p493 L3,26-17,QDP006925864 Steering system oil way,3,A229900003011,End Right Angle Adjustable Pipe Connector,,4,,
SANY p493 L4,26-17,QDP006925864 Steering system oil way,4,60144915,Bolt,,2,,
SANY p493 L5,26-17,QDP006925864 Steering system oil way,5,60241448,Bolt,,5,,
SANY p493 L6,26-17,QDP006925864 Steering system oil way,6,A229900003846,Clip,,3,,
SANY p493 L7,26-17,QDP006925864 Steering system oil way,7,10499850,High Pressure Tube Bracket,,1,,
SANY p493 L8,26-17,QDP006925864 Steering system oil way,8,60078169,Nut,,8,,
SANY p493 L9,26-17,QDP006925864 Steering system oil way,9,A820101338819,Secondary Tank Outflow Rubber Hose Bracket,,1,,
SANY p493 L10,26-17,QDP006925864 Steering system oil way,10,A229900004597,Clamp,,3,,
SANY p493 L11,26-17,QDP006925864 Steering system oil way,11,61003891,Nut,,3,,
SANY p493 L12,26-17,QDP006925864 Steering system oil way,12,60265717,Bolt,,4,,
SANY p493 L13,26-17,QDP006925864 Steering system oil way,13,A820205002285,Hinged Joint,,1,,
SANY p493 L14,26-17,QDP006925864 Steering system oil way,14,A229900002965,Hose Clamp,,1,,
SANY p493 L15,26-17,QDP006925864 Steering system oil way,15,60100617,Power Steering 0il Pump,,1,,
SANY p493 L16,26-17,QDP006925864 Steering system oil way,16,60144895,Bolt,,2,,
SANY p493 L17,26-17,QDP006925864 Steering system oil way,17,B210780000155,Hinged Joint,,1,,
SANY p493 L18,26-17,QDP006925864 Steering system oil way,18,A229900006818,Clamp,,4,,
SANY p493 L19,26-17,QDP006925864 Steering system oil way,19,60014660,Clamp Welding Plate,,3,,
SANY p493 L20,26-17,QDP006925864 Steering system oil way,20,A210712000005,End Straight Pipe Connector,,1,,
SANY p493 L21,26-17,QDP006925864 Steering system oil way,21,A210747300001,Joint Body,,2,,
SANY p493 L22,26-17,QDP006925864 Steering system oil way,22,QDP005929553,Radiating Tube Assembly,,1,,
SANY p493 L23,26-17,QDP006925864 Steering system oil way,23,QDP005539529,Oil Tank Support,,1,,
SANY p493 L24,26-17,QDP006925864 Steering system oil way,24,QDP005935637,Oil Tank Module,,1,26-18,
SANY p493 L25,26-17,QDP006925864 Steering system oil way,25,60144883,Nut,,1,,
SANY p493 L26,26-17,QDP006925864 Steering system oil way,26,QDP007158828,Degassing Tube Bracket 1,,1,,
SANY p493 L27,26-17,QDP006925864 Steering system oil way,27,60273800,Bolt,,1,,
SANY p493 L28,26-17,QDP006925864 Steering system oil way,28,13546545,Non-bearing General Support,,1,,
SANY p493 L29,26-17,QDP006925864 Steering system oil way,29,QDP005547659,Steering Assisted Short Steel Tube,,1,,
SANY p493 L30,26-17,QDP006925864 Steering system oil way,30,60116487,Rubber Pipe Assembly,,2,,
SANY p493 L31,26-17,QDP006925864 Steering system oil way,31,14493698,Rubber Hose of Inlet Oil Pump,,1,,
SANY p493 L32,26-17,QDP006925864 Steering system oil way,32,B230103004461,Rubber Hose,,1,,
SANY p493 L33,26-17,QDP006925864 Steering system oil way,33,60265719,Bolt,,3,,
SANY p493 L34,26-17,QDP006925864 Steering system oil way,34,10468313,Support of the Oil Inlet Pipe,,1,,
SANY p495 L1,26-19,QDP005935637 Oil Tank Module,1,10021812,Power Steering Oil Tank Assembly,,1,26-20,
SANY p495 L2,26-19,QDP005935637 Oil Tank Module,2,61012554,Rainproof Cover,,1,,
SANY p495 L3,26-19,QDP005935637 Oil Tank Module,3,A229900002965,Hose Clamp,,1,,
SANY p495 L4,26-19,QDP005935637 Oil Tank Module,4,60078169,Nut,,4,,
SANY p495 L5,26-19,QDP005935637 Oil Tank Module,5,60265717,Bolt,,4,,
SANY p497 L1,26-21,10021812 Power Steering Oil Tank Assembly,1,A222100000393,Filter Core,,1,,
SANY p501 L1,27-3,QDP006342924 Transmission system,1,QDP005054232,Flexible Shaft Fixed Support,,1,,
SANY p501 L2,27-3,QDP006342924 Transmission system,2,61009918,Transmission Control Assembly,,1,,
SANY p501 L3,27-3,QDP006342924 Transmission system,3,14244903,Selector Rocker,,1,,
SANY p501 L4,27-3,QDP006342924 Transmission system,4,61009946,Flexible Shaft,,1,,
SANY p501 L5,27-3,QDP006342924 Transmission system,5,61009945,Flexible Shaft,,1,,
SANY p501 L6,27-3,QDP006342924 Transmission system,6,12908572,Flexible Shaft Tube Clamp,,1,27-4,
SANY p501 L7,27-3,QDP006342924 Transmission system,7,A229900004636,Tube Clip,,2,,
SANY p501 L8,27-3,QDP006342924 Transmission system,8,A229900004637,Pipe Clamp Sleeve,,2,,
SANY p501 L9,27-3,QDP006342924 Transmission system,9,A229900004673,Pipe Clamp,,2,,
SANY p501 L10,27-3,QDP006342924 Transmission system,10,60265718,Bolt,,6,,
SANY p501 L11,27-3,QDP006342924 Transmission system,11,60078169,Nut,,4,,
SANY p501 L12,27-3,QDP006342924 Transmission system,12,13072581,Coil,,1,,
SANY p501 L13,27-3,QDP006342924 Transmission system,13,14337842,Interim Plate,,1,,
SANY p501 L14,27-3,QDP006342924 Transmission system,14,14257136,Dust Cover Bracket Assembly,,1,27-6,
SANY p501 L15,27-3,QDP006342924 Transmission system,15,QDP005684100,Dust Cover Assembly,,1,,
SANY p501 L16,27-3,QDP006342924 Transmission system,16,60265720,Bolt,,4,,
SANY p501 L17,27-3,QDP006342924 Transmission system,17,QDP005126195,Transmission Control Rod,,1,,
SANY p501 L18,27-3,QDP006342924 Transmission system,18,60144915,Bolt,,1,,
SANY p501 L19,27-3,QDP006342924 Transmission system,19,151208000111A,Quick Coupler Adapter,,2,,
SANY p501 L20,27-3,QDP006342924 Transmission system,20,14223738,Transmission System,,1,27-8,
SANY p501 L21,27-3,QDP006342924 Transmission system,21,12852977,Left Side Bracket,,2,27-10,
SANY p501 L22,27-3,QDP006342924 Transmission system,22,120102990043A,Nut,,1,,
SANY p501 L23,27-3,QDP006342924 Transmission system,23,120101060073A,Bolt,,4,,
SANY p501 L24,27-3,QDP006342924 Transmission system,24,60265721,Bolt,,1,,
SANY p503 L1,27-5,12908572 Flexible Shaft Tube Clamp,1,12908573,rubber pad,,1,,
SANY p503 L2,27-5,12908572 Flexible Shaft Tube Clamp,2,12908574,Upper Spacer,,1,,
SANY p505 L1,27-7,14257136 Dust Cover Bracket Assembly,1,14257134,Bracket,,1,,
SANY p505 L2,27-7,14257136 Dust Cover Bracket Assembly,2,14257135,Mounting Leg,,4,,
SANY p507 L1,27-9,14223738 Transmission System,1,A210309000014,Nut,,1,,
SANY p507 L2,27-9,14223738 Transmission System,2,A210307000040,Nut,,1,,
SANY p507 L3,27-9,14223738 Transmission System,3,A210404000006,Washer,,1,,
SANY p507 L4,27-9,14223738 Transmission System,4,A229900004242,Radiator Suspension Cushion,,2,,
SANY p507 L5,27-9,14223738 Transmission System,5,A820101026089,Elastic Beam,,1,,
SANY p507 L6,27-9,14223738 Transmission System,6,11643114,Intermediate Support,,1,,
SANY p507 L7,27-9,14223738 Transmission System,7,A210111000447,Bolt,,1,,
SANY p509 L1,27-11,12852977 Left Side Bracket,1,12852976,Bracket Base Plate,,1,,
SANY p509 L2,27-11,12852977 Left Side Bracket,2,A820101338759,Supporting Plate,,2,,
SANY p513 L1,28-3,QDP006314357 clutch system,1,A210747300002,Joint Body,,1,,
SANY p513 L2,28-3,QDP006314357 clutch system,2,A210431000008,Washer,,1,,
SANY p513 L3,28-3,QDP006314357 clutch system,3,A210338000003,Nut,,1,,
SANY p513 L4,28-3,QDP006314357 clutch system,4,13007536,Main Pump Steel Pipe,,1,,
SANY p513 L5,28-3,QDP006314357 clutch system,5,60197003,Clamp Sleeve,,2,,
SANY p513 L6,28-3,QDP006314357 clutch system,6,A210306000011,Nut,,2,,
SANY p513 L7,28-3,QDP006314357 clutch system,7,61009637,Elbow Union Connector,,1,,
SANY p513 L8,28-3,QDP006314357 clutch system,8,A229900005611,Elbow Union Connector,,1,,
SANY p513 L9,28-3,QDP006314357 clutch system,9,A229900004673,Pipe Clamp,,5,,
SANY p513 L10,28-3,QDP006314357 clutch system,10,60265718,Bolt,,5,,
SANY p513 L11,28-3,QDP006314357 clutch system,11,60078169,Nut,,5,,
SANY p513 L12,28-3,QDP006314357 clutch system,12,A820606030809,Cross Coil,,1,,
SANY p513 L13,28-3,QDP006314357 clutch system,13,QDP006864419,hose assembly,,1,,
SANY p513 L14,28-3,QDP006314357 clutch system,14,60333774,Quick Connector,,1,,
SANY p517 L1,29-3,QDP005792846 Two-shaft wheel dashboard,1,10488510,Fender Bracket Assembly,,4,29-4,
SANY p517 L2,29-3,QDP005792846 Two-shaft wheel dashboard,2,QDP004755648,Left Front Rear Fender with Splash Protection Assembly,,1,29-6,
SANY p517 L3,29-3,QDP005792846 Two-shaft wheel dashboard,3,QDP004755665,Right Front Rear Fender with Splash Protection Assembly,,1,29-8,
SANY p517 L4,29-3,QDP005792846 Two-shaft wheel dashboard,4,10710823,Gland,,4,,
SANY p517 L5,29-3,QDP005792846 Two-shaft wheel dashboard,5,120102990036A,Nut,,8,,
SANY p517 L6,29-3,QDP005792846 Two-shaft wheel dashboard,6,QDP004755710,Rubber Inner Baffle,,2,,
SANY p517 L7,29-3,QDP005792846 Two-shaft wheel dashboard,7,GJB004700779,Inner Fender Batten,,6,,
SANY p517 L8,29-3,QDP005792846 Two-shaft wheel dashboard,8,A229900002294,Rivet Blind,,12,,
SANY p517 L9,29-3,QDP005792846 Two-shaft wheel dashboard,9,QDP004803953,Adjusting Plate,,8,,
SANY p519 L1,29-5,10488510 Fender Bracket Assembly,1,10488418,Supporting Tube,,1,,
SANY p519 L2,29-5,10488510 Fender Bracket Assembly,2,10488430,Connecting Board,,1,,
SANY p519 L3,29-5,10488510 Fender Bracket Assembly,3,A210111000119,Bolt,,2,,
SANY p521 L1,29-7,QDP004755648 Left Front Rear Fender with Splash Protection Assembly,1,60144921,Bolt,,6,,
SANY p521 L2,29-7,QDP004755648 Left Front Rear Fender with Splash Protection Assembly,2,60144926,Nut,,6,,
SANY p521 L3,29-7,QDP004755648 Left Front Rear Fender with Splash Protection Assembly,3,QDP004690688,Mud Flap,,1,,
SANY p521 L4,29-7,QDP004755648 Left Front Rear Fender with Splash Protection Assembly,4,60144889,Nut,,4,,
SANY p521 L5,29-7,QDP004755648 Left Front Rear Fender with Splash Protection Assembly,5,QDP004690687,Anti-splash Rear Baffle,,1,,
SANY p521 L6,29-7,QDP004755648 Left Front Rear Fender with Splash Protection Assembly,6,QDP004755643,Type Fender,,1,,
SANY p521 L7,29-7,QDP004755648 Left Front Rear Fender with Splash Protection Assembly,7,A210401000017,Washer,,6,,
SANY p521 L8,29-7,QDP004755648 Left Front Rear Fender with Splash Protection Assembly,8,A210404000005,Washer,,6,,
SANY p521 L9,29-7,QDP004755648 Left Front Rear Fender with Splash Protection Assembly,9,A210401000016,Washer,,4,,
SANY p521 L10,29-7,QDP004755648 Left Front Rear Fender with Splash Protection Assembly,10,A210404000009,Washer,,4,,
SANY p521 L11,29-7,QDP004755648 Left Front Rear Fender with Splash Protection Assembly,11,60144908,Bolt,,4,,
SANY p523 L1,29-9,QDP004755665 Right Front Rear Fender with Splash Protection Assembly,1,QDP004755643,Type Fender,,1,,
SANY p523 L2,29-9,QDP004755665 Right Front Rear Fender with Splash Protection Assembly,2,QDP004690687,Anti-splash Rear Baffle,,1,,
SANY p523 L3,29-9,QDP004755665 Right Front Rear Fender with Splash Protection Assembly,3,QDP004690688,Mud Flap,,1,,
SANY p523 L4,29-9,QDP004755665 Right Front Rear Fender with Splash Protection Assembly,4,60144908,Bolt,,4,,
SANY p523 L5,29-9,QDP004755665 Right Front Rear Fender with Splash Protection Assembly,5,A210401000016,Washer,,4,,
SANY p523 L6,29-9,QDP004755665 Right Front Rear Fender with Splash Protection Assembly,6,A210404000009,Washer,,4,,
SANY p523 L7,29-9,QDP004755665 Right Front Rear Fender with Splash Protection Assembly,7,60144921,Bolt,,6,,
SANY p523 L8,29-9,QDP004755665 Right Front Rear Fender with Splash Protection Assembly,8,A210401000017,Washer,,6,,
SANY p523 L9,29-9,QDP004755665 Right Front Rear Fender with Splash Protection Assembly,9,A210404000005,Washer,,6,,
SANY p523 L10,29-9,QDP004755665 Right Front Rear Fender with Splash Protection Assembly,10,60144926,Nut,,6,,
SANY p523 L11,29-9,QDP004755665 Right Front Rear Fender with Splash Protection Assembly,11,60144889,Nut,,4,,
SANY p527 L1,30-3,QDP007032192 Oil supply system,1,QDP005015312,Fuel Tank Bracket Transition Bracket,,2,,
SANY p527 L2,30-3,QDP007032192 Oil supply system,2,11816281,Fuel Tank Module,,1,30-4,
SANY p527 L3,30-3,QDP007032192 Oil supply system,3,QDP004819378,Oil water separator baffle,,1,,
SANY p527 L4,30-3,QDP007032192 Oil supply system,4,60358718,Oil Water Separator,,1,30-6,
SANY p527 L5,30-3,QDP007032192 Oil supply system,5,QDP005534098,Level sensor module,,1,30-8,
SANY p527 L6,30-3,QDP007032192 Oil supply system,6,60265733,Bolt,,2,,
SANY p527 L7,30-3,QDP007032192 Oil supply system,7,61003891,Nut,,2,,
SANY p527 L8,30-3,QDP007032192 Oil supply system,8,120101060069A,Hexagon Head Bolt,,8,,
SANY p527 L9,30-3,QDP007032192 Oil supply system,9,61028577,Nut,,8,,
SANY p527 L10,30-3,QDP007032192 Oil supply system,10,60210230,Bolt,,6,,
SANY p527 L11,30-3,QDP007032192 Oil supply system,11,61028566,Nut,,6,,
SANY p527 L12,30-3,QDP007032192 Oil supply system,12,13546545,Non-bearing General Support,,1,,
SANY p527 L13,30-3,QDP007032192 Oil supply system,13,A229900004636,Tube Clip,,1,,
SANY p527 L14,30-3,QDP007032192 Oil supply system,14,A229900004637,Pipe Clamp Sleeve,,1,,
SANY p527 L15,30-3,QDP007032192 Oil supply system,15,60144915,Bolt,,2,,
SANY p527 L16,30-3,QDP007032192 Oil supply system,16,60078169,Nut,,1,,
SANY p527 L17,30-3,QDP007032192 Oil supply system,17,60202895,Hose Clamp,,6,,
SANY p527 L18,30-3,QDP007032192 Oil supply system,18,A820606030809,Cross Coil,,2,,
SANY p527 L19,30-3,QDP007032192 Oil supply system,19,QDP004660499,Diesel Fil,,1,,
SANY p527 L20,30-3,QDP007032192 Oil supply system,20,12329139,Diesel Filter Outlet Line,,1,,
SANY p527 L21,30-3,QDP007032192 Oil supply system,21,QDP004660890,Return Tube,,1,,
SANY p529 L1,30-5,11816281 Fuel Tank Module,1,60022612,Supporting Bracket,,2,,
SANY p529 L2,30-5,11816281 Fuel Tank Module,2,60022613,Tank Bracket Strip,,2,,
SANY p529 L3,30-5,11816281 Fuel Tank Module,3,60022610,Fuel Tank,,1,,
SANY p529 L4,30-5,11816281 Fuel Tank Module,4,60022616,Cushion Belt of Draw Belt,,2,,
SANY p529 L5,30-5,11816281 Fuel Tank Module,5,60022604,Draw Belt,,2,,
SANY p529 L6,30-5,11816281 Fuel Tank Module,6,60022614,Oil Tank Cover,,1,,
SANY p529 L7,30-5,11816281 Fuel Tank Module,7,60022607,Strainer,,1,,
SANY p529 L8,30-5,11816281 Fuel Tank Module,8,60022606,Draw Belt Pin,,4,,
SANY p529 L9,30-5,11816281 Fuel Tank Module,9,60006346,Thread Pin Shaft,,4,,
SANY p529 L10,30-5,11816281 Fuel Tank Module,10,60006348,Inner Hexagon Screw,,4,,
SANY p531 L1,30-7,60358718 Oil Water Separator,1,60358722,Filter Element,,1,,
SANY p533 L1,30-9,QDP005534098 Level sensor module,1,140504000155A,Fuel Sensor,,1,,
SANY p533 L2,30-9,QDP005534098 Level sensor module,2,QDP005525732,Hose connector(Φ10),,2,,
SANY p537 L1,31-3,QDP007088498 Transmission shaft system,1,A210404000012,Washer,,2,,
SANY p537 L2,31-3,QDP007088498 Transmission shaft system,2,A210319000021,Nut,,24,,
SANY p537 L3,31-3,QDP007088498 Transmission shaft system,3,A210114000120,Bolt,,22,,
SANY p537 L4,31-3,QDP007088498 Transmission shaft system,4,14498803,Rear Axle Drive Shaft Assembly,,1,,
SANY p537 L5,31-3,QDP007088498 Transmission shaft system,5,A210405000002,Washer,,2,,
SANY p537 L6,31-3,QDP007088498 Transmission shaft system,6,QDP007162443,Middle axle transmission shaft assembly,,1,,
SANY p537 L7,31-3,QDP007088498 Transmission shaft system,7,120102990043A,Nut,,4,,
SANY p537 L8,31-3,QDP007088498 Transmission shaft system,8,14035338,The Hanger Assembly,,1,,
SANY p537 L9,31-3,QDP007088498 Transmission shaft system,9,120101060069A,Hexagon Head Bolt,,4,,
SANY p537 L10,31-3,QDP007088498 Transmission shaft system,10,14498805,Middle transmission shaft assembly,,1,,
SANY p541 L1,32-3,QDP005514707 Traction and Towing device,1,QDP005514682,Draw Bar Hook Seat Assembly,,1,32-4,
SANY p541 L2,32-3,QDP005514707 Traction and Towing device,2,60207152,Bolt,,1,,
SANY p541 L3,32-3,QDP005514707 Traction and Towing device,3,61028566,Nut,,1,,
SANY p543 L1,32-5,QDP005514682 Draw Bar Hook Seat Assembly,1,13694353,Draw Bar Hook Seat,,1,32-6,
SANY p543 L2,32-5,QDP005514682 Draw Bar Hook Seat Assembly,2,QDP005514676,Bumper Connecting Board,,1,,
SANY p545 L1,32-7,13694353 Draw Bar Hook Seat,1,13694348,Draw Hook Seat Bottom Board,,1,,
SANY p545 L2,32-7,13694353 Draw Bar Hook Seat,2,13694349,Draw Bar Hook Seat Rigid Board,,1,,
SANY p545 L3,32-7,13694353 Draw Bar Hook Seat,3,13694352,Towing Hook Board,,2,,
SANY p545 L4,32-7,13694353 Draw Bar Hook Seat,4,13694351,Draw Hook Seat Rigid Board,,1,,
SANY p545 L5,32-7,13694353 Draw Bar Hook Seat,5,13694350,Draw Bar Hook Seat Rigid Board,,1,,
SANY p545 L6,32-7,13694353 Draw Bar Hook Seat,6,13840970,Draw Bar Hook Seat Rigid Board,,1,,
SANY p545 L7,32-7,13694353 Draw Bar Hook Seat,7,14027239,Stop Block,,2,,
